water_level_height_cm,rainfall_forecast_mm,air_humidity_percent,water_turbidity_ntu,trend_rising_6h_cm,flood_risk_score,flood_risk
7.6,0.77,42.55,217.58,-5.83,0.0,0
37.82,16.72,55.78,245.41,-6.59,5.66,0
23.49,11.15,48.31,216.47,-0.91,5.02,0
50.7,39.65,64.35,350.52,2.2,45.82,0
24.86,20.73,46.59,142.21,12.54,20.43,0
37.83,18.59,49.43,248.34,-8.33,10.84,0
33.65,44.49,54.96,258.98,0.56,22.78,0
3.62,2.44,43.39,163.54,2.68,0.0,0
17.32,7.77,61.45,243.19,-8.41,3.17,0
25.16,3.64,63.07,137.44,3.45,8.64,0
70.23,54.66,63.3,349.9,3.74,56.03,1
57.24,90.29,53.99,356.76,0.11,51.74,1
21.4,11.53,55.21,278.85,-0.35,0.69,0
53.04,22.98,48.91,278.26,-7.2,27.53,0
18.53,3.35,45.32,239.57,5.74,6.21,0
28.9,11.31,56.55,212.99,0.94,7.42,0
47.03,35.62,57.32,248.47,19.87,31.52,0
20.18,7.01,59.55,188.67,-10.55,0.0,0
35.5,6.71,64.37,230.0,-3.38,11.63,0
10.11,8.02,62.11,197.92,1.18,0.6,0
44.81,18.03,67.65,261.4,2.98,25.36,0
23.79,5.04,39.76,185.32,7.01,4.49,0
33.33,3.87,57.13,206.99,-5.47,0.74,0
9.84,11.64,42.92,140.11,2.11,10.12,0
61.85,54.66,65.68,323.34,3.91,45.36,0
75.34,165.4,62.67,592.36,8.03,81.33,1
21.41,12.31,44.17,242.66,4.0,8.23,0
38.28,34.59,50.65,262.17,-5.75,10.3,0
66.21,48.65,64.29,418.01,4.42,53.13,1
74.12,165.89,76.3,538.58,9.1,85.16,1
53.08,19.18,45.88,379.93,1.83,35.7,0
26.91,1.28,50.85,128.16,-3.72,0.0,0
39.6,6.08,45.52,182.05,-2.9,9.13,0
62.29,77.16,74.63,433.7,20.0,74.2,1
8.78,0.0,59.36,148.9,4.75,4.89,0
60.48,50.53,68.66,282.93,5.56,54.69,1
62.91,58.44,49.55,329.9,11.1,54.83,1
59.14,42.14,67.67,339.11,0.95,39.77,0
7.37,2.9,64.91,144.17,-5.64,0.0,0
22.73,14.4,49.29,201.14,2.39,9.44,0
74.06,53.54,62.88,457.79,-10.42,47.15,0
9.72,9.76,59.1,176.22,-0.54,0.03,0
13.78,20.55,64.14,259.76,0.77,21.82,0
56.42,31.32,67.76,300.71,5.42,40.79,0
30.33,2.46,47.88,188.39,-4.17,5.72,0
15.04,0.0,59.28,188.53,7.58,6.34,0
24.34,24.13,42.32,228.6,2.81,15.5,0
23.96,0.92,54.21,171.02,0.57,0.5,0
25.84,12.13,45.9,171.05,-2.8,2.75,0
10.08,3.58,43.2,115.64,-6.64,0.0,0
21.33,1.49,55.42,254.55,-1.81,0.0,0
64.86,80.95,75.21,426.01,-5.19,56.91,1
92.56,134.51,61.01,616.52,14.96,90.85,1
13.74,19.93,52.15,224.75,10.14,11.3,0
41.67,40.42,60.15,240.18,-6.21,27.22,0
15.43,29.71,50.34,212.21,4.1,19.35,0
12.67,2.15,53.71,233.98,5.15,4.59,0
91.41,104.59,57.99,498.2,6.65,75.69,1
80.49,152.71,75.05,492.4,0.84,78.67,1
17.03,4.19,62.37,138.98,7.34,7.62,0
28.9,18.19,62.14,231.6,-3.2,10.11,0
37.98,20.44,47.23,243.92,1.34,20.01,0
26.4,0.93,42.48,241.86,0.48,6.91,0
24.01,5.92,56.37,152.71,-4.69,0.0,0
27.24,6.08,61.32,254.96,0.06,11.15,0
54.18,20.71,60.73,331.26,3.54,40.65,0
43.66,37.9,57.16,291.4,0.76,21.18,0
30.52,8.03,43.66,165.23,-2.9,9.21,0
25.79,3.24,47.97,155.96,-4.74,0.0,0
33.54,17.95,47.82,236.63,-6.75,4.08,0
30.85,3.45,50.28,150.69,-1.45,3.23,0
40.86,6.81,46.56,243.97,2.79,15.97,0
38.79,30.69,45.65,332.06,8.66,27.36,0
23.53,11.16,41.79,185.75,3.04,7.75,0
60.24,88.86,75.88,327.86,4.92,60.91,1
68.21,63.42,52.61,358.5,12.16,63.83,1
79.0,119.97,58.01,431.84,7.79,70.03,1
30.51,1.35,65.74,206.4,-3.34,10.37,0
59.92,76.41,72.95,424.0,11.45,56.98,1
44.02,31.97,55.97,312.77,11.49,33.9,0
37.39,5.42,58.53,172.15,-1.93,9.64,0
39.1,1.5,58.98,274.46,4.18,11.81,0
62.36,65.49,63.15,362.99,2.87,58.61,1
34.0,1.2,56.2,178.41,-1.8,4.01,0
45.03,30.51,49.74,309.69,-1.62,21.99,0
53.63,49.27,59.86,356.56,3.37,44.79,0
31.0,0.0,63.12,221.43,1.16,12.52,0
7.23,7.4,42.93,184.96,8.49,9.37,0
10.61,0.0,51.37,99.36,5.19,9.38,0
16.67,5.03,60.9,106.41,-6.8,0.88,0
41.22,0.0,53.46,183.55,1.58,13.18,0
18.06,2.2,45.45,91.87,1.54,0.0,0
8.54,0.0,59.14,125.13,0.91,0.87,0
38.17,14.99,61.6,188.53,-1.91,12.42,0
39.92,23.63,44.16,294.08,7.34,22.87,0
39.8,9.6,55.35,211.2,-0.38,8.98,0
8.92,4.29,42.94,107.6,4.78,7.17,0
10.83,0.06,57.07,189.64,-12.43,0.0,0
7.54,1.21,57.84,155.99,-11.18,0.0,0
15.87,8.16,53.34,146.67,3.07,0.0,0
6.93,5.02,43.78,157.15,-0.97,0.0,0
21.81,8.9,48.04,205.22,5.34,7.18,0
9.81,21.32,50.01,221.34,-0.7,14.8,0
43.11,16.42,50.53,214.03,-1.04,17.81,0
23.42,0.0,58.48,179.14,3.22,1.05,0
28.43,4.08,46.37,200.92,-3.07,3.01,0
51.13,36.96,49.16,320.51,10.57,37.33,0
35.92,5.79,47.05,256.77,9.09,18.47,0
8.09,27.18,46.26,166.72,8.12,12.76,0
71.49,50.1,52.25,333.79,3.85,53.69,1
39.6,18.9,57.04,227.46,1.38,12.15,0
17.96,2.18,66.6,253.81,0.18,5.63,0
38.47,30.33,57.75,260.66,9.99,25.31,0
49.83,39.06,50.96,384.91,7.62,28.63,0
64.1,87.32,59.55,410.85,13.5,65.95,1
8.86,2.54,44.99,101.03,1.06,0.0,0
75.03,177.13,81.69,514.0,1.43,79.83,1
37.1,1.61,46.91,160.31,-8.4,6.78,0
69.48,147.58,72.37,520.6,2.02,69.05,1
10.1,3.6,62.59,169.21,-1.41,2.15,0
74.06,56.63,61.95,427.59,1.19,59.98,1
32.09,10.17,60.06,252.0,3.98,19.28,0
13.25,0.0,57.23,140.63,0.67,0.0,0
41.87,17.83,60.14,318.98,4.4,25.2,0
15.96,8.19,49.7,193.89,7.67,9.37,0
9.23,10.8,53.34,162.49,-2.96,3.25,0
55.32,20.13,55.39,378.27,-2.28,37.11,0
57.62,37.41,67.15,432.85,-8.47,29.24,0
29.34,16.89,47.61,266.86,-6.96,4.13,0
39.61,7.58,64.66,150.98,8.38,17.93,0
86.35,156.47,77.07,617.9,-1.61,75.85,1
9.64,11.05,55.54,165.07,-4.89,4.01,0
42.31,44.15,59.94,224.06,11.47,33.1,0
34.16,5.02,57.26,232.01,-14.09,1.44,0
53.02,21.18,60.92,185.25,5.8,37.89,0
12.89,4.02,44.7,102.9,-4.37,0.67,0
5.21,2.8,52.24,84.21,-1.35,0.0,0
31.16,2.1,46.95,230.53,0.57,9.12,0
25.89,11.89,50.51,209.22,3.21,9.76,0
46.22,13.14,55.83,247.52,-5.71,10.71,0
38.74,2.31,59.97,205.65,8.39,16.49,0
16.77,22.11,53.2,246.55,2.36,18.36,0
48.33,25.56,60.66,346.57,-14.29,24.88,0
9.4,2.35,60.5,184.64,-2.17,2.81,0
66.57,78.37,62.26,419.32,1.91,57.49,1
64.12,61.91,57.58,352.84,5.51,62.18,1
39.04,22.3,56.52,300.62,4.01,17.2,0
11.07,21.71,46.82,144.98,6.1,14.34,0
77.43,69.67,50.59,392.14,5.0,60.8,1
21.35,0.0,41.27,137.85,13.07,12.64,0
63.05,58.75,66.03,330.16,20.0,60.86,1
15.4,3.11,66.14,201.44,-2.19,4.74,0
50.83,24.96,69.08,228.86,5.76,40.12,0
57.28,39.92,64.93,299.11,0.2,40.91,0
23.78,2.78,51.85,221.07,5.45,10.69,0
28.54,16.75,42.56,175.63,1.06,3.57,0
64.33,66.49,52.7,347.85,14.7,61.01,1
62.59,44.37,69.3,254.59,6.28,52.88,1
30.98,12.77,54.21,209.95,0.0,14.45,0
35.99,28.07,55.91,183.15,-2.21,13.71,0
30.7,9.03,61.86,218.81,-3.15,9.95,0
65.69,61.48,56.53,327.07,-3.52,51.25,1
49.66,25.17,45.01,333.76,5.82,29.57,0
57.77,86.47,71.83,357.04,7.83,60.54,1
28.79,28.07,47.52,289.88,8.04,17.38,0
14.32,0.63,50.34,241.04,3.66,5.87,0
60.0,89.19,61.61,466.05,7.2,56.55,1
7.49,3.89,41.91,77.67,-0.06,2.25,0
69.39,60.78,50.75,311.21,2.25,51.24,1
9.07,7.27,44.1,106.71,0.41,3.47,0
55.47,31.6,67.11,380.81,-9.92,34.01,0
58.0,27.08,64.31,276.44,5.73,44.19,0
28.92,1.93,62.38,231.71,-1.34,10.07,0
17.26,11.67,61.56,165.19,-5.12,4.17,0
20.85,29.79,54.52,191.28,2.49,10.06,0
40.34,40.95,55.62,308.32,3.33,29.63,0
54.02,23.95,66.57,248.69,-3.61,37.72,0
57.45,72.34,56.05,312.71,6.14,46.07,0
10.83,2.36,46.78,213.4,0.19,1.64,0
52.59,34.5,59.49,299.2,-3.55,35.18,0
86.18,143.65,71.56,491.01,8.81,87.04,1
69.18,53.71,63.51,397.19,9.6,58.32,1
22.47,5.71,47.88,193.99,12.47,9.25,0
28.45,12.7,47.56,277.61,5.82,10.4,0
70.02,78.22,59.41,435.99,3.86,62.09,1
24.47,6.66,60.34,203.91,-1.06,7.36,0
17.38,6.94,60.24,209.93,3.12,8.63,0
77.52,138.05,77.68,438.75,6.74,74.85,1
48.45,39.89,48.6,327.05,2.65,25.68,0
50.85,30.02,65.97,283.65,-6.79,27.35,0
20.19,10.99,43.42,192.38,-7.05,0.25,0
54.43,24.46,63.73,310.41,4.65,39.82,0
11.32,3.97,39.22,148.05,-2.28,1.88,0
28.8,11.66,48.88,150.19,0.38,2.99,0
63.94,81.38,70.03,392.27,-1.74,60.75,1
3.69,6.45,49.7,121.68,-12.91,0.0,0
41.35,18.68,51.32,188.96,-4.52,12.35,0
63.35,74.88,65.39,336.11,4.12,45.84,0
25.74,8.99,48.88,249.77,-1.8,4.88,0
56.53,33.76,47.64,327.74,1.51,28.67,0
54.13,28.12,61.62,269.68,0.72,33.49,0
45.27,32.1,48.36,349.37,-0.96,25.13,0
3.74,2.59,40.75,210.9,1.75,2.24,0
33.91,7.13,58.27,189.25,0.13,8.88,0
21.78,16.84,49.21,167.67,5.66,7.09,0
35.34,33.31,57.78,261.5,-3.99,16.88,0
26.67,0.68,59.73,274.0,3.15,3.4,0
89.5,128.13,61.65,607.39,1.58,76.98,1
38.5,3.17,57.79,277.89,1.35,11.47,0
24.96,10.64,53.98,202.68,4.59,5.71,0
37.16,7.47,43.87,216.68,3.13,10.29,0
71.03,61.85,64.71,421.06,3.59,70.46,1
45.25,22.94,52.29,210.08,5.3,28.23,0
26.14,2.88,50.02,156.2,5.19,5.53,0
35.16,6.69,56.95,232.32,-2.68,7.66,0
55.32,64.54,55.62,364.33,12.29,54.18,1
17.09,6.97,50.8,177.82,-7.67,0.0,0
35.14,10.66,49.68,241.49,-2.0,15.22,0
88.73,156.78,62.36,568.4,9.69,88.54,1
45.42,29.33,65.96,242.68,10.27,30.07,0
24.8,17.26,57.88,174.44,2.35,2.85,0
9.3,7.56,51.48,92.32,4.9,2.7,0
31.3,0.99,61.22,167.17,-0.9,10.31,0
25.82,1.03,57.39,178.57,6.0,2.48,0
46.08,42.05,52.4,247.71,-0.28,28.62,0
31.5,2.05,47.61,300.37,-2.3,12.72,0
7.99,2.9,52.38,136.46,-3.37,0.0,0
36.18,6.07,57.11,186.49,-6.58,0.0,0
72.22,122.35,70.24,568.57,1.5,74.65,1
8.47,10.11,48.66,130.53,-4.85,4.43,0
49.73,22.91,50.87,318.52,-5.21,18.63,0
6.57,2.71,47.88,119.0,-10.11,0.0,0
68.46,84.74,55.02,355.57,10.64,64.3,1
31.39,8.34,53.58,175.94,-0.86,5.5,0
34.02,9.7,57.26,280.93,-0.88,10.07,0
65.59,47.81,56.3,350.57,-3.04,52.13,1
55.93,38.91,47.24,303.81,-4.3,30.17,0
54.13,17.7,48.4,213.5,8.91,36.43,0
38.02,2.12,41.24,228.43,-4.88,8.47,0
34.84,0.7,61.89,243.08,-12.14,8.89,0
22.85,10.76,53.84,116.52,-3.21,3.45,0
36.7,4.9,45.58,190.61,-10.18,1.83,0
17.76,5.81,46.25,147.4,-0.17,0.0,0
34.12,8.76,49.12,152.95,0.01,5.77,0
52.9,65.18,71.53,340.65,14.88,60.38,1
26.57,28.91,53.95,219.15,-2.14,10.98,0
18.28,3.92,51.74,224.71,-0.45,1.29,0
55.37,20.41,46.32,303.55,-3.61,29.12,0
58.77,40.62,54.88,268.28,7.18,44.23,0
5.82,2.45,52.39,177.74,-4.32,0.0,0
10.15,22.8,43.96,207.72,1.24,8.33,0
35.94,6.27,65.52,183.29,1.71,13.32,0
39.32,12.73,45.41,260.97,0.69,15.75,0
65.52,66.16,70.69,435.84,1.16,59.14,1
61.43,79.01,54.79,381.32,1.1,51.16,1
35.07,2.0,60.27,252.0,4.81,13.19,0
31.49,1.62,58.89,194.91,-0.64,3.27,0
47.21,41.32,65.91,302.7,1.23,36.7,0
25.7,29.09,46.12,214.57,1.16,8.52,0
35.97,31.94,66.0,182.41,1.06,19.29,0
38.94,23.93,68.25,210.28,-5.31,19.19,0
39.44,1.16,46.19,240.61,7.6,14.06,0
35.32,37.41,61.83,257.34,8.25,29.43,0
11.72,0.0,39.78,89.45,3.46,0.0,0
44.33,35.89,62.01,358.93,2.53,30.62,0
5.99,6.35,50.96,151.76,7.74,6.68,0
29.14,26.86,42.81,253.58,-13.0,5.07,0
18.67,1.3,47.9,226.54,12.23,15.1,0
63.28,40.19,66.56,324.06,3.48,48.58,0
36.58,6.7,63.09,157.1,3.35,9.58,0
12.0,9.05,43.18,126.21,-5.04,0.0,0
40.45,38.35,57.96,356.27,7.67,31.1,0
35.99,5.8,54.33,136.84,5.28,10.03,0
8.99,1.66,61.19,145.31,8.38,8.46,0
59.39,82.35,58.23,460.24,6.76,52.51,1
50.82,31.77,52.6,284.06,5.41,34.88,0
10.07,0.6,55.09,189.93,-4.92,0.37,0
54.48,49.3,64.44,343.24,3.5,45.42,0
40.32,49.72,48.87,318.41,13.31,41.93,0
34.05,16.04,61.72,215.38,-3.2,20.31,0
25.8,7.29,54.46,136.07,6.77,2.94,0
39.0,5.49,54.69,293.58,-2.23,7.25,0
89.9,130.7,62.95,578.01,0.45,74.74,1
33.59,8.16,41.77,179.25,11.08,13.92,0
14.47,13.72,44.44,274.59,3.66,7.24,0
15.66,0.0,62.01,123.5,-8.76,2.18,0
37.14,15.9,67.42,179.51,1.91,14.35,0
26.53,3.56,52.71,259.97,-4.49,0.41,0
34.81,7.95,59.79,209.73,-1.5,9.65,0
28.48,12.72,58.51,201.06,2.64,12.09,0
67.32,53.96,58.75,406.68,5.11,54.18,1
31.8,10.7,53.86,224.84,-1.31,12.19,0
7.14,6.94,44.48,206.41,-0.83,1.23,0
70.01,74.72,48.78,357.0,4.96,62.13,1
17.71,5.22,50.98,196.26,-1.48,0.0,0
23.46,0.0,63.72,119.79,5.26,9.13,0
15.12,4.23,44.87,196.58,-1.2,0.31,0
5.7,18.6,65.08,243.18,-1.03,12.83,0
57.76,52.79,64.33,375.55,0.89,45.99,0
30.4,17.82,43.87,229.47,3.62,16.54,0
16.56,2.46,50.04,213.36,0.17,2.54,0
4.67,7.63,50.57,105.52,-4.72,0.0,0
13.85,7.61,47.49,233.32,-0.66,0.47,0
32.07,3.25,65.02,186.28,2.55,12.07,0
29.16,14.97,67.01,264.03,12.02,23.97,0
58.52,42.33,63.92,363.94,-6.12,41.4,0
30.77,5.3,46.82,230.41,-7.0,2.69,0
43.61,23.69,58.16,327.88,0.89,18.78,0
34.85,0.0,45.59,162.1,3.91,9.01,0
39.92,14.8,64.93,295.13,1.33,18.5,0
23.84,4.29,46.18,256.52,4.52,4.81,0
64.78,46.85,58.79,348.35,2.16,46.36,0
10.84,2.38,41.58,152.05,-2.27,0.0,0
56.34,32.03,56.43,313.23,5.05,38.62,0
12.34,8.05,55.15,208.59,-6.33,1.92,0
12.43,15.36,66.09,259.01,-4.61,12.3,0
37.84,0.74,39.69,226.96,2.53,12.32,0
71.74,76.13,57.91,426.41,11.28,68.99,1
35.1,0.0,51.56,206.04,2.15,8.51,0
62.05,61.33,61.35,440.22,5.85,62.78,1
53.48,16.4,43.8,272.54,0.6,27.81,0
49.67,31.79,47.43,235.59,0.3,25.67,0
44.27,25.06,65.53,330.08,-0.49,26.69,0
70.28,71.85,64.24,360.78,3.71,65.18,1
7.35,0.0,50.94,148.5,2.82,2.38,0
39.62,18.73,52.41,208.01,-3.91,11.67,0
13.87,2.86,56.67,120.68,-2.08,0.0,0
32.27,10.26,50.06,232.38,4.9,17.09,0
43.89,29.31,56.66,245.02,2.67,24.51,0
37.4,11.84,53.09,316.25,-3.21,16.92,0
37.58,11.02,60.83,263.41,9.79,26.13,0
14.6,5.77,55.84,200.88,-0.77,4.78,0
9.84,8.22,52.44,102.16,4.32,4.2,0
59.82,42.78,50.89,255.71,3.68,36.36,0
27.56,29.05,50.74,343.3,5.23,17.8,0
12.76,0.78,52.9,222.4,3.43,9.9,0
36.77,7.63,63.96,275.7,1.33,15.88,0
64.13,57.77,68.08,344.5,8.66,53.33,1
47.52,31.69,52.97,323.27,5.06,29.75,0
9.96,3.08,50.71,174.15,-2.42,5.35,0
32.47,10.64,59.68,283.92,-0.76,15.86,0
68.03,70.21,62.27,341.13,1.64,53.85,1
39.32,12.37,60.73,218.6,-5.93,8.05,0
5.87,3.67,60.88,64.38,-6.24,1.85,0
28.3,6.69,61.12,154.12,1.27,3.13,0
56.75,24.21,54.14,357.99,4.34,41.85,0
18.38,10.01,41.98,114.01,3.12,7.86,0
18.96,5.33,46.9,196.1,-2.05,5.49,0
29.43,10.84,49.13,261.25,-6.18,3.96,0
17.41,3.08,44.95,132.57,-8.84,0.0,0
44.73,20.35,60.57,237.2,-9.12,25.61,0
46.36,35.66,48.62,289.38,4.95,25.01,0
15.54,2.48,44.96,191.7,9.62,9.88,0
17.65,16.3,49.13,141.89,7.24,9.39,0
16.9,5.75,53.17,255.46,2.72,4.97,0
45.59,15.68,48.69,243.63,-3.1,24.85,0
40.46,46.09,54.58,329.1,3.34,26.3,0
29.78,18.31,66.57,268.99,6.45,15.81,0
28.97,0.61,53.37,264.47,14.24,11.1,0
5.83,13.6,42.76,147.59,6.71,6.62,0
69.05,85.91,53.72,414.02,0.41,54.95,1
13.11,0.0,65.34,171.85,-0.74,4.12,0
71.89,60.04,51.43,439.68,6.37,66.07,1
5.89,44.22,57.39,168.85,11.06,20.85,0
56.25,40.94,59.72,386.18,-6.37,41.68,0
51.99,18.19,67.84,285.18,10.26,37.82,0
56.22,40.48,51.62,244.08,2.1,36.31,0
82.24,171.92,84.87,580.79,10.29,93.29,1
50.37,42.05,68.24,308.97,12.52,54.05,1
76.98,121.85,75.0,520.45,11.98,86.05,1
9.41,8.19,42.15,169.43,-3.92,0.0,0
24.41,0.93,52.27,108.16,-2.18,2.8,0
52.84,35.24,70.26,374.99,-8.89,37.06,0
31.76,0.96,48.29,266.42,6.58,14.84,0
69.26,83.63,51.35,439.06,9.09,60.86,1
45.86,35.19,48.77,347.67,-1.36,26.37,0
13.91,9.14,53.89,191.36,4.6,2.84,0
38.79,37.51,58.86,259.2,11.3,23.71,0
11.64,27.09,43.79,161.41,-2.84,12.16,0
35.86,19.07,58.63,234.36,1.26,13.76,0
12.07,1.19,50.35,218.74,7.59,7.08,0
38.93,34.64,50.91,323.54,11.28,23.55,0
30.04,15.63,63.65,209.2,-0.38,22.2,0
16.82,7.6,59.99,229.11,5.93,9.99,0
17.11,2.03,48.78,139.77,13.86,10.12,0
34.24,35.49,58.42,224.22,-1.76,13.92,0
74.15,80.08,58.11,375.84,8.37,70.5,1
27.93,1.2,60.98,120.08,-0.15,6.7,0
55.94,41.73,45.93,306.06,0.11,37.3,0
24.16,5.34,47.8,247.23,-2.38,0.0,0
21.62,9.32,43.67,218.71,-0.84,1.22,0
39.99,27.61,46.18,219.9,-10.92,8.37,0
60.43,43.86,63.26,378.12,5.81,58.37,1
51.38,26.41,62.86,251.65,-4.56,41.48,0
52.84,21.33,66.19,266.45,-0.6,30.1,0
17.65,3.62,57.76,205.24,-0.6,1.79,0
21.8,0.49,55.96,239.46,-2.27,0.55,0
50.16,16.09,53.56,302.0,7.62,31.32,0
14.53,2.12,53.27,244.64,-6.04,0.0,0
15.25,3.38,61.23,229.16,-7.2,5.04,0
76.26,137.43,73.48,478.68,9.59,84.25,1
29.63,4.91,51.81,220.94,5.01,11.36,0
18.17,16.03,53.24,188.51,7.07,7.85,0
36.91,11.99,62.44,225.63,4.34,11.85,0
37.06,6.5,43.42,166.11,-6.78,1.58,0
5.29,36.5,46.4,208.2,7.78,16.86,0
5.47,5.63,43.12,124.83,-2.44,0.0,0
19.63,7.98,41.54,115.83,-5.96,0.0,0
70.59,52.44,67.61,479.73,8.3,68.04,1
54.37,35.16,57.38,396.74,10.91,43.39,0
48.2,38.05,62.47,253.0,10.56,34.06,0
7.35,14.86,57.45,185.93,-2.16,6.4,0
52.14,36.7,59.78,259.49,8.1,42.95,0
30.16,15.48,60.02,213.41,-3.3,18.66,0
91.2,95.65,59.35,469.86,11.08,73.14,1
57.34,30.94,48.62,327.23,-2.68,28.8,0
63.17,66.25,52.61,471.36,9.87,64.93,1
31.85,8.43,61.41,149.44,0.22,13.54,0
30.78,0.75,63.58,226.28,4.52,16.28,0
65.89,42.08,69.02,381.0,9.9,53.91,1
33.93,2.09,59.49,198.8,6.96,10.44,0
29.98,1.24,52.85,195.99,7.54,3.5,0
30.58,12.19,62.27,245.92,3.37,19.41,0
22.45,2.29,56.76,184.0,-7.83,0.0,0
19.18,21.06,58.49,195.72,3.34,8.06,0
63.86,47.97,68.2,414.99,15.79,56.11,1
71.42,44.0,49.17,346.47,1.34,49.93,0
9.23,13.97,61.62,203.23,2.18,13.13,0
35.62,7.06,60.59,150.56,-4.35,9.64,0
63.02,82.9,70.28,384.5,6.18,66.06,1
36.42,40.66,55.35,249.57,1.01,24.87,0
36.36,3.9,45.59,272.47,5.1,12.79,0
11.1,6.46,49.47,140.38,4.6,1.22,0
37.31,7.41,61.71,242.78,-4.72,11.54,0
7.99,4.45,64.87,135.57,5.42,9.28,0
33.26,2.84,43.25,161.12,8.76,11.75,0
16.71,0.25,60.18,110.59,5.46,12.62,0
93.35,113.97,69.22,594.83,4.51,82.23,1
58.91,80.8,64.34,343.82,-0.15,43.21,0
17.86,7.23,43.62,256.72,3.38,5.56,0
31.93,2.94,45.09,259.72,1.55,12.9,0
25.55,5.92,52.68,194.11,4.35,0.0,0
79.93,118.05,66.51,484.11,2.92,74.09,1
27.4,4.02,65.44,207.84,-13.22,0.95,0
17.28,28.97,50.94,156.89,3.1,8.32,0
69.81,152.99,63.8,513.91,-5.84,54.77,1
51.2,33.06,56.51,298.94,-9.16,27.79,0
15.0,4.81,58.02,114.82,12.3,12.69,0
19.4,0.0,55.41,161.27,0.8,3.7,0
88.26,136.09,65.08,549.4,0.63,74.22,1
9.02,3.21,44.51,253.06,9.17,8.63,0
40.58,20.87,42.03,175.45,-5.18,12.32,0
57.53,87.57,56.07,403.65,-4.41,50.6,1
40.22,9.08,50.76,173.37,10.56,20.52,0
42.48,37.63,53.46,333.2,5.06,30.58,0
47.79,27.54,52.39,345.59,-4.73,25.21,0
28.03,0.65,65.29,240.17,-6.6,0.6,0
4.3,18.38,63.4,221.91,-5.54,11.02,0
24.66,0.78,59.58,133.63,0.48,0.85,0
51.23,42.11,51.5,318.13,1.41,36.47,0
38.14,19.73,48.69,213.35,11.98,19.17,0
47.91,39.8,63.84,312.1,-1.3,21.76,0
75.42,145.82,62.94,491.35,-0.27,69.52,1
29.33,3.11,50.94,301.53,2.05,7.41,0
25.24,2.78,51.35,194.28,-2.96,1.96,0
23.44,8.47,60.8,144.21,-3.69,5.06,0
38.04,31.4,49.0,342.66,3.3,21.32,0
20.86,6.8,52.8,97.85,-4.81,0.0,0
55.64,74.04,65.55,420.95,6.26,56.27,1
54.31,68.45,62.52,412.83,5.05,55.91,1
10.18,13.71,62.15,146.4,4.75,13.93,0
36.66,4.25,41.37,296.2,4.68,9.9,0
14.92,1.91,45.99,193.97,-1.27,0.0,0
20.39,0.9,59.12,115.4,1.87,4.35,0
28.9,7.39,46.53,216.39,6.53,4.84,0
16.61,10.65,45.13,240.03,1.02,5.95,0
71.29,172.59,62.66,620.29,13.42,81.98,1
40.21,5.07,56.92,221.8,1.82,17.13,0
20.29,8.17,64.66,226.59,7.99,11.51,0
27.63,8.46,45.67,293.57,4.1,9.84,0
33.62,16.08,43.14,309.65,0.69,13.5,0
3.26,16.55,49.17,204.77,1.04,7.43,0
18.13,8.67,55.51,177.98,8.28,10.17,0
81.49,159.49,66.63,609.9,6.51,82.13,1
29.71,5.9,47.92,191.86,1.49,0.0,0
6.6,8.82,45.55,124.64,4.78,1.4,0
65.44,58.53,52.61,373.6,3.07,46.55,0
40.29,8.94,49.37,216.04,-4.51,11.42,0
28.93,5.95,44.02,148.67,-8.72,0.0,0
15.73,5.26,47.67,109.13,7.63,3.44,0
45.51,21.17,39.99,309.71,1.93,22.35,0
25.49,20.0,55.29,292.16,0.49,7.54,0
25.48,8.64,45.08,145.45,-1.15,0.0,0
29.54,1.62,56.04,160.2,-0.22,3.26,0
75.94,109.06,56.66,555.33,0.74,68.04,1
10.78,1.86,58.74,90.15,5.04,7.68,0
19.48,6.63,44.0,187.03,6.52,3.05,0
91.23,135.53,79.38,656.49,7.54,87.07,1
61.85,69.36,65.94,479.17,4.26,63.79,1
25.39,9.88,46.84,180.72,-4.51,1.42,0
56.18,40.79,44.19,260.43,2.66,41.05,0
69.56,59.54,72.0,431.34,15.0,63.52,1
23.16,4.71,66.56,239.95,2.22,12.13,0
9.43,4.75,51.87,112.44,4.03,0.0,0
19.52,7.47,60.58,152.28,4.41,2.81,0
24.27,0.29,64.79,219.08,-1.33,12.68,0
23.78,14.51,37.22,124.0,4.66,1.69,0
18.67,2.9,49.35,216.4,-0.13,7.96,0
23.28,1.78,57.92,174.61,-1.14,3.25,0
40.32,22.29,48.3,237.02,-7.36,21.31,0
10.41,20.22,66.76,208.31,-8.41,10.65,0
8.04,4.17,61.33,162.16,1.52,3.52,0
40.41,33.69,63.87,230.71,5.65,30.5,0
16.48,3.83,47.31,97.97,-3.6,0.0,0
29.39,10.81,57.8,186.7,0.77,3.25,0
26.68,0.75,59.96,201.05,2.75,5.6,0
65.71,42.17,45.83,315.37,4.93,47.83,0
30.04,26.69,64.16,250.17,7.14,26.19,0
24.87,0.58,40.91,146.72,-7.71,0.0,0
26.89,1.22,46.22,209.9,-3.55,2.24,0
39.58,38.05,60.42,351.7,6.21,24.55,0
65.18,86.66,60.07,442.75,8.07,66.78,1
55.25,52.47,62.56,348.6,6.69,45.31,0
7.73,2.93,39.13,97.7,-7.59,0.0,0
9.4,2.71,51.75,70.08,-15.09,0.0,0
34.82,34.75,51.47,195.89,4.15,19.18,0
4.36,13.17,41.85,186.75,-0.31,3.8,0
37.3,10.85,47.1,198.16,-1.49,8.52,0
37.57,43.6,49.22,370.23,4.24,27.79,0
60.21,84.57,61.89,429.64,13.15,64.47,1
12.3,6.03,61.95,105.68,6.81,8.25,0
34.25,1.27,42.27,126.26,-0.66,9.86,0
18.08,11.78,53.78,104.44,-1.86,1.89,0
56.92,21.38,56.22,382.06,4.96,36.6,0
91.03,96.2,67.44,513.09,3.53,75.76,1
11.67,7.8,45.55,222.42,-0.74,5.36,0
17.81,22.91,53.4,147.23,4.92,11.39,0
51.25,26.62,58.43,246.37,7.98,38.55,0
21.41,3.02,42.64,101.09,0.31,0.0,0
12.64,5.73,62.39,126.76,-4.93,0.0,0
59.09,73.47,53.39,316.81,13.79,54.52,1
12.18,2.73,54.57,166.2,-2.97,1.3,0
33.53,10.28,64.78,181.21,-8.37,7.61,0
65.48,41.25,66.32,405.23,-0.15,55.74,1
53.67,41.13,72.04,373.78,0.21,48.72,0
24.85,12.7,49.68,261.55,-2.43,4.16,0
69.46,51.14,62.67,397.76,-3.78,53.56,1
27.56,5.19,58.25,132.07,3.14,2.21,0
35.86,16.47,60.01,213.63,3.97,20.18,0
15.81,5.22,49.44,214.84,6.37,5.67,0
35.67,10.69,53.73,290.41,0.62,7.72,0
28.93,19.81,53.82,197.97,6.32,9.78,0
66.37,54.02,55.43,302.75,8.88,52.63,1
44.79,44.56,53.77,287.3,-0.79,29.51,0
17.55,25.41,67.72,235.09,4.49,20.35,0
5.27,12.13,39.07,121.7,4.51,1.97,0
31.59,20.04,55.41,210.81,-1.23,12.0,0
52.25,25.53,51.11,274.38,4.86,32.96,0
30.15,5.99,42.62,189.12,1.34,3.88,0
87.44,80.6,74.37,420.86,18.39,81.62,1
4.95,5.07,61.04,105.6,2.81,5.12,0
15.13,3.8,45.03,185.04,0.72,0.6,0
15.53,9.27,43.73,170.42,-2.76,1.55,0
34.66,1.63,64.1,273.07,2.46,13.14,0
22.73,11.22,48.71,220.69,-6.82,7.22,0
41.12,31.73,58.24,272.97,4.44,23.3,0
57.17,17.84,65.91,261.71,-4.03,29.51,0
6.06,2.68,58.52,178.75,2.9,0.0,0
21.66,3.46,64.83,214.08,-4.11,3.09,0
36.19,42.03,52.18,250.92,5.1,31.16,0
39.73,36.63,44.8,342.27,1.28,15.67,0
18.5,1.02,51.49,217.43,-1.52,2.87,0
54.33,43.81,53.4,370.51,4.1,40.75,0
36.05,10.44,39.33,260.93,1.38,10.08,0
55.06,25.18,59.53,320.22,-5.17,23.1,0
71.53,78.92,61.84,380.58,4.06,69.64,1
24.99,0.0,57.94,255.84,9.59,9.82,0
35.22,2.99,52.63,240.17,0.17,9.51,0
22.5,2.62,58.32,202.46,3.11,4.49,0
52.23,18.96,58.8,252.63,1.38,29.41,0
64.51,47.14,58.0,336.81,0.68,44.66,0
31.26,7.11,42.77,208.82,-2.35,8.55,0
55.39,17.99,59.55,253.72,-4.87,26.32,0
69.9,77.89,56.22,398.02,-6.76,47.15,0
26.2,9.83,57.96,125.28,-7.15,0.0,0
56.4,33.63,55.87,351.77,5.63,35.56,0
60.36,68.89,55.78,391.2,6.72,55.62,1
27.56,5.44,58.54,157.16,2.94,0.0,0
38.72,14.84,44.6,253.57,6.1,18.39,0
23.97,3.2,61.88,127.88,-6.07,0.0,0
36.28,15.6,51.21,179.67,-4.02,5.47,0
68.51,69.74,58.83,384.4,2.8,60.84,1
30.39,2.83,59.04,258.2,-2.34,9.47,0
27.5,10.24,62.27,163.01,4.79,7.87,0
38.29,0.62,55.27,128.61,3.19,10.74,0
9.36,6.88,38.84,124.16,-1.65,0.0,0
32.14,0.96,63.06,190.07,2.97,8.35,0
39.79,9.37,55.5,176.32,1.4,3.69,0
70.0,81.94,56.01,420.52,10.86,63.06,1
24.35,4.23,50.85,138.83,-2.39,0.0,0
50.07,43.62,69.95,336.64,1.59,39.2,0
22.55,0.98,49.19,234.02,-3.97,2.25,0
65.94,72.39,64.43,447.27,4.59,57.49,1
35.22,9.33,56.66,198.35,5.38,11.27,0
23.71,9.34,67.06,244.62,1.62,7.05,0
13.73,4.54,51.4,119.66,-0.41,0.0,0
57.29,24.52,56.56,342.05,-8.49,32.38,0
4.81,3.68,56.28,207.73,-6.37,3.19,0
14.83,7.57,64.83,215.77,8.38,16.22,0
30.71,18.49,56.76,177.07,-2.73,14.2,0
14.97,4.26,39.84,198.99,9.24,11.27,0
14.57,0.0,55.25,120.29,0.71,0.74,0
13.99,3.18,61.81,188.95,-2.88,4.46,0
38.35,18.19,48.6,264.17,2.56,14.46,0
53.23,20.84,61.08,359.06,-2.33,36.58,0
65.19,52.55,58.44,402.6,8.1,57.5,1
22.46,16.19,44.31,159.85,-5.6,0.0,0
13.84,0.12,49.46,120.37,-7.77,0.0,0
23.76,0.0,54.65,232.32,-2.91,0.0,0
73.32,37.77,63.78,385.25,-1.44,54.1,1
24.9,0.0,56.29,127.21,1.64,0.0,0
74.53,155.96,60.58,537.24,2.3,76.91,1
61.82,40.87,47.08,375.64,3.18,52.59,1
46.31,41.41,69.59,292.17,-9.93,29.56,0
32.68,12.33,49.38,179.63,-1.71,14.34,0
83.19,139.46,61.56,535.71,4.21,78.31,1
37.36,41.34,54.62,231.29,-4.22,22.68,0
16.61,5.76,65.67,236.81,-3.27,2.28,0
36.64,20.47,64.32,238.36,5.54,24.65,0
22.59,1.29,50.11,192.39,-3.41,0.0,0
89.83,118.68,70.48,467.3,14.25,91.11,1
34.66,1.73,41.78,213.02,7.84,15.57,0
15.79,15.33,44.84,223.59,-0.1,3.28,0
27.9,5.07,45.23,147.33,-4.22,0.0,0
53.29,26.41,52.99,261.0,8.75,40.52,0
11.16,9.62,46.21,120.4,5.29,4.37,0
69.33,86.09,75.18,475.2,3.05,63.39,1
60.7,57.26,58.36,290.72,-0.62,44.73,0
22.65,9.82,63.18,207.03,-9.59,4.17,0
23.77,6.33,45.02,133.46,-3.78,0.14,0
31.68,6.55,58.05,242.39,2.62,18.65,0
37.92,39.76,55.94,287.6,3.51,17.04,0
50.64,14.01,55.75,206.58,12.01,35.95,0
50.85,26.13,63.26,365.14,9.61,45.79,0
37.18,13.41,56.21,152.09,-6.7,3.3,0
76.96,151.18,61.9,553.32,3.98,74.94,1
33.07,10.48,44.45,164.38,13.4,18.98,0
55.12,42.41,54.08,398.17,2.17,44.33,0
32.54,0.95,64.79,252.48,0.72,12.49,0
70.98,39.4,48.91,444.72,6.95,55.25,1
51.56,13.73,59.59,246.86,3.33,30.62,0
8.37,3.09,48.81,169.58,4.36,3.58,0
6.04,22.89,63.03,158.4,10.52,24.56,0
61.14,88.45,50.5,437.94,5.24,61.46,1
36.93,33.38,46.18,233.3,4.01,14.29,0
18.99,4.25,63.73,236.2,2.21,9.64,0
23.63,0.05,39.21,115.35,-3.28,3.91,0
10.47,8.84,60.37,147.72,-6.71,0.61,0
38.96,18.52,46.03,243.32,-1.32,13.85,0
44.76,43.06,45.16,258.43,-0.61,29.56,0
11.04,15.64,51.5,166.49,5.74,11.9,0
22.62,1.01,65.07,156.08,3.07,4.0,0
49.1,45.12,68.04,251.2,-2.06,36.82,0
49.87,20.26,62.38,205.49,3.37,27.86,0
52.11,34.44,66.01,288.1,-4.62,36.28,0
43.31,26.75,69.65,224.3,2.13,30.13,0
36.71,21.97,49.99,207.05,-3.58,17.5,0
22.87,0.0,49.04,106.0,2.46,1.32,0
55.53,26.56,47.92,291.47,3.22,31.88,0
22.63,3.15,39.62,110.48,3.9,2.01,0
19.59,8.73,60.47,119.42,2.63,3.86,0
25.88,12.31,45.27,257.46,0.73,12.29,0
85.68,166.84,63.74,608.68,6.85,82.09,1
40.28,17.72,62.55,236.49,-10.24,21.7,0
28.34,1.67,42.34,223.6,-13.37,0.0,0
48.32,32.7,56.56,332.09,0.67,22.94,0
24.72,7.13,57.85,173.1,1.96,0.0,0
57.44,70.39,58.5,399.57,7.62,52.52,1
69.89,118.06,57.02,412.93,0.93,59.67,1
39.02,40.66,51.61,242.96,-5.03,17.4,0
40.86,40.0,65.51,258.74,11.43,39.25,0
9.43,3.25,44.84,233.37,2.51,5.44,0
23.38,14.66,48.76,179.63,1.18,4.61,0
60.58,67.89,50.16,374.6,6.63,58.77,1
34.27,41.88,56.98,228.65,-4.65,22.29,0
13.31,8.89,42.51,222.61,4.07,2.94,0
49.89,24.32,49.16,299.77,2.73,24.7,0
24.43,7.36,44.33,214.65,5.52,9.71,0
43.5,19.38,48.81,340.32,2.52,19.66,0
6.91,3.12,48.92,176.42,-5.18,0.0,0
65.21,67.69,62.64,412.53,8.41,63.77,1
50.68,25.42,58.03,273.23,-0.3,31.86,0
76.01,87.48,73.3,501.17,7.44,76.09,1
84.99,137.54,64.19,515.45,10.95,87.17,1
44.68,31.11,58.52,275.43,0.32,20.86,0
72.52,50.58,64.93,457.38,-4.64,59.2,1
54.0,28.17,54.81,306.75,9.78,38.42,0
67.03,62.8,59.45,426.81,1.96,51.87,1
55.97,25.72,52.14,339.62,5.86,33.55,0
10.8,1.88,44.09,82.98,-5.02,0.0,0
8.38,1.97,48.41,218.56,-3.69,8.78,0
60.82,53.01,56.99,419.71,1.83,47.11,0
26.74,11.93,50.52,299.49,-3.78,8.59,0
23.28,3.1,46.42,204.61,-4.07,0.0,0
22.07,3.28,55.7,110.51,1.99,0.0,0
58.55,36.75,45.8,243.72,-4.46,28.34,0
46.33,36.33,47.84,314.85,-2.09,18.18,0
30.32,2.91,61.42,185.43,-2.94,10.26,0
7.77,7.01,59.88,200.4,-6.36,0.0,0
26.49,4.99,52.69,219.34,-9.34,0.0,0
19.68,1.65,45.21,205.02,-2.57,2.74,0
71.09,40.02,51.01,409.19,3.24,57.2,1
16.2,8.45,65.83,100.34,7.1,3.14,0
27.17,29.61,56.84,280.02,0.23,8.98,0
35.26,2.17,55.01,262.42,1.08,12.33,0
50.19,25.16,54.09,257.11,-0.99,32.4,0
22.95,0.0,51.29,127.68,1.49,0.0,0
15.61,1.62,46.93,174.96,2.7,0.56,0
9.1,2.31,51.72,93.05,-4.7,2.71,0
68.35,85.88,68.5,383.74,0.17,55.29,1
83.82,156.61,78.72,518.39,2.48,78.85,1
25.87,16.53,48.39,238.35,1.86,8.72,0
43.8,32.58,63.98,205.01,8.7,32.34,0
33.58,0.13,50.78,192.66,5.44,15.98,0
82.22,171.0,77.11,646.31,-0.38,80.37,1
40.06,37.21,52.65,227.13,2.34,21.54,0
35.65,3.17,62.91,249.87,-1.69,12.04,0
62.46,66.35,69.09,422.27,-1.96,61.59,1
38.14,1.96,47.33,245.28,-6.11,0.68,0
50.27,26.76,62.64,242.29,-5.98,34.74,0
44.15,18.75,52.02,209.72,0.05,24.04,0
34.7,1.2,63.06,170.21,2.46,10.86,0
38.37,5.24,62.87,151.33,6.38,13.0,0
20.48,1.81,65.35,137.32,-1.39,4.96,0
19.93,25.67,57.5,254.42,-2.76,13.31,0
36.27,4.67,50.99,281.94,1.04,9.52,0
21.71,2.68,46.0,229.88,4.66,3.56,0
10.79,15.02,51.77,262.76,12.59,16.88,0
28.35,0.0,61.67,133.42,1.84,4.11,0
25.98,6.1,55.91,252.32,-5.97,0.86,0
59.41,31.06,67.25,339.02,5.61,42.18,0
34.67,3.76,41.33,163.46,2.51,6.35,0
12.5,0.96,49.22,93.76,-5.31,0.0,0
69.09,82.47,54.47,405.11,7.26,59.95,1
54.34,20.94,42.77,310.74,-0.4,26.48,0
11.91,1.78,67.81,160.82,2.18,5.91,0
18.37,2.94,52.39,207.43,5.14,8.31,0
33.15,8.05,50.02,285.87,-2.95,11.56,0
27.06,13.25,57.11,256.25,-10.52,0.0,0
71.57,111.33,71.39,420.47,3.2,75.29,1
63.31,70.29,72.25,393.12,7.87,66.77,1
28.69,6.65,49.62,168.45,-1.71,0.0,0
69.64,168.84,82.99,553.26,9.34,80.6,1
7.08,5.88,57.45,159.61,1.1,0.7,0
51.88,31.21,62.13,343.77,-0.71,35.56,0
40.63,38.45,53.21,241.55,1.66,18.86,0
56.49,59.24,49.9,254.78,2.69,35.09,0
61.24,83.61,64.45,343.5,19.72,67.48,1
34.38,29.33,60.87,331.19,8.91,28.16,0
76.93,116.08,64.11,429.5,5.26,76.81,1
6.96,24.26,62.42,172.45,6.12,15.43,0
4.61,7.77,46.78,163.71,3.92,3.25,0
41.13,17.57,54.57,244.77,-2.38,15.65,0
10.45,5.42,63.2,106.99,2.39,8.37,0
8.1,27.46,62.92,118.89,1.62,11.41,0
73.45,54.23,68.17,313.34,4.91,59.45,1
18.9,2.58,50.2,211.39,-7.86,0.0,0
34.68,6.91,61.39,136.35,4.03,15.37,0
68.05,87.93,53.75,375.7,4.53,53.63,1
34.37,0.0,62.32,246.84,-1.5,11.54,0
38.29,19.17,66.23,280.47,2.71,25.4,0
24.72,5.21,48.47,265.41,-2.23,0.0,0
5.83,4.06,50.89,170.03,-1.97,2.98,0
6.62,2.43,45.57,124.63,-3.23,1.68,0
73.84,148.49,68.56,566.36,3.14,75.9,1
18.21,4.76,52.23,168.8,-0.47,4.33,0
21.76,9.16,53.6,168.95,-6.05,0.0,0
21.59,2.24,49.52,163.62,1.04,1.95,0
25.56,2.55,50.79,149.42,-5.05,0.0,0
15.25,21.75,43.88,175.89,9.39,15.54,0
67.36,85.49,65.03,431.56,9.83,67.07,1
70.97,143.41,60.62,479.96,12.61,77.54,1
15.38,0.0,58.98,103.24,-0.58,1.53,0
31.81,11.72,54.13,210.48,2.37,15.02,0
29.23,5.51,59.7,256.73,3.06,3.42,0
19.25,5.2,58.6,134.31,-1.6,1.82,0
23.16,3.77,64.38,163.77,3.13,8.39,0
84.4,115.81,67.19,572.42,6.56,83.45,1
25.64,6.97,49.99,121.31,1.22,0.0,0
69.09,82.81,67.65,473.03,11.59,67.23,1
52.13,18.59,45.52,284.11,2.87,22.78,0
53.54,28.28,53.63,341.12,-0.99,31.15,0
56.15,19.39,48.8,296.01,4.39,29.88,0
23.52,1.18,60.29,152.06,-3.07,6.96,0
38.5,30.87,51.76,201.99,-0.4,15.63,0
71.28,68.02,64.79,433.66,-0.66,63.5,1
37.56,8.44,52.33,211.98,1.51,8.85,0
46.93,46.0,56.23,227.28,-2.14,29.93,0
7.14,10.43,62.35,236.93,5.45,10.75,0
21.93,4.11,60.36,147.58,-3.64,4.44,0
15.51,23.57,65.42,211.14,8.54,23.49,0
38.42,30.52,64.66,184.91,7.07,26.22,0
34.88,0.98,53.84,160.41,-3.97,0.0,0
52.23,35.41,55.43,241.15,3.03,29.49,0
37.48,0.0,56.68,162.62,-1.02,3.94,0
7.07,15.37,64.94,193.53,-3.06,6.27,0
95.01,145.15,75.43,544.92,3.5,84.09,1
54.61,86.04,74.13,365.65,8.43,65.48,1
13.46,2.91,61.75,96.93,4.81,3.26,0
52.98,42.73,60.93,289.09,-2.24,40.21,0
63.58,82.92,64.04,356.33,-0.23,48.95,0
28.86,9.94,64.22,205.85,7.25,12.64,0
55.87,34.1,65.89,321.9,6.19,41.97,0
41.45,2.42,56.92,327.41,-4.47,16.5,0
34.79,1.55,46.44,196.7,0.54,4.09,0
8.26,2.88,60.48,141.68,-4.42,6.12,0
27.86,13.94,63.24,194.41,7.37,14.94,0
21.46,19.2,51.8,246.11,-0.58,9.01,0
15.03,3.56,47.51,203.64,4.68,4.33,0
44.87,20.79,56.56,313.28,1.82,22.29,0
63.74,77.06,64.87,417.35,9.07,65.33,1
17.28,8.19,64.25,211.3,4.48,10.8,0
39.76,13.77,66.59,177.49,-7.54,11.78,0
65.63,61.08,69.68,465.18,2.53,58.8,1
61.64,56.72,59.56,371.72,0.89,47.61,0
10.08,3.2,41.38,206.23,-1.26,4.9,0
26.98,3.04,61.57,150.89,5.05,12.65,0
24.89,7.13,49.28,200.21,-8.94,0.0,0
28.96,4.75,64.45,266.88,-3.22,6.7,0
26.46,7.8,56.34,176.06,-4.64,3.66,0
38.0,7.97,48.82,273.02,-1.06,9.25,0
17.57,8.9,46.68,233.36,-7.01,0.0,0
29.18,0.0,39.94,156.94,-6.34,0.0,0
3.86,7.61,45.13,215.88,7.77,6.5,0
19.37,0.0,47.99,224.8,-3.0,0.0,0
9.57,7.83,58.92,172.99,-3.47,2.84,0
15.85,16.48,58.0,241.0,-0.99,8.36,0
13.49,4.27,60.56,252.11,9.01,16.22,0
38.42,42.13,60.04,210.48,-10.58,20.52,0
25.56,12.9,65.37,202.1,-6.54,1.56,0
31.81,0.0,51.43,277.39,2.76,9.71,0
33.01,0.0,52.54,294.25,-7.16,1.22,0
64.52,45.93,65.21,333.4,4.1,52.87,1
57.41,76.96,66.46,347.99,2.69,46.62,0
40.15,1.89,65.72,273.71,3.35,19.03,0
23.3,9.05,45.18,161.25,9.88,6.26,0
40.46,21.06,62.5,329.49,3.42,27.98,0
20.79,3.44,51.94,180.67,4.86,0.0,0
27.29,1.37,43.26,136.71,2.31,0.58,0
18.37,6.26,63.12,236.54,4.78,8.53,0
10.15,5.06,42.29,203.48,-0.65,2.15,0
49.68,27.64,61.98,332.19,5.24,34.52,0
18.54,15.74,51.47,160.62,-5.9,0.58,0
21.3,2.38,56.25,97.25,-3.89,1.81,0
57.11,21.5,54.9,267.33,-6.21,28.77,0
52.56,38.29,57.71,363.15,4.14,39.36,0
38.13,40.17,60.2,341.72,-3.62,23.09,0
39.93,2.59,44.38,220.62,5.51,12.67,0
45.56,38.14,44.81,335.99,-9.59,18.76,0
51.35,41.91,62.68,298.07,0.27,41.43,0
23.19,1.38,46.37,163.97,-2.3,0.0,0
7.27,3.22,56.88,140.73,-4.56,0.7,0
53.53,27.45,55.12,349.21,3.81,30.43,0
41.39,19.12,49.1,203.2,1.0,18.76,0
32.5,0.0,45.79,136.64,-7.4,0.0,0
54.13,40.62,57.14,273.47,8.74,43.5,0
34.12,1.18,47.23,179.51,7.76,12.86,0
37.76,12.96,62.23,162.93,6.2,22.23,0
55.6,42.37,47.17,334.76,1.09,40.2,0
12.04,0.0,47.2,119.62,-1.9,3.49,0
48.88,40.0,49.31,253.46,-0.5,24.27,0
30.79,12.99,59.88,240.83,-4.74,10.23,0
56.47,78.91,63.62,405.61,11.89,60.34,1
52.76,17.62,62.14,211.82,1.88,28.92,0
23.89,12.7,54.89,261.29,0.46,9.08,0
57.88,87.34,53.5,318.57,12.71,48.67,0
50.37,26.58,64.49,342.5,9.22,43.88,0
32.67,0.0,45.66,190.41,-6.02,0.0,0
23.4,20.53,49.42,202.23,1.46,13.58,0
37.68,0.0,57.13,316.16,-2.97,13.61,0
20.44,10.87,51.89,105.0,-4.33,4.14,0
29.92,1.54,45.86,176.63,-2.04,0.0,0
68.55,144.71,69.53,579.41,6.88,68.46,1
26.9,7.06,45.57,221.09,2.43,8.31,0
32.07,5.21,49.95,202.13,1.37,6.67,0
75.5,49.88,66.81,430.81,5.94,58.95,1
56.93,39.41,53.64,324.61,9.0,33.14,0
3.83,6.96,50.73,159.36,-5.27,0.0,0
25.73,16.69,64.52,226.56,2.14,15.49,0
13.44,0.18,51.48,84.64,0.88,0.05,0
7.6,1.86,65.37,220.55,-5.43,2.56,0
41.01,28.5,67.17,287.31,7.3,28.1,0
87.18,147.12,80.09,590.12,1.63,92.58,1
25.13,9.34,64.08,251.46,5.91,9.16,0
53.58,28.95,54.44,335.0,0.12,29.5,0
23.06,5.66,51.27,136.0,-1.99,4.94,0
58.66,47.63,71.18,351.39,1.79,50.45,1
38.25,35.43,51.5,299.41,-2.93,18.06,0
37.7,6.18,47.92,219.02,-6.27,3.29,0
20.83,13.07,63.81,134.88,-2.58,7.53,0
51.86,23.46,44.68,280.24,-5.71,25.9,0
39.51,5.75,43.56,177.46,-7.82,6.04,0
73.93,120.84,79.52,572.16,0.48,80.05,1
74.26,63.51,63.35,387.32,2.94,65.65,1
40.88,14.29,64.04,222.92,2.55,22.94,0
25.72,4.72,51.3,174.09,-6.81,0.0,0
37.33,36.37,47.73,256.73,-0.6,17.37,0
56.32,81.98,72.23,394.82,2.49,55.51,1
91.34,94.76,56.59,576.7,11.73,77.19,1
4.8,6.65,50.35,74.3,-4.16,0.0,0
29.33,10.89,38.71,185.01,3.61,8.92,0
6.03,6.65,46.14,65.12,-4.23,0.0,0
36.94,14.53,54.18,180.96,-2.77,10.55,0
27.7,4.45,47.73,237.09,-1.5,6.79,0
47.78,25.22,66.67,257.66,2.15,32.7,0
32.27,0.0,56.64,255.41,-1.51,5.65,0
16.45,1.31,55.28,120.3,4.29,1.87,0
57.82,62.34,52.62,393.43,20.0,54.78,1
35.65,24.2,58.06,260.34,6.55,21.26,0
18.47,17.42,55.04,249.07,6.06,14.0,0
31.02,4.7,43.73,151.28,-1.66,6.52,0
7.5,6.53,60.09,180.65,-6.34,0.0,0
37.44,34.78,57.8,235.24,5.18,21.1,0
15.68,4.61,63.12,244.48,9.08,11.85,0
71.64,57.35,51.94,326.56,9.98,62.73,1
32.5,9.23,53.53,288.6,6.48,16.35,0
12.31,4.51,56.49,195.6,3.92,5.43,0
25.81,0.0,60.82,177.1,1.12,2.98,0
31.56,23.18,50.8,257.09,6.31,22.57,0
56.83,73.79,71.66,316.55,1.21,57.04,1
42.99,14.36,65.1,241.74,-3.04,25.78,0
61.22,78.65,75.1,328.14,10.77,66.86,1
38.01,8.98,61.51,310.93,-5.46,11.56,0
39.72,16.21,48.74,206.58,3.63,13.85,0
7.97,18.39,45.37,165.06,-4.21,5.2,0
14.48,29.27,42.79,169.55,17.04,16.71,0
50.85,27.19,58.43,325.15,4.73,30.35,0
16.67,0.0,48.44,183.41,-2.92,2.78,0
74.79,114.08,64.12,542.82,10.79,77.57,1
38.08,11.32,60.74,186.33,-3.52,9.77,0
39.76,20.62,60.27,304.99,5.1,26.58,0
54.0,15.8,63.66,341.82,-5.37,25.08,0
53.65,35.49,50.61,258.23,1.55,27.93,0
37.26,36.64,53.68,259.96,-2.16,13.28,0
36.63,17.5,66.28,324.31,-0.79,17.88,0
14.57,8.3,50.27,240.05,-4.33,0.77,0
24.85,1.41,55.74,184.56,-0.44,0.0,0
81.53,116.72,64.98,470.62,-2.29,74.81,1
22.33,4.9,48.04,211.46,7.19,9.63,0
51.94,28.27,48.58,306.08,-4.09,30.78,0
59.12,90.34,69.13,449.94,-6.6,44.17,0
23.89,2.57,55.22,195.85,-1.65,0.0,0
19.83,0.26,54.27,184.83,-2.77,4.02,0
13.84,11.84,46.24,153.17,1.34,4.64,0
21.79,11.62,42.48,172.9,3.39,8.64,0
18.0,4.89,43.19,172.15,10.78,7.63,0
60.42,28.47,64.56,296.47,2.62,42.09,0
40.08,0.0,61.74,198.71,-3.98,13.3,0
9.83,2.09,41.51,221.04,-0.04,7.13,0
37.67,3.76,59.55,289.29,0.23,4.49,0
57.48,60.93,66.24,297.19,11.7,55.78,1
27.0,9.01,41.98,146.93,0.46,0.0,0
22.34,5.71,61.4,143.27,1.8,3.22,0
44.44,42.68,53.64,333.59,0.93,29.39,0
28.08,1.57,58.0,160.19,-4.47,0.0,0
55.7,43.31,67.52,396.42,3.24,49.42,0
44.93,18.61,62.41,268.24,-10.95,19.51,0
33.78,4.71,62.94,240.27,3.76,12.17,0
39.68,10.46,52.07,181.93,-5.38,6.46,0
37.81,1.72,50.07,222.48,-0.28,11.2,0
52.16,43.05,68.28,333.77,2.9,39.47,0
7.45,11.21,56.86,125.12,4.05,8.93,0
35.65,4.11,48.27,249.62,-1.24,9.1,0
60.87,61.55,63.24,301.41,7.09,58.56,1
76.61,54.88,63.63,413.03,6.74,64.02,1
61.82,83.51,58.66,374.02,10.82,68.71,1
75.63,82.06,73.8,417.31,-0.09,71.93,1
28.72,6.18,62.31,225.13,1.64,10.69,0
15.3,15.53,51.96,146.52,11.51,11.66,0
26.09,5.06,59.51,192.9,9.19,9.44,0
45.43,45.3,48.8,246.85,-1.7,24.86,0
21.03,10.08,48.37,178.8,-2.43,2.8,0
17.85,7.46,44.64,135.44,-7.12,0.0,0
19.56,6.22,48.93,111.57,4.95,0.0,0
20.78,7.22,41.47,206.92,4.66,6.78,0
30.31,2.45,43.81,156.57,2.2,3.67,0
55.6,58.12,58.02,422.99,15.08,48.14,0
37.74,38.86,43.65,261.28,4.65,12.9,0
48.43,28.42,67.51,309.29,3.99,30.39,0
4.87,0.5,51.49,174.54,-0.41,0.0,0
26.1,3.11,41.74,203.89,-6.17,0.0,0
87.36,87.25,63.88,462.35,1.38,72.17,1
34.43,28.73,48.58,295.04,6.76,24.47,0
64.28,80.09,70.0,433.92,19.32,69.59,1
9.72,0.0,48.51,172.49,0.86,3.18,0
27.82,2.59,45.29,124.78,-0.5,0.0,0
69.36,50.48,47.72,376.45,2.98,53.55,1
6.65,15.03,63.93,184.1,-1.24,9.43,0
70.35,75.94,76.27,374.64,11.4,77.31,1
57.52,64.58,54.49,470.09,3.09,47.52,0
37.76,37.25,47.49,276.73,5.67,19.25,0
69.57,45.78,65.96,299.87,2.01,50.8,1
11.46,53.78,51.67,249.71,12.83,29.54,0
15.41,0.0,42.84,148.41,0.77,3.44,0
16.98,5.12,46.57,207.97,1.44,0.48,0
72.52,56.34,53.16,393.73,3.49,56.3,1
31.17,7.19,46.26,217.97,3.9,7.83,0
11.11,13.91,49.87,111.37,-1.96,3.27,0
32.63,39.36,59.9,245.14,-2.01,12.54,0
24.18,11.28,61.92,140.3,1.63,4.78,0
18.18,15.77,51.69,104.02,-6.68,0.75,0
28.15,1.94,62.75,135.81,-1.61,4.75,0
56.47,15.78,66.78,273.12,-1.14,28.73,0
18.34,35.67,48.81,205.31,-1.81,14.3,0
50.55,42.39,52.93,300.32,-3.4,36.26,0
9.72,0.0,61.94,114.85,2.66,10.31,0
47.1,44.34,55.57,356.55,6.63,38.22,0
9.43,22.49,53.23,191.38,4.28,8.81,0
11.98,3.75,52.18,99.55,5.43,6.42,0
72.73,50.35,64.97,325.15,5.75,63.52,1
36.02,0.0,53.44,185.64,-0.98,5.85,0
19.83,10.5,59.96,261.05,2.35,12.2,0
21.67,7.05,62.29,154.36,-5.89,0.0,0
13.66,4.02,46.05,209.37,0.95,6.4,0
30.86,4.89,47.55,298.68,-3.45,11.4,0
34.34,5.74,59.48,169.42,-11.47,2.07,0
17.49,0.62,45.98,190.56,-5.66,0.0,0
14.83,3.38,41.54,211.91,1.86,3.77,0
59.45,35.76,61.95,291.69,-7.39,32.21,0
12.2,0.0,49.03,87.58,4.2,3.47,0
21.62,0.0,45.01,242.54,-9.49,0.0,0
31.18,11.46,65.17,199.14,-7.96,7.71,0
43.37,21.05,62.48,345.4,-3.18,22.46,0
16.58,11.14,44.68,137.47,-4.86,0.32,0
31.24,15.86,62.21,196.4,0.05,11.63,0
35.83,2.23,50.0,194.91,6.34,10.93,0
20.42,0.0,45.16,136.61,4.77,4.66,0
70.24,48.34,55.78,390.49,8.22,62.76,1
21.48,0.84,57.54,142.89,-7.91,0.0,0
24.79,1.62,43.45,167.63,5.05,2.94,0
57.94,35.68,52.42,246.35,2.94,31.83,0
32.6,4.36,65.9,203.57,4.45,16.33,0
67.08,71.5,71.63,395.7,8.53,73.19,1
12.02,14.74,54.05,136.34,2.1,5.26,0
32.09,4.03,53.05,218.72,0.24,6.52,0
8.82,3.65,49.21,108.61,1.22,0.97,0
32.47,1.19,60.58,184.2,14.36,23.33,0
34.91,40.75,64.31,243.84,6.52,34.04,0
11.73,1.18,39.42,205.08,4.44,5.81,0
36.05,13.53,66.87,220.22,3.87,19.01,0
28.08,14.95,49.82,197.29,1.75,5.85,0
32.64,40.51,56.92,350.2,4.93,23.02,0
9.24,3.79,44.64,70.4,5.21,6.65,0
74.99,83.62,73.64,449.85,-5.59,63.05,1
32.6,8.6,41.99,250.99,1.66,5.08,0
10.31,28.3,52.64,226.01,-8.0,13.79,0
37.25,36.52,52.18,239.42,-3.08,18.25,0
31.36,22.8,41.82,250.85,-9.69,9.45,0
22.33,2.56,53.76,161.78,-5.56,0.0,0
53.81,24.32,63.12,329.09,5.67,40.96,0
66.23,64.6,67.16,436.24,4.63,60.05,1
35.8,0.71,62.82,225.98,5.77,21.47,0
23.49,3.84,53.3,197.24,0.9,0.0,0
21.04,0.34,56.16,255.0,-6.15,2.38,0
55.61,59.13,53.59,354.32,7.75,44.69,0
51.16,22.34,56.1,344.09,0.56,30.2,0
15.1,0.0,44.51,126.15,6.79,1.85,0
18.49,3.74,63.65,125.46,-3.7,1.47,0
63.11,70.35,71.47,475.09,2.99,61.76,1
14.56,24.38,67.07,181.35,0.46,9.69,0
37.89,0.0,53.32,256.05,1.29,15.16,0
34.31,9.85,56.49,297.04,2.92,10.12,0
33.51,1.58,50.93,247.88,-1.4,4.74,0
33.83,2.51,62.15,187.51,0.35,9.56,0
38.77,23.83,47.59,281.05,6.96,22.82,0
6.06,18.94,60.65,214.66,-6.28,2.42,0
36.92,0.0,45.85,182.2,3.89,6.87,0
57.56,56.95,54.76,411.57,11.68,45.5,0
43.66,15.09,51.69,239.47,9.01,22.89,0
46.85,42.33,46.32,328.96,-3.12,30.71,0
58.83,87.48,54.31,416.64,2.76,48.23,0
96.63,109.71,70.81,459.05,14.2,91.18,1
16.41,15.58,49.75,136.91,-0.34,0.75,0
34.54,10.72,63.12,187.68,-7.64,7.86,0
38.74,0.0,39.78,246.2,-0.93,7.62,0
21.7,4.74,63.96,240.83,0.47,10.0,0
13.12,23.29,41.43,270.85,-2.43,10.63,0
62.55,43.39,62.22,302.7,3.62,46.9,0
22.43,10.9,49.27,246.22,-6.24,1.48,0
17.44,7.74,60.56,148.51,4.63,0.54,0
21.42,0.0,47.27,199.67,-8.51,0.0,0
45.68,37.36,67.32,254.56,-5.27,20.49,0
23.87,11.54,55.39,213.58,-2.67,4.16,0
24.96,13.7,50.41,196.78,3.7,6.54,0
38.83,2.02,46.87,197.58,7.32,16.8,0
43.25,27.34,62.92,316.02,-3.24,28.85,0
35.55,7.29,53.5,213.38,0.59,7.54,0
20.49,15.22,50.04,258.07,4.65,8.77,0
54.91,21.62,71.03,224.61,3.41,41.96,0
19.46,6.23,50.81,238.71,4.72,6.84,0
26.61,37.59,71.22,343.24,-7.63,17.72,0
65.87,38.42,60.17,429.74,-6.16,44.33,0
57.1,31.77,59.07,383.21,0.64,33.51,0
50.69,22.53,67.11,280.6,-7.81,28.49,0
45.25,18.35,60.17,228.95,-3.13,24.0,0
24.11,3.99,58.6,185.74,-5.89,0.0,0
17.7,25.69,53.92,243.95,-5.99,8.7,0
46.39,32.7,63.16,222.13,1.55,25.51,0
57.86,33.77,64.01,297.86,3.73,37.27,0
29.92,0.0,40.43,157.14,-4.77,0.27,0
66.69,52.55,48.5,467.82,8.33,56.03,1
52.13,31.71,64.84,286.24,5.51,36.99,0
21.61,7.47,60.8,206.17,-4.88,8.44,0
59.87,88.32,53.63,446.85,16.23,55.54,1
72.2,57.14,61.79,366.31,0.62,58.59,1
24.02,0.0,44.48,253.78,4.63,8.25,0
41.72,20.09,62.47,203.55,-1.96,26.45,0
36.42,12.65,57.94,261.37,-4.01,17.07,0
35.34,10.11,55.93,237.32,-1.56,12.51,0
34.68,2.21,61.97,214.09,-4.57,13.72,0
7.71,14.82,58.43,128.64,1.62,0.0,0
35.78,25.33,63.05,198.58,-3.18,21.01,0
48.68,30.82,63.89,335.06,-13.62,22.97,0
51.24,15.89,57.83,253.25,0.52,29.75,0
39.38,39.62,67.41,246.44,-1.45,24.31,0
15.96,2.46,40.63,124.08,-3.34,2.69,0
27.51,5.17,52.43,150.55,6.26,9.84,0
40.57,17.66,52.2,360.61,2.74,23.72,0
69.84,52.03,51.13,312.23,-5.05,42.69,0
12.79,19.48,45.19,176.05,-1.03,0.0,0
10.44,4.63,45.0,82.14,-5.33,0.0,0
4.86,0.0,45.77,216.77,-1.66,1.49,0
32.23,35.02,43.04,176.36,-6.36,7.52,0
29.28,1.83,51.46,259.41,-2.01,4.19,0
57.9,41.23,45.56,290.89,0.08,36.95,0
26.15,2.96,48.55,256.72,-1.04,6.6,0
51.59,23.81,64.65,287.12,19.98,49.27,0
11.48,4.75,63.82,173.29,6.86,7.69,0
27.3,7.1,51.93,145.63,5.13,7.68,0
56.76,46.41,60.07,339.76,-4.14,40.79,0
40.36,33.95,67.83,294.4,4.03,28.01,0
49.45,21.63,46.45,218.64,0.91,19.92,0
47.38,34.84,49.49,259.16,0.75,26.57,0
53.45,42.13,47.37,344.28,4.58,39.13,0
25.11,11.22,50.13,158.69,-6.25,0.0,0
24.92,0.33,65.54,149.99,3.49,5.73,0
9.22,4.72,54.25,139.65,3.6,2.51,0
19.39,9.78,55.6,236.16,-6.12,0.0,0
36.44,31.58,54.68,257.53,7.69,22.97,0
50.23,31.99,48.64,355.22,0.24,34.76,0
15.09,14.88,44.65,171.84,-6.89,0.0,0
45.93,16.66,48.74,243.45,-7.71,17.86,0
37.97,1.77,53.14,221.22,-4.65,8.75,0
49.77,21.56,64.97,342.51,3.52,25.88,0
9.72,0.85,39.05,173.4,-2.54,0.0,0
45.15,31.21,62.58,264.08,0.98,32.51,0
97.47,169.64,76.47,590.45,11.23,92.48,1
45.47,39.61,66.43,254.02,8.75,33.43,0
59.95,62.69,53.75,444.27,5.7,55.29,1
91.16,113.54,78.49,580.79,3.29,84.19,1
29.25,15.73,59.73,175.41,-4.83,6.19,0
53.0,40.73,53.88,312.76,2.53,34.4,0
22.35,1.46,52.26,210.03,0.83,4.62,0
26.63,5.37,62.66,165.98,-1.79,2.88,0
6.38,8.5,62.25,167.99,-5.88,0.0,0
26.16,1.7,43.92,157.72,-8.85,0.0,0
70.12,46.44,59.45,443.98,7.52,63.52,1
32.98,4.36,57.49,136.8,-4.78,1.29,0
7.13,4.28,54.29,206.92,1.34,8.61,0
26.88,1.97,54.96,260.97,-0.81,0.26,0
27.0,3.41,54.88,251.97,4.67,5.98,0
34.53,12.95,42.74,202.53,10.51,22.73,0
15.77,0.49,56.77,193.03,2.78,0.99,0
34.08,8.39,46.81,275.02,2.03,9.55,0
38.34,6.2,45.63,215.59,-1.56,11.86,0
59.27,43.0,53.67,367.48,5.63,45.74,0
15.37,11.98,44.15,186.29,1.06,5.76,0
69.47,60.41,59.67,461.32,0.87,57.48,1
24.35,4.95,56.44,245.12,-6.65,0.0,0
34.63,6.74,47.71,238.62,0.55,9.01,0
57.19,41.73,48.82,309.53,12.83,48.25,0
12.21,8.73,59.62,175.92,-3.3,1.75,0
9.87,1.62,57.08,103.51,1.37,2.69,0
49.6,25.38,62.31,248.63,-6.46,19.6,0
26.18,1.08,50.21,205.73,1.92,6.05,0
21.49,14.88,60.99,173.52,5.93,15.07,0
23.27,22.13,58.44,235.11,6.09,17.4,0
27.15,12.57,49.72,194.06,-4.57,3.82,0
6.0,3.79,63.48,127.75,7.59,5.16,0
61.39,54.74,58.72,267.96,3.36,46.91,0
10.57,14.12,44.04,104.39,0.79,1.81,0
35.61,0.0,58.42,155.11,9.07,16.68,0
61.35,49.34,63.35,383.16,8.18,65.48,1
40.12,23.41,56.06,255.25,10.0,31.77,0
38.87,16.99,48.3,158.83,7.36,16.14,0
65.28,86.35,63.59,442.55,5.51,60.44,1
58.65,49.61,52.64,406.8,13.82,50.76,1
35.96,3.69,61.39,262.8,1.53,13.78,0
16.73,3.07,63.13,205.04,4.92,12.36,0
88.53,165.62,64.69,632.26,10.68,83.54,1
52.02,25.11,48.45,300.57,-1.02,30.22,0
38.33,18.12,59.3,255.82,-8.07,5.74,0
60.74,58.23,62.58,400.79,0.14,49.5,0
9.11,6.88,43.58,149.44,1.83,0.0,0
29.0,12.4,44.24,164.14,8.26,9.89,0
8.38,9.13,52.89,132.21,-4.6,0.0,0
12.56,0.0,57.74,93.59,2.5,0.0,0
71.15,98.88,64.71,510.35,13.61,77.63,1
17.32,14.94,57.47,251.17,-8.47,2.98,0
73.38,73.17,58.57,359.72,13.45,74.38,1
23.07,5.29,52.01,173.94,2.51,0.61,0
46.72,39.88,52.84,240.06,1.18,24.35,0
15.25,6.69,56.27,215.0,-1.65,3.59,0
64.19,52.66,52.61,396.89,14.51,54.14,1
8.01,4.51,64.74,209.73,5.62,12.25,0
67.93,55.51,51.11,364.41,5.65,51.75,1
17.27,3.3,47.99,224.07,-0.79,2.84,0
54.2,15.0,63.07,241.02,3.88,31.48,0
39.67,26.73,57.85,320.85,-2.71,16.88,0
23.9,3.22,56.11,194.33,-3.3,0.0,0
73.35,77.56,74.94,387.84,4.19,70.75,1
52.55,17.76,62.98,346.92,-0.37,28.42,0
28.83,0.87,56.11,137.15,-0.22,0.03,0
27.36,12.38,46.58,227.89,7.3,12.96,0
19.8,16.99,56.78,137.83,-1.34,3.21,0
26.86,3.38,40.46,165.08,3.69,0.0,0
88.72,164.46,65.23,591.89,0.03,80.86,1
16.09,3.95,53.82,140.78,-8.42,0.0,0
28.68,5.33,46.71,161.92,-0.96,0.0,0
25.09,2.54,42.94,130.31,3.25,1.75,0
20.1,6.58,51.67,133.57,0.43,3.18,0
41.62,27.59,49.9,320.7,5.56,29.4,0
12.93,10.77,53.48,191.72,2.89,4.41,0
56.88,49.82,46.87,330.51,8.39,47.29,0
26.6,2.8,42.57,187.07,1.86,0.45,0
31.98,17.19,63.15,168.09,-0.62,13.91,0
32.69,10.39,44.04,148.83,7.6,14.78,0
7.19,3.25,61.75,89.46,3.19,7.06,0
32.75,2.69,59.47,169.07,5.56,12.69,0
33.81,10.12,59.54,251.46,-9.54,5.44,0
53.12,29.07,43.47,286.12,2.54,34.8,0
36.14,12.31,50.68,182.72,-2.79,10.19,0
51.43,17.06,52.1,320.35,-8.14,22.07,0
26.05,9.35,64.79,203.04,-4.03,5.5,0
65.94,60.38,66.44,365.8,6.88,65.79,1
34.47,24.22,65.02,234.77,4.81,22.19,0
55.2,23.86,50.41,296.0,-8.11,27.01,0
16.64,1.86,62.35,223.66,7.86,9.82,0
28.16,1.74,63.75,147.95,-0.84,3.77,0
40.16,31.54,68.38,264.41,-2.31,25.99,0
14.14,4.92,44.1,144.6,-4.1,0.23,0
34.47,19.87,67.67,276.08,11.04,19.89,0
70.86,88.16,66.6,363.77,8.75,72.66,1
15.28,26.61,64.12,201.26,-4.42,15.41,0
14.17,2.56,39.23,118.3,7.0,7.16,0
75.2,80.57,65.44,398.11,6.57,70.08,1
36.05,11.54,53.17,264.28,-0.33,12.77,0
41.17,45.52,60.97,304.42,7.19,34.85,0
38.98,18.39,56.38,296.21,1.46,12.0,0
34.64,0.0,51.03,255.53,7.61,14.34,0
4.79,1.21,55.85,188.53,-8.65,0.0,0
28.95,5.87,41.45,254.26,3.23,4.14,0
70.64,55.91,55.5,393.74,5.48,59.44,1
8.76,0.0,62.14,130.76,1.23,6.06,0
11.3,2.25,44.88,171.81,1.88,0.0,0
74.49,84.22,72.7,454.46,11.95,78.92,1
82.33,166.74,68.25,581.89,8.5,83.61,1
46.77,32.25,64.75,251.92,8.2,36.47,0
61.42,77.28,54.4,358.83,-1.06,55.57,1
14.73,4.16,60.31,180.54,-8.21,0.0,0
59.29,26.77,47.42,324.36,-4.26,30.27,0
17.6,8.98,46.79,112.34,-7.63,0.0,0
7.62,11.78,56.83,122.55,5.69,7.86,0
28.71,0.74,60.96,157.67,3.52,10.99,0
41.06,28.54,57.9,349.68,-0.56,25.42,0
47.05,43.66,52.24,315.81,0.84,29.26,0
22.3,8.42,49.4,111.42,4.25,2.35,0
71.98,83.53,54.66,457.32,4.08,63.08,1
18.04,3.79,53.13,116.88,2.02,0.0,0
59.62,53.06,58.4,419.79,4.43,42.78,0
63.06,45.31,46.83,396.66,4.98,49.9,0
37.42,1.05,50.46,275.57,-0.65,6.25,0
39.95,17.44,65.46,246.68,8.93,24.7,0
40.08,42.63,59.91,243.71,6.46,35.28,0
39.54,5.06,58.87,207.68,-4.23,3.65,0
13.94,3.44,56.74,168.89,-1.94,0.0,0
71.74,62.53,47.97,347.6,15.58,68.33,1
32.1,9.19,62.26,270.16,9.05,20.98,0
8.61,3.41,54.81,93.31,-4.33,2.07,0
44.48,33.63,51.72,346.76,1.24,22.08,0
21.37,4.62,43.61,182.0,-5.2,0.0,0
39.94,0.0,47.12,236.46,-3.85,11.08,0
29.46,5.09,64.38,145.81,4.97,3.9,0
49.45,33.94,48.22,249.7,3.74,22.96,0
77.91,122.26,69.18,529.12,10.54,79.32,1
25.04,2.23,64.83,229.1,3.04,8.15,0
28.94,5.31,42.96,263.07,-5.1,0.0,0
58.98,53.99,65.11,322.12,6.9,42.27,0
32.72,0.0,53.03,160.7,-3.68,4.58,0
7.4,8.74,48.84,109.01,-2.26,0.0,0
25.69,10.75,59.76,203.53,-1.15,5.54,0
5.8,4.75,48.17,105.23,1.75,0.28,0
53.74,41.25,65.45,325.75,-2.74,36.83,0
34.29,4.35,61.42,273.41,2.76,14.62,0
16.81,0.0,38.22,213.34,-0.63,1.36,0
14.37,15.92,54.99,177.1,-4.99,5.21,0
38.54,20.35,53.81,232.54,-0.04,17.35,0
64.84,45.93,55.64,308.59,-2.19,45.5,0
59.46,86.49,64.5,353.55,-5.95,43.4,0
20.33,5.76,54.16,150.24,-1.4,2.59,0
14.94,16.0,43.0,156.13,0.82,5.27,0
14.48,0.0,48.48,194.68,-10.69,0.0,0
10.61,17.91,43.6,112.39,2.82,7.82,0
17.27,15.77,44.12,229.22,3.38,9.7,0
72.94,134.97,73.83,579.5,11.84,86.93,1
40.69,15.47,55.52,255.64,-6.12,19.55,0
41.7,18.11,62.2,327.38,1.56,23.16,0
38.73,32.53,69.89,282.66,-2.23,17.22,0
34.92,10.54,56.28,286.25,-0.81,10.46,0
14.55,13.71,46.31,225.06,-9.97,2.02,0
59.73,36.86,47.69,281.46,9.3,43.62,0
19.2,2.85,62.69,173.6,-0.19,5.83,0
59.96,55.38,63.97,305.57,10.83,50.27,1
56.36,23.26,55.11,360.52,-2.92,32.72,0
11.47,4.32,63.66,115.06,11.16,7.8,0
43.84,31.39,57.24,274.24,1.09,24.11,0
62.16,82.28,65.48,378.12,12.26,65.63,1
56.61,40.99,60.95,261.35,-5.59,34.91,0
12.74,0.0,55.49,173.25,6.46,2.38,0
61.07,73.52,50.07,437.93,5.13,58.84,1
8.87,0.7,63.56,217.08,-0.03,11.05,0
39.26,35.02,40.74,305.77,-4.57,16.08,0
44.38,30.57,53.77,242.66,-3.59,22.62,0
32.59,9.01,42.53,221.18,-4.67,11.34,0
34.4,0.0,60.0,244.92,9.04,22.17,0
57.6,31.25,49.91,247.08,2.88,36.85,0
33.5,14.36,64.0,232.34,6.95,24.53,0
17.51,8.26,67.89,216.8,0.02,6.43,0
53.47,27.38,54.27,374.55,3.37,38.38,0
29.68,0.86,61.87,154.11,11.21,12.05,0
8.53,3.09,62.62,143.41,0.55,5.41,0
33.44,13.6,58.06,208.91,5.75,13.31,0
33.24,5.11,65.9,240.47,14.52,25.12,0
46.76,27.82,50.48,247.1,1.33,21.88,0
52.52,20.8,58.25,256.0,-4.32,28.44,0
45.51,26.84,51.96,224.46,0.14,28.06,0
52.89,29.38,51.86,246.81,0.46,28.93,0
57.13,46.46,59.97,362.22,6.89,43.24,0
18.79,30.02,68.65,138.16,-0.14,8.43,0
38.61,24.65,51.0,216.19,-1.26,18.59,0
34.57,3.81,57.91,228.31,0.93,10.84,0
26.67,0.33,63.31,180.88,7.02,9.3,0
9.26,24.98,53.92,233.71,-1.7,8.36,0
17.54,3.93,42.65,237.58,3.83,7.22,0
40.31,21.04,58.03,213.34,-3.48,20.3,0
45.43,38.97,53.52,253.68,-6.59,16.12,0
29.38,8.35,45.66,100.09,-0.35,0.0,0
86.31,171.84,83.52,636.28,3.18,85.0,1
13.93,0.46,51.95,185.48,7.33,5.09,0
10.62,16.92,48.69,166.47,-5.55,0.0,0
16.38,5.9,44.92,196.95,2.18,0.0,0
65.99,84.62,57.72,446.0,6.89,60.13,1
47.07,39.41,60.85,256.57,-5.87,23.31,0
18.95,17.39,64.48,173.12,0.91,6.29,0
5.46,11.45,64.64,177.5,0.5,10.11,0
21.48,0.0,42.18,261.21,-2.15,0.0,0
28.41,3.02,58.55,293.7,-0.78,1.84,0
22.14,3.27,59.44,150.23,4.74,1.35,0
51.45,22.54,43.77,251.16,-7.78,28.37,0
28.65,4.27,45.14,242.87,-10.13,0.53,0
16.02,4.52,57.92,217.06,-5.47,0.0,0
34.48,1.54,39.46,284.57,0.42,6.5,0
35.44,8.65,54.45,232.22,-2.49,8.94,0
12.32,7.83,41.22,159.88,-1.94,0.0,0
50.79,35.29,64.7,286.79,-13.06,32.03,0
26.88,28.87,63.59,255.68,-13.85,4.37,0
13.8,3.26,58.94,106.82,5.96,6.77,0
4.99,1.72,62.23,153.51,-6.43,0.0,0
28.35,5.21,49.12,141.72,5.95,1.16,0
90.23,132.53,79.72,562.77,9.14,89.65,1
27.1,1.26,52.46,156.44,-2.03,0.0,0
53.39,58.28,50.74,361.53,13.79,50.8,1
61.84,40.87,62.31,412.26,10.37,60.37,1
35.91,31.81,60.25,190.83,7.59,24.41,0
54.89,31.45,52.24,267.05,-5.47,23.74,0
91.53,115.82,71.53,585.11,13.27,92.54,1
20.76,5.32,44.34,155.88,8.45,11.88,0
24.77,0.0,43.53,153.82,2.28,0.43,0
26.79,0.0,38.4,281.9,3.84,3.08,0
21.74,0.83,62.09,260.51,3.48,4.3,0
75.69,64.81,57.31,396.86,8.37,71.19,1
8.21,15.73,56.11,100.75,-4.26,2.22,0
60.08,69.35,53.03,439.95,4.54,59.4,1
26.68,3.68,57.86,222.46,-7.98,0.0,0
22.47,2.2,43.14,240.38,-8.18,0.27,0
16.49,6.18,50.68,139.45,3.56,4.88,0
81.05,178.39,68.56,517.33,2.75,78.13,1
24.87,12.43,42.08,121.99,1.9,2.95,0
44.95,19.45,60.86,304.95,-12.36,21.2,0
62.3,66.78,57.54,435.05,6.86,55.52,1
53.63,43.5,50.98,395.18,1.11,37.54,0
11.15,4.95,48.18,218.61,2.72,3.15,0
61.23,53.5,64.48,306.14,5.49,52.06,1
37.55,31.63,42.24,251.39,1.48,15.81,0
24.12,4.06,45.49,147.34,-5.15,0.0,0
62.57,67.46,72.92,444.59,-10.81,53.07,1
36.82,37.9,59.14,194.56,4.8,12.73,0
7.42,8.51,49.53,257.52,3.17,1.11,0
7.85,2.14,39.88,195.1,-2.09,0.0,0
57.43,45.25,50.16,323.69,4.72,42.87,0
9.63,0.0,58.75,163.72,3.87,0.0,0
65.57,62.17,47.85,470.8,5.88,63.14,1
62.97,49.64,52.37,405.6,9.91,48.93,0
14.05,10.67,61.5,123.65,9.17,17.27,0
37.11,46.57,65.0,288.11,-3.95,25.61,0
7.75,3.88,44.67,171.1,-2.51,0.0,0
12.68,2.79,59.01,122.74,-5.27,0.0,0
5.07,3.21,66.05,145.34,-2.09,2.71,0
61.97,70.79,73.88,435.65,9.12,67.41,1
51.4,30.76,62.03,249.47,-0.28,32.09,0
17.99,1.47,46.09,124.49,4.45,1.4,0
68.37,86.66,53.17,410.28,3.15,55.7,1
71.81,56.14,47.96,341.13,-1.18,51.95,1
11.08,2.08,64.42,177.92,1.14,8.71,0
39.15,3.08,60.44,174.66,-5.97,6.16,0
25.97,14.0,50.63,181.88,6.05,13.16,0
57.71,80.92,55.52,409.69,4.5,44.09,0
11.77,6.3,48.65,125.91,-0.32,0.54,0
16.16,0.46,45.02,168.69,-3.72,0.0,0
65.35,89.37,53.58,406.35,-2.06,52.03,1
14.17,5.34,54.41,143.47,-0.24,0.0,0
34.16,12.72,43.13,244.61,-1.56,10.54,0
20.01,2.07,64.93,290.0,-6.76,0.0,0
16.25,0.0,51.18,131.4,3.25,2.15,0
71.17,157.79,58.93,612.86,3.91,67.58,1
39.85,35.46,64.73,315.37,2.89,24.53,0
21.93,16.85,52.53,216.63,-12.18,4.45,0
30.97,12.88,47.7,278.47,-0.89,13.53,0
34.27,31.64,44.84,259.75,6.41,21.14,0
22.99,8.87,56.92,250.85,-7.48,0.0,0
39.17,5.19,57.6,210.74,-4.15,10.4,0
44.98,25.19,65.18,360.56,-0.9,30.25,0
26.64,25.34,46.51,257.26,1.02,12.76,0
56.78,64.76,64.32,420.78,13.7,60.2,1
33.97,5.95,61.4,294.86,-4.0,14.78,0
54.76,75.66,58.83,401.95,14.15,57.68,1
53.9,37.47,61.09,260.77,4.85,36.44,0
8.37,8.94,59.76,116.58,-4.49,1.96,0
18.47,0.0,60.52,199.07,-2.45,3.52,0
19.97,13.44,60.08,164.54,5.11,9.32,0
40.41,41.3,67.68,271.28,2.3,34.6,0
41.77,4.08,45.76,175.86,0.26,8.1,0
24.45,1.21,43.86,239.46,5.15,5.6,0
54.66,41.54,66.81,297.3,-7.05,36.7,0
65.96,47.72,51.08,375.13,-3.42,45.84,0
6.24,10.58,46.09,122.51,2.03,6.06,0
15.56,0.2,48.0,237.77,0.71,7.6,0
71.8,59.32,48.75,375.34,-4.86,55.22,1
55.25,39.03,63.39,372.82,12.49,44.74,0
27.23,9.37,64.03,140.68,-7.43,0.44,0
65.14,40.77,51.7,279.62,-0.44,48.55,0
23.31,22.74,56.2,174.31,-3.51,8.51,0
10.8,2.13,55.09,168.18,-1.43,0.0,0
37.59,0.0,49.48,253.28,5.84,14.31,0
14.33,0.38,53.1,120.92,-20.0,0.0,0
12.96,6.79,55.84,184.03,-2.66,1.18,0
25.83,35.49,46.36,294.0,-2.92,9.27,0
70.54,56.27,62.3,307.19,3.18,52.76,1
43.05,40.67,47.39,264.71,10.58,36.31,0
23.66,4.31,61.04,178.61,4.22,4.47,0
12.7,0.67,43.04,113.25,1.34,0.0,0
37.15,2.96,43.56,204.1,3.01,11.79,0
66.91,44.92,48.06,308.68,-3.22,45.92,0
71.24,101.65,76.42,529.35,7.41,79.78,1
51.5,31.03,65.24,224.8,-0.13,30.01,0
27.25,5.02,59.7,112.18,0.95,0.0,0
65.0,64.88,69.05,436.59,9.96,67.61,1
28.89,7.3,55.83,144.76,-1.59,0.0,0
13.94,10.13,46.14,231.2,-1.94,12.42,0
4.87,2.05,56.9,157.88,4.79,0.0,0
63.03,84.4,76.83,439.38,4.31,63.86,1
37.87,32.86,61.81,262.09,8.21,28.98,0
24.36,6.47,48.27,153.49,-7.75,0.0,0
58.49,57.87,51.12,379.14,5.56,47.42,0
8.74,3.57,50.14,189.1,9.44,4.77,0
69.38,66.98,68.43,350.12,4.38,59.2,1
71.08,147.94,78.22,496.58,0.98,73.63,1
26.74,5.73,57.21,271.38,-0.18,0.0,0
62.19,45.12,69.21,402.77,0.67,52.18,1
43.84,35.83,48.0,240.17,-3.7,23.78,0
20.9,3.47,62.72,117.81,-2.82,3.58,0
15.77,11.21,60.14,111.1,-5.2,1.0,0
74.15,73.35,68.54,344.79,1.42,59.17,1
54.1,23.5,58.73,349.44,3.11,32.43,0
38.03,23.74,63.17,230.85,1.28,24.13,0
16.81,0.0,41.53,167.84,8.73,2.89,0
62.04,49.7,45.81,323.9,5.63,54.04,1
57.45,18.42,55.17,343.0,-1.46,30.67,0
23.51,9.71,61.61,226.93,-8.57,5.2,0
8.55,0.0,61.26,149.02,2.38,1.84,0
70.69,126.55,71.1,427.24,-1.0,73.7,1
47.38,39.06,61.45,235.71,-0.26,27.88,0
44.18,30.26,63.79,231.03,5.81,32.01,0
61.39,90.53,77.47,472.86,7.98,66.76,1
7.18,16.5,51.16,218.37,0.0,7.17,0
26.91,12.64,60.18,258.13,-2.56,10.55,0
33.54,6.42,53.18,228.65,-1.61,6.76,0
32.16,7.24,48.39,240.48,5.08,16.63,0
15.02,1.76,45.49,102.5,7.26,7.87,0
33.78,11.42,55.59,151.52,-0.62,10.02,0
63.12,50.19,68.62,430.97,11.94,59.62,1
25.34,0.0,48.79,256.24,6.15,7.59,0
25.92,30.76,57.97,227.95,5.41,15.68,0
6.66,18.04,60.1,222.55,6.21,16.56,0
52.26,34.99,47.86,264.54,-3.5,33.04,0
43.65,22.3,48.79,353.34,7.26,32.86,0
32.91,0.0,40.67,158.17,1.2,8.71,0
46.81,24.66,45.06,188.31,2.43,21.07,0
42.45,0.3,47.26,256.78,5.61,21.9,0
51.35,42.98,56.13,306.79,11.9,39.5,0
13.26,22.44,59.05,131.49,6.67,15.39,0
24.4,15.45,60.9,217.58,-6.83,12.15,0
39.45,4.13,54.62,255.19,-2.99,9.61,0
55.88,21.89,44.92,303.89,10.8,39.99,0
17.6,13.81,56.16,199.58,-0.52,4.49,0
36.61,38.96,58.66,260.35,-5.78,11.91,0
47.86,25.12,60.47,245.26,5.23,34.43,0
40.25,21.49,49.3,197.51,-0.17,21.84,0
28.5,0.0,50.89,199.34,-2.44,0.0,0
61.94,67.8,66.56,337.51,10.57,66.18,1
54.54,83.2,68.26,380.21,5.65,57.59,1
32.4,8.91,48.3,194.74,-8.02,1.29,0
57.72,83.96,60.02,386.34,16.87,59.35,1
21.55,3.67,53.64,165.15,1.77,0.0,0
20.03,18.61,62.28,205.36,-2.53,9.61,0
12.54,12.75,64.14,171.29,1.52,4.75,0
12.77,0.0,54.92,224.05,-1.26,0.0,0
16.9,0.0,52.23,173.41,3.6,6.32,0
20.23,13.46,59.91,201.25,-1.17,7.57,0
70.92,137.36,57.94,509.11,10.5,81.35,1
39.96,20.33,58.92,260.26,8.73,28.74,0
59.18,43.55,57.6,283.64,-0.52,34.36,0
36.81,33.33,47.02,306.99,4.63,19.28,0
15.59,4.71,54.4,138.3,-0.92,1.64,0
42.0,27.65,63.17,252.2,-1.36,24.29,0
56.74,58.92,65.1,393.3,-0.97,45.34,0
43.07,29.7,53.3,307.56,-4.82,26.86,0
18.85,1.96,44.29,160.09,-2.85,0.26,0
37.45,6.14,44.86,239.39,-0.54,9.6,0
24.64,5.66,42.89,160.86,-2.03,0.36,0
73.46,52.89,67.06,424.95,-3.29,57.84,1
9.43,6.09,48.57,112.79,-2.52,2.6,0
26.21,6.38,62.29,120.16,-3.43,10.4,0
58.69,67.72,57.17,333.22,14.06,53.81,1
14.99,2.33,62.43,70.91,1.27,4.37,0
27.29,0.0,47.79,234.61,1.36,4.43,0
36.95,18.56,66.57,250.34,-8.62,12.3,0
20.1,6.21,56.79,187.3,-1.45,0.0,0
11.5,6.37,53.85,216.46,2.1,5.18,0
29.7,4.88,55.68,263.99,4.52,7.85,0
32.17,0.0,49.85,237.47,-2.66,6.67,0
35.45,12.79,46.54,263.47,-6.62,8.65,0
38.19,20.82,63.08,197.44,-0.83,15.32,0
35.0,3.85,50.28,186.04,-3.23,4.19,0
16.54,22.14,58.32,167.47,1.28,7.88,0
30.76,16.07,59.35,177.44,-0.58,8.09,0
9.86,1.79,51.67,112.85,-4.76,1.28,0
6.26,16.38,57.21,178.45,2.84,4.86,0
24.26,8.58,44.89,128.2,-3.9,0.27,0
19.01,2.74,43.33,204.54,-4.63,2.57,0
16.06,1.52,55.68,185.74,-4.56,0.0,0
64.5,89.61,54.77,365.51,3.56,56.49,1
37.71,4.51,40.0,272.95,-4.92,4.09,0
16.15,0.12,58.25,135.45,-4.62,0.0,0
75.46,136.15,76.84,468.47,-0.88,78.57,1
6.11,2.1,52.03,159.66,-1.12,2.07,0
32.0,1.59,66.69,185.39,-2.45,11.07,0
24.0,18.95,55.16,288.85,5.81,13.0,0
52.05,37.71,51.88,326.51,3.85,35.47,0
38.67,41.12,41.91,348.64,9.04,28.81,0
26.52,10.75,52.64,229.44,1.59,5.99,0
46.75,22.98,51.7,241.59,14.07,32.39,0
27.25,9.49,46.87,250.04,-6.15,0.0,0
10.13,5.12,50.94,178.81,12.6,15.12,0
20.86,0.0,65.08,271.3,-5.5,1.71,0
36.77,21.96,66.21,192.72,3.52,18.77,0
18.0,4.06,51.96,214.14,1.43,6.65,0
71.06,88.65,54.46,491.24,4.2,58.96,1
55.66,23.33,60.34,340.11,-0.34,40.73,0
37.2,11.16,50.61,300.85,1.02,16.8,0
38.78,1.68,62.12,164.94,-0.49,9.08,0
45.87,30.68,54.89,367.06,9.78,33.14,0
49.1,36.66,60.39,349.1,11.76,34.45,0
2.46,23.06,60.47,143.87,-1.19,10.99,0
33.73,0.0,59.6,181.45,-6.09,5.88,0
37.76,40.51,46.17,291.24,6.1,26.24,0
20.09,62.46,69.05,307.84,2.53,31.42,0
27.15,18.57,64.82,192.76,-1.73,5.45,0
52.11,18.32,58.26,283.37,1.46,26.23,0
82.49,143.55,74.55,623.21,10.05,91.26,1
31.99,2.28,59.31,270.58,0.34,10.81,0
23.83,19.43,59.37,172.04,2.08,1.7,0
30.29,5.93,41.3,280.32,-4.43,12.68,0
39.67,37.67,58.64,214.97,-3.2,17.96,0
13.65,15.27,50.33,152.31,2.0,5.23,0
22.12,13.75,51.75,211.46,-2.23,2.41,0
9.08,7.72,48.59,177.03,3.01,0.62,0
28.23,3.64,63.48,188.25,6.52,3.82,0
40.93,41.18,67.16,286.33,5.18,36.93,0
28.13,0.0,41.15,219.53,-3.54,1.9,0
73.92,59.5,53.89,457.24,12.72,63.87,1
34.56,39.77,62.92,263.33,0.39,19.72,0
51.95,20.15,55.16,220.46,11.55,42.61,0
69.14,169.78,78.1,631.55,-3.02,68.38,1
53.78,38.28,60.93,314.45,-1.33,34.59,0
31.27,7.07,59.46,250.32,-8.9,3.34,0
16.89,2.14,64.79,95.34,5.33,8.35,0
32.33,35.49,56.1,238.74,4.45,15.9,0
74.64,80.96,64.24,503.63,2.94,70.51,1
11.96,8.12,56.29,230.25,1.38,7.01,0
32.11,3.96,52.28,196.98,-0.48,7.51,0
40.66,6.41,57.4,239.75,1.15,14.41,0
45.12,27.31,53.28,224.85,-3.61,21.54,0
51.63,31.23,63.94,324.41,3.11,39.94,0
52.34,37.83,68.65,385.93,-2.94,36.36,0
51.54,26.81,56.34,346.54,5.91,38.84,0
51.4,21.18,53.06,323.54,1.18,27.47,0
57.18,72.98,61.61,414.05,2.93,50.15,1
85.1,137.22,65.55,515.31,19.98,81.48,1
63.13,70.01,57.26,448.12,3.77,60.73,1
6.71,2.55,49.33,171.35,-6.68,0.0,0
60.45,48.76,57.46,282.8,1.48,43.24,0
14.08,34.1,53.72,236.06,-2.78,7.55,0
66.03,78.59,64.93,449.3,15.45,73.97,1
15.28,28.48,62.21,166.78,6.49,20.95,0
11.34,1.34,58.93,201.82,3.4,3.31,0
63.51,57.71,69.26,399.07,-0.1,52.81,1
8.93,2.87,67.32,158.31,-7.28,2.88,0
31.95,13.84,48.51,194.78,2.0,13.63,0
34.17,12.45,50.81,235.02,-4.33,13.83,0
11.65,7.06,47.17,141.95,2.63,0.0,0
36.85,43.96,56.12,316.31,12.14,31.13,0
50.05,21.12,63.06,374.33,1.55,34.47,0
26.5,10.02,57.27,225.0,-2.1,10.91,0
42.56,28.8,60.44,209.35,1.48,28.29,0
64.97,43.74,62.63,351.29,3.1,50.79,1
33.48,20.7,62.87,252.83,0.01,21.97,0
43.29,39.04,56.84,298.93,3.15,22.77,0
38.38,4.03,51.61,219.62,11.37,20.33,0
7.76,4.57,56.84,98.91,-1.97,0.0,0
58.46,58.82,71.75,354.62,8.6,56.49,1
62.65,61.58,68.94,397.99,8.58,69.15,1
26.88,35.93,65.78,166.17,-0.31,11.55,0
38.55,18.52,49.23,187.73,-4.57,11.62,0
51.07,13.42,53.7,313.01,-5.96,21.54,0
81.62,113.98,60.86,426.93,-4.87,74.79,1
10.82,1.99,50.21,210.63,1.64,3.04,0
38.17,39.7,56.01,243.66,-0.08,13.31,0
91.79,149.22,76.33,571.08,18.93,91.62,1
23.67,15.64,64.6,154.91,0.25,5.96,0
30.11,14.33,49.21,188.03,-5.28,6.83,0
49.92,35.07,55.66,305.81,4.83,21.23,0
51.06,43.69,48.16,310.42,-7.83,33.14,0
71.31,51.58,62.56,461.17,8.97,65.12,1
31.37,0.28,56.34,129.42,-0.66,1.34,0
58.98,81.03,57.03,389.01,-0.81,48.05,0
21.12,3.23,42.21,221.63,-1.64,5.46,0
24.7,0.0,53.2,181.32,3.19,0.45,0
25.76,14.54,50.54,235.5,9.44,15.97,0
36.83,26.56,61.53,329.49,2.48,28.26,0
54.28,39.29,59.6,249.28,6.54,36.02,0
77.79,163.3,68.59,643.73,4.67,73.07,1
38.25,15.11,56.19,323.85,-1.33,14.01,0
21.33,13.3,54.78,237.75,7.73,9.75,0
43.7,24.17,57.81,365.91,6.79,31.19,0
45.44,27.95,64.0,310.75,-4.84,25.7,0
64.4,82.11,70.35,369.02,13.92,75.44,1
31.84,5.09,48.77,171.41,-1.79,7.68,0
58.88,41.8,56.1,293.15,-5.33,33.87,0
18.96,6.57,65.37,107.97,-0.76,3.93,0
53.22,36.06,69.82,298.75,3.66,31.67,0
23.46,5.37,43.4,217.57,7.98,7.2,0
41.47,13.66,59.21,231.08,6.79,21.9,0
38.23,4.9,55.71,226.52,-1.01,10.11,0
40.63,0.0,59.12,285.99,0.58,17.59,0
70.73,53.09,54.68,382.38,0.21,54.83,1
39.73,23.23,47.61,287.47,2.74,14.61,0
59.92,67.17,63.59,449.69,1.18,50.26,1
15.01,10.71,47.32,229.47,-5.71,3.64,0
34.71,9.86,54.82,220.2,1.26,7.81,0
57.15,20.58,55.2,352.4,2.51,34.87,0
33.0,1.85,47.44,274.17,2.56,8.38,0
56.64,86.58,53.59,438.24,20.0,56.49,1
31.64,7.42,63.43,271.99,-8.57,5.22,0
27.93,5.55,49.33,242.56,3.28,7.2,0
52.62,39.22,67.27,307.95,4.95,33.79,0
17.05,10.56,43.38,193.99,6.29,11.67,0
7.05,1.62,58.76,131.6,-6.93,0.0,0
4.01,2.02,64.07,193.17,-5.23,0.0,0
36.99,34.06,53.63,298.32,-5.34,13.44,0
30.0,5.93,64.35,198.02,-5.17,3.19,0
9.5,6.12,57.71,221.45,3.39,5.18,0
75.84,172.98,72.96,634.96,-1.51,77.7,1
32.59,0.92,45.67,253.81,9.2,13.78,0
30.56,0.59,62.44,187.07,-2.96,9.6,0
48.98,33.77,54.19,367.68,16.72,35.07,0
39.0,3.33,55.25,301.79,-4.4,9.61,0
24.62,4.17,47.52,227.42,-3.88,1.23,0
37.62,19.0,46.0,205.83,-1.35,9.25,0
57.98,18.67,51.87,297.56,-3.32,28.47,0
33.1,7.59,56.22,222.07,8.18,18.88,0
24.03,8.5,57.17,193.69,7.61,6.48,0
83.06,161.15,70.69,590.2,2.91,82.85,1
15.12,16.44,61.83,114.01,2.16,4.08,0
18.05,0.0,63.42,211.72,2.86,8.6,0
31.82,8.17,64.55,333.05,1.4,16.04,0
35.84,2.8,43.99,149.21,5.37,17.51,0
62.12,48.81,58.98,346.72,8.87,52.16,1
66.84,71.3,71.17,421.51,12.7,68.75,1
10.23,8.43,48.36,83.69,-0.9,1.96,0
22.01,1.53,56.82,173.83,9.43,10.14,0
40.9,2.52,49.87,277.45,10.18,22.13,0
46.07,38.42,48.11,326.67,-8.3,24.13,0
37.42,34.61,50.26,340.13,6.23,22.31,0
14.06,10.62,47.46,218.08,5.15,9.41,0
82.71,108.56,62.7,507.88,7.51,81.79,1
49.76,19.17,55.38,317.29,10.25,27.85,0
54.14,31.21,69.02,349.42,-2.92,35.78,0
69.91,72.65,61.25,379.78,9.41,69.86,1
23.62,15.83,48.52,228.78,6.09,15.17,0
44.12,20.84,64.82,259.26,-10.89,23.12,0
6.61,2.32,51.01,101.25,0.26,0.0,0
11.68,3.06,55.48,162.52,-9.31,0.0,0
12.78,24.82,47.68,113.75,-11.21,4.85,0
39.11,32.33,52.78,254.03,1.83,14.97,0
55.98,26.21,48.48,349.67,1.39,32.0,0
28.07,13.61,59.96,161.45,2.75,6.37,0
34.19,4.54,49.36,251.87,-0.44,7.72,0
36.21,39.79,60.96,234.75,2.65,22.04,0
23.2,5.37,51.41,166.67,2.2,0.75,0
39.21,26.91,69.84,274.36,3.75,26.91,0
18.8,8.99,45.91,173.87,-5.37,0.0,0
13.35,1.36,52.43,202.72,5.79,5.6,0
24.37,5.65,67.22,189.48,-3.22,6.6,0
15.38,6.74,47.52,163.79,5.29,0.0,0
37.24,34.58,59.23,338.92,4.19,21.0,0
22.65,11.26,62.86,188.64,-5.17,3.96,0
29.21,21.88,53.41,197.17,2.29,9.5,0
36.72,6.33,46.96,303.34,3.18,10.02,0
42.61,37.38,61.39,290.1,-6.67,21.09,0
44.57,39.38,49.57,264.47,7.45,28.38,0
23.53,12.74,55.7,209.43,-4.74,7.42,0
34.65,9.93,52.19,225.63,-3.48,7.48,0
25.19,1.59,48.08,189.93,-10.25,0.0,0
38.93,4.11,58.38,204.86,-1.76,5.12,0
16.13,3.78,53.49,166.94,2.03,0.0,0
41.04,12.59,50.83,274.11,-1.17,18.57,0
24.47,2.06,45.37,207.86,-5.71,0.0,0
5.23,13.62,58.94,190.08,-1.0,9.43,0
67.17,57.17,55.41,345.7,8.26,56.46,1
53.15,39.58,59.81,244.52,-1.35,26.65,0
38.51,27.21,61.78,199.57,5.92,23.27,0
57.14,43.69,56.58,323.94,4.73,35.34,0
12.13,6.13,50.91,185.12,-9.56,0.0,0
74.4,147.44,67.73,490.88,1.55,71.57,1
59.89,50.58,51.4,287.64,1.04,35.09,0
67.4,71.08,67.7,410.89,0.69,58.6,1
59.14,46.61,57.59,317.33,-0.56,37.64,0
41.94,28.54,66.05,247.76,5.36,34.38,0
39.39,0.92,41.55,289.35,-0.81,10.75,0
25.85,31.54,55.59,215.92,10.82,21.07,0
74.52,85.55,53.8,373.33,3.61,67.45,1
44.17,31.22,68.17,365.67,-4.43,30.44,0
12.95,24.74,54.48,164.61,-4.74,10.1,0
47.98,30.21,49.46,226.21,-2.34,21.77,0
33.45,2.6,50.34,241.91,0.14,10.91,0
73.86,125.68,65.13,423.95,-2.15,70.29,1
61.35,43.67,45.83,265.85,-4.64,45.38,0
28.59,1.54,41.33,232.02,-3.43,1.05,0
73.35,83.16,76.41,408.73,3.38,68.33,1
29.77,26.29,45.29,294.5,3.57,12.62,0
12.2,3.61,40.73,172.22,6.34,0.84,0
69.87,78.19,63.38,432.14,16.4,68.46,1
33.4,18.09,61.21,293.08,-4.64,16.11,0
51.33,43.77,56.2,320.27,0.21,37.43,0
35.46,8.45,44.78,272.34,-3.93,12.0,0
38.62,27.12,50.0,317.55,4.62,19.15,0
21.12,5.57,63.21,227.24,-2.0,6.69,0
25.13,13.27,61.14,293.2,11.76,16.58,0
74.55,64.16,69.57,449.93,13.42,73.19,1
48.75,25.07,62.38,296.87,0.45,27.27,0
38.76,20.4,58.6,229.15,1.89,18.79,0
51.21,18.77,47.35,311.78,-6.12,20.51,0
86.28,160.61,60.84,591.1,6.35,82.14,1
19.63,5.86,61.44,187.91,2.27,2.52,0
57.47,68.2,63.18,359.05,2.24,50.98,1
54.12,43.24,45.05,331.91,2.89,38.97,0
43.2,21.22,54.4,326.62,-5.64,14.12,0
60.01,73.8,52.17,388.24,11.76,62.18,1
22.47,1.89,60.69,263.08,4.58,8.78,0
55.68,14.33,65.6,296.0,-6.41,32.2,0
64.46,91.32,71.95,387.04,10.75,70.53,1
71.35,139.24,58.67,547.91,-0.08,68.21,1
7.13,14.73,59.78,249.87,6.37,12.63,0
42.34,21.86,45.35,264.2,0.62,21.98,0
8.39,0.0,53.88,86.42,0.73,0.18,0
22.54,5.19,46.91,218.5,5.12,5.97,0
44.87,39.87,43.5,331.34,4.02,27.29,0
9.79,5.74,47.38,198.71,0.26,0.0,0
18.25,0.0,53.79,111.39,7.79,6.35,0
16.01,12.62,59.83,231.75,0.53,4.55,0
14.73,0.0,62.02,175.03,2.71,8.82,0
23.81,4.07,51.84,153.55,2.84,0.03,0
19.42,2.3,45.32,238.91,-3.15,1.74,0
23.89,24.7,55.28,181.28,4.0,8.65,0
50.44,30.21,63.28,276.84,-2.76,38.23,0
72.45,46.56,63.11,366.54,-1.38,57.78,1
19.57,6.88,64.02,260.61,-2.67,13.74,0
69.09,55.17,69.1,464.39,1.55,55.5,1
34.6,7.79,52.44,181.49,2.2,14.14,0
40.49,20.37,60.15,287.71,-2.53,29.27,0
49.81,25.17,65.46,294.0,1.05,28.33,0
24.53,22.84,67.49,254.7,-3.46,15.79,0
38.87,6.74,64.95,252.32,5.12,14.96,0
56.44,26.76,59.1,247.72,4.46,31.19,0
94.55,169.62,71.11,675.73,8.64,87.44,1
48.85,17.75,62.85,303.04,-0.75,23.49,0
59.52,58.96,66.73,380.68,6.28,53.82,1
35.56,37.83,49.54,307.19,1.59,19.52,0
57.36,40.88,57.31,374.58,9.64,43.61,0
14.01,5.23,57.01,111.65,-0.28,0.38,0
26.69,12.45,61.99,163.68,-5.24,1.76,0
34.29,4.15,54.88,166.64,-8.85,6.17,0
59.71,53.1,59.08,318.98,4.74,38.33,0
20.22,18.4,53.69,122.35,9.04,11.33,0
64.31,54.72,51.84,358.97,-3.22,48.74,0
29.64,15.56,47.54,208.84,0.58,6.87,0
56.45,35.67,60.14,337.08,3.4,38.68,0
41.5,8.11,56.15,233.52,-0.71,18.77,0
10.17,12.02,60.51,221.67,-5.72,7.28,0
17.11,3.45,49.8,124.0,-10.92,0.0,0
7.88,6.26,55.56,177.71,3.51,3.8,0
18.78,9.45,46.11,123.42,0.94,1.23,0
38.28,3.91,62.76,254.49,-7.14,8.32,0
34.17,34.29,53.08,224.68,-6.56,11.53,0
7.71,13.39,60.67,160.36,4.51,9.99,0
63.33,79.06,70.77,364.6,2.09,67.04,1
67.6,47.43,55.25,426.83,4.85,50.03,1
32.41,3.93,41.25,273.19,3.56,10.92,0
78.07,86.52,55.47,387.66,12.47,69.81,1
36.69,43.1,63.08,333.91,0.85,28.16,0
5.43,20.79,61.35,175.56,-1.63,13.18,0
51.03,44.55,47.0,329.57,-7.2,33.17,0
7.55,12.8,48.07,211.77,9.59,15.34,0
55.58,50.93,60.1,369.13,3.2,40.85,0
3.31,13.47,44.71,140.81,-6.16,0.0,0
69.77,133.01,64.2,432.41,16.03,70.04,1
9.69,10.24,58.99,142.09,-7.8,0.0,0
38.12,5.39,58.39,224.45,3.6,13.06,0
9.36,11.15,41.37,195.11,0.54,0.73,0
15.76,0.0,52.03,116.08,3.7,3.25,0
20.42,6.32,59.15,241.77,2.64,0.0,0
23.74,8.58,43.78,174.88,-0.44,0.0,0
5.97,38.23,62.07,182.77,2.95,14.07,0
8.67,1.15,41.14,223.67,8.49,8.6,0
8.6,0.0,48.48,185.18,-3.8,0.0,0
32.86,3.8,54.05,221.95,-1.79,11.87,0
10.86,3.48,55.9,117.3,-6.83,0.0,0
40.37,5.74,47.21,204.94,-4.8,16.8,0
59.71,59.65,59.51,439.29,-2.21,41.68,0
19.88,18.83,49.49,261.46,-0.13,7.85,0
24.29,14.43,48.54,247.76,0.17,7.7,0
40.92,19.89,56.53,224.2,6.65,25.36,0
66.58,80.56,56.03,355.25,7.66,57.46,1
34.42,10.76,49.17,230.45,-1.71,14.04,0
31.39,0.1,47.66,220.53,9.19,17.64,0
60.1,80.62,51.1,412.84,12.65,63.19,1
11.88,6.08,51.39,94.97,-1.6,0.15,0
62.57,91.04,64.67,474.92,2.58,60.63,1
11.79,1.21,62.96,229.94,1.57,8.69,0
36.54,18.54,55.4,293.68,4.96,9.48,0
62.72,66.31,71.0,347.99,1.31,59.63,1
70.43,47.23,46.87,303.78,-1.46,48.99,0
49.09,25.92,59.65,335.95,-2.38,21.9,0
24.21,6.7,58.1,265.13,3.84,3.24,0
56.67,36.23,58.73,319.4,1.96,36.39,0
35.14,3.4,50.19,236.58,0.0,4.35,0
38.6,23.25,64.0,233.0,-5.27,17.89,0
19.53,0.87,57.98,165.3,-5.23,0.0,0
10.68,4.26,47.45,50.25,4.59,5.02,0
23.21,9.19,62.99,146.38,3.43,7.82,0
30.27,8.88,50.27,206.98,7.0,17.04,0
28.76,6.0,46.36,211.46,2.9,1.74,0
14.63,0.0,43.01,94.13,-7.38,0.0,0
17.45,30.44,57.09,222.59,-6.16,6.51,0
4.96,10.0,54.01,163.55,2.7,0.24,0
54.55,24.82,61.55,362.69,3.59,37.34,0
35.71,0.47,63.57,182.56,5.2,16.07,0
44.74,37.85,64.61,307.97,2.08,29.33,0
7.18,12.11,55.29,127.47,-7.26,1.95,0
73.42,86.31,67.83,458.84,3.91,66.17,1
43.07,25.32,58.26,213.85,2.11,24.11,0
36.8,4.08,54.19,155.15,-5.79,0.0,0
56.23,62.1,64.59,398.68,4.7,52.55,1
5.57,6.84,49.88,144.06,-4.68,1.06,0
81.69,83.58,67.14,509.24,6.66,76.14,1
25.33,0.6,42.97,130.14,-4.58,0.0,0
37.39,11.67,50.13,256.53,2.96,13.57,0
24.04,14.33,53.15,200.68,3.47,10.11,0
36.54,5.81,49.15,257.1,-3.5,9.34,0
73.16,80.64,69.21,447.39,9.71,71.0,1
7.48,2.33,43.51,96.12,4.47,2.96,0
49.77,32.21,65.39,346.14,-8.47,22.0,0
64.15,62.94,60.61,417.76,0.62,57.42,1
28.23,2.15,59.09,230.21,-0.86,6.79,0
6.14,0.0,45.16,78.84,2.5,8.07,0
85.7,153.65,62.48,523.65,-0.84,75.67,1
56.32,22.61,54.81,239.14,0.63,32.16,0
68.57,51.0,58.15,439.01,0.64,48.82,0
31.38,8.95,41.92,283.78,1.78,6.76,0
39.23,0.85,47.48,192.66,-4.58,8.5,0
72.13,57.0,68.17,358.62,10.03,68.77,1
70.71,160.02,62.51,522.91,7.45,76.77,1
59.2,73.03,69.9,405.46,12.79,58.81,1
32.71,2.13,48.65,267.3,1.12,12.29,0
41.72,23.33,55.77,326.76,6.0,31.42,0
25.13,17.9,58.64,264.83,5.9,14.38,0
38.54,8.96,65.19,243.11,2.3,15.58,0
14.32,0.0,64.08,210.68,0.13,6.62,0
73.04,75.95,58.52,381.32,0.53,57.75,1
38.35,37.11,57.24,307.35,-0.33,14.68,0
57.6,40.14,53.19,384.33,7.29,40.59,0
37.46,2.02,52.0,246.05,1.35,12.5,0
69.58,43.97,69.91,284.39,3.24,54.21,1
68.34,40.38,46.19,355.35,-1.06,47.83,0
37.69,24.12,45.87,254.41,7.78,22.36,0
31.21,3.75,44.77,199.23,9.9,15.36,0
25.08,3.37,40.18,158.07,6.4,6.07,0
73.5,55.2,64.22,445.99,17.43,67.71,1
71.91,82.75,54.19,432.0,13.24,71.05,1
8.94,0.0,43.47,76.46,-5.86,0.0,0
80.69,160.42,73.4,576.07,12.78,87.09,1
29.7,0.0,44.63,170.68,-4.99,0.0,0
39.1,3.29,47.48,180.36,-1.56,4.3,0
38.56,40.92,64.69,306.41,3.56,29.7,0
6.53,3.93,42.94,145.05,-2.81,0.0,0
7.14,5.0,65.95,177.89,-3.05,2.57,0
14.66,20.38,49.23,190.07,3.78,9.05,0
34.53,2.14,47.0,255.33,1.93,8.07,0
31.49,1.75,40.38,262.67,4.8,10.12,0
23.01,10.98,59.72,199.09,-4.47,3.42,0
5.34,10.41,55.99,205.66,-4.77,9.89,0
19.81,0.63,61.56,144.48,-9.34,1.76,0
39.25,22.9,59.49,185.81,-3.45,16.7,0
37.75,16.04,50.99,175.07,-1.78,12.72,0
89.44,117.91,62.3,521.93,12.17,91.04,1
13.73,14.64,57.38,254.18,4.37,7.08,0
36.75,14.96,52.63,167.69,9.06,18.99,0
34.64,7.44,50.94,158.73,-8.22,0.12,0
60.16,55.18,54.79,306.27,2.88,47.78,0
34.11,6.64,51.1,215.96,-1.67,9.45,0
39.22,38.93,64.94,198.15,-3.7,18.83,0
29.48,10.0,43.93,225.68,0.38,8.07,0
8.91,27.5,61.5,135.03,-2.6,12.56,0
72.66,80.43,66.76,368.02,6.68,71.04,1
25.33,4.17,57.06,239.33,-7.24,0.0,0
8.63,4.73,58.94,103.55,7.32,4.39,0
15.85,13.89,66.28,233.81,5.11,15.28,0
25.48,1.42,53.23,188.27,0.99,3.13,0
30.32,3.17,51.78,167.59,1.97,0.92,0
21.68,1.63,63.12,242.41,2.28,7.31,0
18.5,21.65,64.93,143.65,5.71,16.9,0
46.17,31.11,60.21,340.59,5.05,29.51,0
39.37,45.39,65.12,240.72,1.61,30.92,0
44.41,29.69,66.87,263.15,-4.85,28.9,0
55.92,44.99,54.67,359.81,-2.5,44.59,0
37.24,10.47,45.31,293.45,-2.87,9.99,0
45.05,18.44,47.98,265.54,-1.29,20.37,0
19.36,6.32,38.78,261.8,2.24,5.28,0
6.69,7.46,43.71,87.13,-1.05,1.35,0
79.97,170.46,75.64,606.53,19.61,87.21,1
25.55,2.43,57.37,240.94,-16.68,0.0,0
53.54,25.53,59.75,258.58,0.63,31.73,0
77.63,123.16,63.91,540.98,-2.7,69.16,1
12.3,6.67,60.3,131.43,-0.54,12.89,0
66.69,56.63,65.25,297.8,10.27,56.07,1
72.6,147.54,60.48,499.53,5.76,72.43,1
13.58,0.16,57.14,234.07,-2.71,0.0,0
33.18,4.59,57.23,286.61,-2.02,9.35,0
11.89,24.18,55.2,151.85,0.11,8.31,0
13.4,32.19,63.53,271.83,-3.13,12.67,0
37.29,26.2,62.57,263.86,4.05,25.44,0
58.72,80.32,64.4,350.42,4.02,46.86,0
47.96,44.07,59.02,350.29,8.34,40.24,0
7.88,10.25,46.63,158.29,-2.47,2.04,0
45.84,26.06,58.55,254.14,3.72,21.31,0
6.36,1.01,55.11,68.21,2.67,0.92,0
47.83,26.82,68.85,317.74,1.82,29.37,0
13.8,2.39,46.12,171.89,1.58,3.09,0
7.02,14.24,50.46,139.41,2.71,8.48,0
43.86,22.06,47.53,253.4,2.77,21.3,0
26.39,4.83,60.71,187.72,1.3,0.27,0
13.18,2.09,42.93,175.97,-4.42,0.0,0
63.94,37.91,50.1,415.57,-11.04,41.17,0
8.79,7.74,62.82,211.55,9.24,12.82,0
38.66,20.9,51.1,240.41,5.79,30.64,0
32.61,2.81,44.48,150.44,-0.16,13.05,0
34.06,3.87,57.3,187.39,2.42,13.43,0
74.77,49.75,48.89,417.47,-1.92,55.12,1
34.85,42.54,57.38,286.99,8.2,32.03,0
8.5,14.66,51.02,112.07,-1.63,0.0,0
38.12,11.06,47.95,273.06,3.3,15.23,0
13.03,3.38,42.33,81.35,0.82,0.0,0
35.58,3.06,45.83,157.66,-5.96,0.0,0
50.02,20.85,65.86,278.19,-4.17,34.73,0
84.67,154.09,74.57,593.95,10.21,91.89,1
35.05,15.49,56.07,200.14,9.48,22.42,0
68.68,74.08,55.92,415.81,10.38,65.56,1
13.2,17.27,51.57,211.62,-6.43,0.99,0
71.06,56.7,55.29,389.9,6.43,64.98,1
5.95,0.2,53.88,183.4,-7.12,0.0,0
32.09,9.94,62.96,141.66,-3.36,13.97,0
12.66,0.0,63.76,159.27,-5.34,0.0,0
16.71,0.0,41.9,213.36,3.34,6.22,0
15.45,38.64,53.55,125.87,-9.71,2.97,0
23.94,15.49,42.54,164.47,-3.82,2.54,0
25.84,3.07,49.86,246.38,-1.31,2.61,0
37.2,51.54,57.11,270.83,2.11,25.56,0
13.49,4.44,46.16,166.0,1.16,2.11,0
36.97,20.77,63.25,190.33,-6.02,13.32,0
25.6,13.91,64.33,156.68,5.22,11.22,0
35.66,22.24,67.87,224.92,6.59,22.5,0
16.84,5.65,45.41,119.94,-1.12,1.03,0
11.76,10.92,60.88,104.72,-6.98,3.22,0
18.83,0.0,61.3,146.67,-12.95,1.56,0
37.97,3.05,61.44,200.39,4.85,16.58,0
48.94,20.71,64.4,301.74,-9.02,30.02,0
53.71,25.17,61.71,366.71,-5.42,27.48,0
73.42,113.71,61.05,568.61,11.48,77.51,1
25.24,0.0,50.74,204.63,-4.98,0.93,0
9.77,0.69,61.17,199.4,6.51,9.81,0
55.55,45.24,56.9,414.97,1.17,35.47,0
44.82,35.26,63.95,332.58,-7.19,25.36,0
93.34,141.3,72.22,578.52,16.37,92.93,1
74.29,83.66,64.85,493.19,16.4,75.95,1
13.63,18.07,61.32,269.03,-5.24,10.47,0
15.07,3.19,45.89,139.22,-9.96,0.0,0
23.44,12.7,51.31,140.26,1.43,4.21,0
26.61,5.58,50.19,232.43,4.39,6.96,0
52.18,21.63,59.88,332.11,-0.98,34.36,0
38.61,4.82,44.33,218.32,-1.97,9.52,0
11.96,5.86,53.15,165.07,-1.56,0.0,0
8.82,7.61,42.3,182.46,5.44,5.46,0
45.7,39.34,58.69,278.27,-5.66,16.52,0
57.45,36.98,54.27,271.44,-7.39,26.68,0
24.74,4.04,42.65,115.9,-4.12,0.0,0
11.61,0.0,62.9,210.32,7.09,16.97,0
35.65,3.54,56.37,251.23,-5.46,1.9,0
6.85,10.59,48.67,98.67,4.16,6.52,0
70.42,152.45,69.64,494.71,2.04,68.63,1
46.57,35.62,65.37,258.52,9.35,33.04,0
54.72,38.04,68.97,270.54,3.82,43.04,0
42.28,34.26,65.46,258.82,4.41,28.11,0
8.14,11.38,65.0,146.64,6.6,15.65,0
41.73,2.86,52.95,174.62,0.6,10.12,0
54.51,52.69,48.06,329.14,2.12,36.69,0
23.58,7.17,56.22,192.39,-6.56,0.0,0
67.84,78.97,73.84,471.98,6.61,69.35,1
7.62,4.47,60.27,220.49,-4.88,6.95,0
31.37,6.25,60.64,298.79,3.77,17.31,0
28.1,5.48,47.32,167.39,0.59,0.66,0
22.37,2.01,55.0,224.54,4.96,7.13,0
29.17,3.38,41.67,220.9,-1.85,5.44,0
29.94,0.0,61.12,236.12,0.71,4.1,0
71.92,82.58,65.36,354.23,7.88,71.96,1
34.53,4.73,44.98,285.58,2.51,9.14,0
17.44,2.93,53.98,173.89,0.74,0.0,0
48.44,36.01,49.72,244.02,-0.74,21.45,0
7.65,5.34,46.38,164.8,-0.6,0.0,0
27.11,9.84,53.7,232.32,2.88,2.61,0
44.06,42.95,68.22,277.98,2.85,37.37,0
56.78,66.09,69.74,399.94,10.62,57.24,1
35.59,2.97,52.51,202.82,2.11,11.05,0
9.74,3.31,57.27,144.41,-5.15,0.0,0
14.54,36.28,52.0,196.28,-3.09,5.06,0
37.38,5.91,49.21,250.78,8.3,20.46,0
5.48,2.15,64.74,82.27,-7.7,0.0,0
28.14,14.32,67.48,145.03,2.89,4.37,0
12.1,3.38,49.94,105.26,1.23,0.0,0
15.2,1.58,57.04,193.6,-2.65,0.0,0
53.91,30.46,54.94,331.54,6.17,38.72,0
27.18,31.61,69.61,232.23,3.21,15.41,0
16.39,1.71,49.26,161.57,5.12,3.28,0
43.05,24.59,62.35,188.69,0.63,26.99,0
46.95,34.88,50.49,259.96,1.45,22.79,0
17.3,20.96,56.11,289.19,6.9,15.12,0
69.16,57.28,61.95,364.15,-2.2,49.52,0
22.14,6.49,65.26,199.74,-3.18,4.67,0
92.99,158.61,77.22,593.53,9.35,84.53,1
79.79,103.79,64.82,498.74,8.49,80.58,1
23.58,3.37,61.01,232.45,-7.06,1.26,0
33.63,1.98,43.26,196.17,-4.04,3.18,0
39.99,43.73,48.03,313.21,-6.16,17.69,0
22.69,0.0,44.75,111.63,5.62,5.41,0
56.35,50.04,59.8,294.93,4.43,38.42,0
35.64,15.91,50.81,169.21,2.49,15.29,0
25.85,4.84,44.53,199.05,4.32,0.77,0
25.92,3.56,47.43,229.96,0.5,0.04,0
70.45,85.24,56.19,427.13,7.71,63.7,1
93.25,134.47,78.23,518.32,-0.14,81.86,1
14.83,5.99,43.84,204.08,3.59,4.94,0
94.25,96.2,76.29,465.98,4.38,77.57,1
17.37,1.45,56.99,161.45,-7.76,0.0,0
18.15,9.4,57.29,208.69,-5.89,1.14,0
23.62,21.08,46.91,251.24,7.44,13.82,0
52.18,29.24,62.01,258.79,13.23,45.44,0
67.77,87.09,53.88,448.53,9.86,64.22,1
72.46,66.83,70.66,395.1,3.29,68.66,1
27.72,2.83,50.81,276.82,3.4,0.25,0
58.38,71.65,47.59,320.07,1.83,42.52,0
36.4,6.3,58.2,193.32,-0.57,10.11,0
51.12,39.08,50.69,388.94,1.78,35.15,0
14.47,17.85,53.8,253.69,3.67,7.17,0
20.36,5.4,60.02,113.78,-0.83,0.0,0
17.82,6.14,48.8,201.72,5.49,11.53,0
64.79,49.79,69.95,346.01,-8.09,41.72,0
30.16,3.07,62.67,194.72,3.67,13.93,0
30.09,8.95,62.13,139.45,0.77,9.91,0
33.14,8.44,54.98,151.14,-1.39,8.22,0
16.13,23.25,64.14,264.6,6.64,18.35,0
18.24,11.37,63.53,249.64,-4.03,15.37,0
95.03,100.14,74.2,471.64,8.06,88.17,1
12.79,1.34,65.18,145.0,2.61,7.09,0
18.79,6.08,57.61,228.72,0.29,0.0,0
32.83,7.31,44.98,136.24,0.56,7.01,0
7.36,53.1,48.5,221.3,2.95,17.05,0
34.39,0.0,53.73,219.08,-0.64,10.76,0
72.11,58.57,64.08,414.64,15.32,71.0,1
62.53,53.52,65.97,402.77,-6.06,48.8,0
43.48,26.76,54.21,349.99,9.01,30.45,0
13.44,1.83,52.6,196.6,-4.71,0.48,0
13.23,5.37,59.99,187.82,-5.53,0.0,0
10.19,1.26,43.64,220.95,1.43,7.41,0
65.06,79.58,60.35,422.67,2.39,58.39,1
37.8,30.66,66.42,322.11,6.86,24.05,0
21.52,0.59,50.5,121.3,9.66,13.18,0
7.83,30.57,56.95,131.05,-4.06,9.82,0
72.92,69.49,53.46,467.24,8.4,69.82,1
46.13,30.58,55.11,337.51,-1.29,22.89,0
57.59,74.75,70.91,442.5,3.36,54.07,1
30.64,2.43,51.64,294.33,8.19,17.42,0
55.28,33.52,50.07,274.66,-1.7,25.91,0
78.16,123.13,75.59,574.6,-0.0,77.37,1
56.88,56.51,62.92,413.68,16.14,54.36,1
35.78,13.7,53.28,270.08,7.11,17.11,0
93.01,100.66,56.87,514.14,5.26,77.37,1
26.75,2.73,63.5,281.08,1.58,3.96,0
75.0,75.96,65.05,460.32,7.05,63.67,1
55.78,21.6,49.81,274.08,6.39,35.26,0
29.27,15.5,57.01,197.15,2.36,5.08,0
12.2,12.08,57.55,185.06,-2.44,4.56,0
42.02,41.84,61.27,341.22,-2.12,30.34,0
30.1,9.79,42.1,126.7,-3.14,6.42,0
71.8,61.53,58.82,375.59,0.56,63.39,1
74.63,78.72,70.84,470.19,0.75,69.43,1
37.56,4.11,50.31,191.48,1.47,0.31,0
58.76,37.69,50.87,241.3,-1.18,33.23,0
23.8,5.36,55.16,268.25,-0.32,2.55,0
39.9,34.36,45.49,304.48,-0.92,15.66,0
30.81,2.3,44.85,220.47,2.27,17.25,0
13.11,4.66,46.48,159.97,-0.07,0.0,0
69.37,42.82,65.89,302.56,-6.55,48.08,0
20.46,14.4,63.06,199.87,-3.48,7.25,0
37.84,8.05,42.74,146.25,3.19,5.23,0
8.41,0.0,60.0,185.77,-2.53,2.1,0
17.64,21.66,50.59,175.78,1.68,5.05,0
10.41,2.81,44.67,155.5,2.31,0.75,0
11.48,0.59,49.37,86.77,5.98,8.65,0
28.18,3.15,48.37,241.58,6.96,10.03,0
53.32,15.83,45.7,289.3,-5.9,22.04,0
14.36,7.56,44.26,131.02,-7.28,0.0,0
21.25,12.56,55.72,159.93,-4.16,3.62,0
27.64,2.75,59.86,267.06,3.48,0.0,0
18.39,1.54,42.88,234.86,3.45,6.79,0
22.92,12.89,50.6,234.77,-2.22,5.89,0
64.56,69.67,51.38,408.61,4.29,55.67,1
92.1,89.8,69.34,406.93,3.59,71.85,1
35.43,2.92,66.27,182.34,5.08,17.33,0
14.24,2.96,41.23,205.03,-6.64,0.11,0
21.11,19.34,63.85,194.35,-1.11,11.0,0
15.65,1.12,46.21,199.54,9.42,5.28,0
38.56,28.89,42.4,311.68,-1.73,15.47,0
54.15,34.09,61.59,329.21,2.24,40.06,0
16.27,4.57,62.51,177.47,-8.22,0.0,0
39.61,5.8,46.83,178.32,4.71,10.59,0
10.43,3.6,52.02,209.09,0.5,2.05,0
38.23,27.7,59.18,288.69,-0.26,15.77,0
10.51,0.0,40.92,123.52,-6.33,0.0,0
33.4,14.97,44.26,214.38,-7.86,6.53,0
83.59,126.98,56.44,475.19,-6.53,64.47,1
42.44,28.14,46.19,207.85,-9.58,17.36,0
13.04,0.0,59.35,198.95,-1.09,0.0,0
29.24,0.0,47.17,226.8,-2.51,3.45,0
95.02,152.12,81.07,610.98,8.77,93.38,1
63.51,45.45,69.32,300.16,0.78,53.13,1
25.87,8.49,65.58,219.73,-1.15,7.63,0
12.88,7.7,49.79,83.08,4.73,0.0,0
44.84,16.77,48.54,285.13,-6.47,14.81,0
18.58,9.3,58.39,169.26,5.84,7.25,0
60.37,53.17,55.06,344.89,1.74,45.51,0
58.87,73.42,50.75,357.47,7.35,50.12,1
19.57,5.21,46.87,194.48,1.37,2.11,0
4.26,12.28,43.38,205.82,-2.36,5.69,0
25.5,0.71,64.45,113.4,3.82,6.6,0
21.56,12.04,66.04,172.37,-4.99,7.84,0
28.6,13.57,52.67,159.36,3.34,5.23,0
17.77,5.89,48.22,151.89,-4.88,0.0,0
75.02,141.09,69.28,516.92,9.38,78.44,1
51.36,37.69,58.18,262.16,0.39,33.31,0
49.09,39.5,53.99,307.84,0.52,20.29,0
36.66,20.93,63.61,206.95,-4.45,24.49,0
15.55,10.71,45.83,128.86,2.6,3.66,0
27.11,12.98,43.1,221.18,-0.66,5.96,0
64.4,71.98,55.0,341.87,20.0,59.29,1
23.72,0.0,38.84,200.08,2.04,4.4,0
49.95,42.37,61.87,256.8,7.74,42.02,0
36.5,38.02,60.76,174.44,0.1,16.09,0
9.51,0.02,59.39,66.45,6.69,3.46,0
7.67,26.03,55.95,126.79,-4.28,6.8,0
57.71,33.67,62.84,366.64,-2.31,38.45,0
34.59,6.74,65.56,136.16,1.14,10.25,0
16.39,9.48,59.77,140.49,-6.93,0.0,0
12.42,23.54,66.82,129.29,7.49,17.67,0
48.49,26.09,51.82,282.67,0.06,22.22,0
21.43,56.11,63.44,222.98,4.31,21.93,0
40.11,36.49,60.97,237.69,18.03,39.52,0
32.05,6.44,43.9,267.14,4.26,7.93,0
80.64,176.83,82.8,537.17,0.75,85.17,1
37.14,5.6,55.3,188.38,1.1,3.69,0
69.04,77.59,65.46,432.63,2.52,59.82,1
65.09,61.4,47.35,413.51,1.66,54.96,1
35.76,7.58,54.25,236.81,-4.3,7.55,0
19.74,20.94,46.93,213.44,-6.33,2.48,0
18.29,0.0,53.91,199.13,-8.22,0.0,0
55.46,30.09,53.76,255.25,3.0,29.71,0
35.9,26.31,63.46,263.42,-3.06,21.96,0
49.47,22.86,47.0,219.93,-7.65,18.16,0
18.1,6.03,60.87,249.77,-0.91,7.51,0
13.78,12.08,65.7,191.55,1.64,10.42,0
29.3,8.85,63.42,199.78,-0.12,1.57,0
12.47,1.22,47.59,182.79,-5.41,0.0,0
66.26,69.62,60.58,455.14,4.55,62.2,1
14.96,4.38,51.78,199.21,-4.74,0.8,0
10.51,25.1,59.23,206.75,-2.08,8.45,0
27.9,2.49,44.21,205.85,-1.62,3.9,0
15.45,6.43,50.43,245.83,-8.65,0.0,0
25.98,14.3,58.3,201.93,-1.89,8.76,0
54.85,27.09,64.77,295.47,-0.76,33.9,0
27.96,0.0,60.84,169.87,5.59,10.38,0
13.97,11.62,51.02,137.16,3.33,6.46,0
49.32,14.52,60.5,340.93,-6.13,17.21,0
72.24,50.39,65.15,370.42,8.36,68.85,1
20.4,0.0,54.56,230.28,-0.27,5.95,0
57.0,14.89,68.49,313.31,3.89,35.75,0
23.11,0.0,55.33,176.33,2.86,0.22,0
60.64,44.33,54.68,372.84,3.6,51.22,1
88.98,160.85,66.42,604.89,2.09,80.22,1
67.36,74.97,71.51,400.09,3.27,66.98,1
89.77,170.4,65.4,555.85,4.48,78.45,1
38.07,36.71,46.7,251.27,4.79,17.56,0
20.94,6.26,44.58,191.66,3.48,0.24,0
37.55,0.0,56.55,191.62,1.0,6.09,0
70.83,65.27,72.92,447.34,12.05,78.05,1
42.79,32.77,65.17,205.9,-6.66,20.15,0
27.33,5.93,60.27,242.57,-1.51,8.85,0
74.93,43.22,52.38,346.14,12.17,58.74,1
24.9,2.54,45.07,219.56,2.86,7.83,0
45.62,31.86,59.69,358.48,3.75,25.8,0
5.31,0.0,60.96,112.62,-2.75,4.62,0
57.95,56.09,50.44,315.71,4.01,41.46,0
19.14,1.97,62.34,230.47,12.56,21.83,0
74.74,73.47,54.37,466.52,3.33,64.6,1
37.22,10.25,63.02,165.36,-4.12,17.24,0
58.12,18.42,47.62,242.65,-11.58,19.04,0
18.39,12.09,55.92,164.46,-5.77,0.65,0
14.51,14.59,41.67,248.14,-3.32,5.61,0
33.45,9.43,45.95,225.59,0.2,6.87,0
28.34,8.32,39.34,266.37,14.64,14.82,0
4.44,11.79,59.55,158.18,-8.82,0.0,0
18.28,0.0,49.85,217.52,-2.3,0.38,0
90.65,156.99,72.62,582.29,5.31,83.04,1
85.68,124.34,66.7,465.69,3.17,79.1,1
32.11,6.28,63.19,179.17,5.41,14.63,0
42.09,32.4,62.17,336.69,3.53,29.38,0
43.0,39.01,69.71,330.45,8.86,37.86,0
33.64,12.89,47.13,256.25,-2.83,13.58,0
32.96,2.75,57.52,198.26,0.35,5.32,0
29.01,10.79,48.83,216.77,5.08,9.71,0
28.0,4.56,46.37,118.11,-5.15,0.0,0
20.89,32.36,49.5,217.18,2.92,13.87,0
40.46,1.08,60.48,239.44,8.07,25.74,0
40.44,5.07,51.52,174.37,-3.32,15.12,0
7.57,3.25,48.62,199.79,5.14,6.89,0
64.18,43.05,65.6,286.9,-0.08,46.62,0
6.69,11.85,47.93,67.48,-2.66,10.12,0
13.28,3.05,62.97,95.2,-10.26,0.0,0
6.83,1.7,65.12,175.87,2.79,6.51,0
21.86,1.69,44.93,250.61,3.58,5.9,0
25.71,1.65,43.1,218.97,0.31,1.21,0
16.64,12.3,55.37,110.13,17.23,10.68,0
27.19,15.6,65.73,287.14,-4.01,13.13,0
50.72,40.95,69.42,313.63,0.45,38.82,0
95.55,126.64,63.5,554.95,10.58,85.08,1
26.82,11.13,44.12,134.83,1.89,0.0,0
35.64,12.52,46.72,302.19,5.01,19.26,0
27.17,8.22,53.53,206.92,-0.41,5.93,0
71.14,82.85,64.67,463.23,3.97,69.25,1
27.59,4.16,52.79,163.2,7.08,3.39,0
39.56,3.19,48.53,287.69,12.95,21.03,0
38.12,42.37,48.1,292.53,-1.87,23.97,0
35.79,12.81,50.91,238.63,2.5,17.98,0
38.48,24.74,65.16,233.81,7.88,23.71,0
71.37,68.57,59.67,445.07,8.92,64.54,1
35.41,5.9,56.92,202.95,-1.04,16.32,0
47.98,24.28,53.93,296.55,-3.25,23.93,0
32.48,27.08,63.8,201.58,-3.93,20.16,0
11.31,3.9,44.97,167.69,0.41,0.0,0
31.92,9.77,57.25,227.05,-8.24,1.71,0
32.78,8.99,61.65,174.23,3.89,14.12,0
50.97,34.28,61.89,265.06,-2.61,34.25,0
54.37,41.01,52.73,300.89,-6.16,35.76,0
24.03,11.7,46.08,176.55,-1.0,6.01,0
37.47,11.65,61.18,258.49,-3.87,16.83,0
9.73,4.29,62.84,236.61,8.85,14.52,0
38.61,0.69,45.04,186.75,-3.34,7.63,0
62.1,57.65,62.38,311.99,-6.11,46.7,0
72.53,60.34,54.46,393.82,1.51,61.03,1
26.6,16.55,52.53,259.86,-1.81,7.07,0
5.7,14.7,53.75,224.48,3.32,7.49,0
62.54,70.45,48.8,299.84,1.94,49.1,0
30.21,2.89,61.94,163.31,2.95,12.07,0
24.18,1.02,60.58,180.08,-2.68,2.63,0
12.59,1.53,63.33,76.36,-4.4,1.91,0
56.02,36.04,54.92,337.62,5.26,33.4,0
70.48,56.1,56.98,390.71,11.32,64.89,1
8.41,20.06,51.13,94.35,-6.44,1.21,0
27.0,4.65,58.33,178.32,7.67,3.27,0
29.1,4.81,63.85,272.02,-1.14,3.97,0
70.4,114.35,60.58,441.43,9.94,80.85,1
55.47,35.21,58.72,295.3,11.91,40.65,0
20.38,0.0,54.67,104.3,1.41,0.0,0
28.13,2.64,42.4,256.58,-3.58,3.66,0
20.68,7.96,59.84,125.99,1.82,0.0,0
31.04,7.16,64.69,177.87,3.92,8.7,0
47.95,35.15,50.29,292.53,2.31,27.03,0
51.18,36.95,64.07,250.48,10.5,42.23,0
9.64,0.39,51.58,100.22,1.6,0.26,0
74.65,67.91,59.4,435.5,-0.64,60.83,1
74.67,67.15,54.02,410.05,3.87,61.48,1
62.5,74.2,50.02,354.18,8.38,66.18,1
7.24,5.76,55.75,213.94,4.91,6.17,0
21.71,13.02,55.87,232.57,-4.26,6.18,0
71.36,78.13,62.58,384.79,2.42,69.66,1
25.04,2.21,53.73,149.15,1.13,0.0,0
19.74,3.32,44.29,155.88,0.68,0.0,0
7.08,42.89,59.51,256.53,14.6,27.14,0
25.59,6.52,51.13,226.79,-0.58,3.45,0
71.12,58.1,53.61,422.47,9.67,67.15,1
74.38,59.63,67.28,386.04,14.23,70.76,1
74.57,79.64,71.66,514.49,8.21,77.57,1
27.76,13.87,57.96,160.71,1.48,2.23,0
30.25,4.28,45.31,248.22,1.57,5.89,0
16.19,13.79,57.47,153.25,-1.49,0.0,0
36.36,1.78,51.34,159.93,-9.19,2.54,0
26.62,10.66,51.62,133.09,3.59,0.94,0
36.25,3.93,55.03,190.25,3.96,8.47,0
34.45,3.93,51.95,254.7,-10.41,8.68,0
13.6,7.35,47.16,202.29,-4.99,3.16,0
22.63,1.29,38.09,147.7,5.06,8.36,0
12.48,2.89,52.14,210.69,3.6,8.36,0
15.71,12.54,65.54,172.07,5.24,10.15,0
40.4,33.9,47.49,336.11,0.61,23.13,0
36.09,26.36,67.28,251.86,-7.65,19.76,0
30.86,0.0,44.84,152.09,3.53,11.25,0
33.57,19.97,52.75,276.56,-3.23,12.05,0
5.63,11.01,44.56,207.25,-1.85,3.45,0
20.19,0.0,51.7,237.79,-0.77,5.04,0
13.9,0.0,63.32,253.01,2.18,5.85,0
25.24,5.78,58.17,170.57,1.75,0.0,0
5.25,16.66,47.32,118.56,2.61,6.73,0
9.32,5.74,39.32,179.74,-0.41,1.15,0
15.37,0.0,61.61,165.72,8.21,12.09,0
48.17,46.11,47.88,369.48,7.55,37.36,0
4.19,13.05,63.3,186.04,-2.99,5.74,0
61.34,63.42,63.69,308.83,3.96,55.63,1
51.74,34.23,53.92,298.55,1.84,35.2,0
7.61,0.86,59.61,100.35,-2.03,2.8,0
66.78,69.4,52.21,456.2,11.94,60.61,1
33.78,3.89,47.47,192.75,-3.74,6.94,0
49.28,25.53,56.46,208.51,3.06,30.94,0
23.59,6.16,55.91,189.28,4.76,0.0,0
16.45,14.1,42.98,188.72,-1.28,6.85,0
31.25,7.14,44.86,216.14,6.53,16.33,0
51.45,35.76,72.22,253.45,4.43,42.97,0
10.73,6.59,42.99,233.37,-0.38,3.55,0
21.96,0.0,44.36,145.99,-5.3,0.0,0
59.5,73.96,62.99,361.25,-5.6,47.74,0
11.24,21.24,46.49,255.22,-1.51,10.91,0
15.01,9.62,57.86,174.94,-0.45,0.48,0
20.1,1.38,55.69,212.89,8.91,10.84,0
32.02,8.51,48.45,223.25,3.41,13.21,0
30.26,1.1,41.92,113.51,-3.52,6.15,0
49.3,18.92,49.75,319.09,6.84,23.45,0
39.88,1.35,61.84,313.03,0.96,9.27,0
72.47,84.18,73.05,388.11,11.48,77.62,1
30.69,1.82,61.46,233.72,-0.9,12.77,0
30.66,4.67,40.07,188.28,3.63,4.29,0
58.9,47.79,47.08,343.75,3.07,35.13,0
58.56,58.37,71.74,364.39,8.15,51.6,1
18.28,7.4,64.76,233.0,2.25,10.99,0
31.85,6.13,45.42,260.16,-1.94,6.59,0
8.91,3.65,56.5,148.06,-6.12,0.0,0
63.39,64.41,67.64,311.11,1.28,51.17,1
49.05,39.49,51.27,307.66,-3.43,24.55,0
57.55,32.31,46.36,343.13,3.1,30.13,0
17.25,4.42,57.91,193.4,-1.3,2.62,0
22.95,23.73,45.54,165.75,-0.32,3.83,0
42.08,30.22,62.67,273.52,8.0,30.16,0
36.86,3.67,59.63,189.22,1.3,1.98,0
4.93,15.09,50.01,182.11,-2.69,0.69,0
61.54,54.84,69.83,435.95,5.66,55.32,1
47.51,37.08,56.7,296.34,-2.82,17.3,0
38.47,1.25,50.42,239.04,-4.43,7.11,0
43.82,41.58,42.98,334.39,6.35,30.96,0
21.4,21.5,64.77,143.92,2.11,15.3,0
15.83,10.44,60.91,119.84,0.76,9.91,0
25.99,3.02,53.3,165.05,-1.28,1.53,0
26.32,7.51,59.73,234.96,-5.44,0.0,0
51.3,41.1,48.16,270.14,3.42,37.38,0
70.01,72.76,67.66,505.62,10.27,76.75,1
27.14,2.82,42.46,177.87,0.71,0.0,0
55.86,43.67,58.88,375.66,-1.91,39.97,0
60.67,43.47,55.74,274.71,1.42,45.24,0
9.41,14.9,66.4,220.69,-0.03,11.15,0
30.89,4.62,49.33,227.03,-0.25,13.21,0
13.28,2.25,55.01,127.05,0.09,0.0,0
74.24,173.56,63.9,592.71,1.45,73.12,1
82.38,91.32,51.43,394.88,13.63,80.12,1
32.17,1.92,55.48,254.69,6.8,17.27,0
38.02,16.29,65.23,280.14,0.52,16.57,0
23.51,4.72,46.71,261.54,-7.79,0.0,0
52.16,42.16,57.28,313.25,-1.54,41.71,0
36.78,12.64,49.75,141.42,-4.55,8.54,0
69.08,64.3,70.96,386.41,1.02,60.32,1
6.59,25.36,48.44,234.76,-2.54,13.92,0
30.61,27.2,58.42,232.18,3.54,21.62,0
53.9,40.37,43.73,344.35,3.4,37.29,0
91.57,163.61,64.2,567.9,4.19,78.08,1
14.67,0.73,44.81,191.96,3.5,2.99,0
9.27,0.0,64.37,234.45,-7.04,5.18,0
15.07,8.2,63.58,118.57,0.61,4.11,0
37.45,1.91,62.66,169.31,3.06,11.42,0
22.75,10.29,46.34,119.29,4.11,4.43,0
16.73,13.9,63.75,138.44,-2.82,11.07,0
16.12,7.06,57.19,121.35,10.85,10.98,0
7.65,2.32,43.65,143.3,-5.45,0.0,0
13.42,26.29,58.08,124.37,4.11,6.28,0
38.73,5.52,62.43,191.33,-4.44,10.91,0
30.31,1.26,53.67,225.62,6.11,16.43,0
13.97,1.41,61.49,174.24,3.29,2.0,0
13.42,0.03,61.07,135.61,-5.53,0.0,0
57.89,35.27,49.06,262.24,-1.08,30.29,0
10.03,7.1,43.95,207.1,5.24,9.87,0
6.43,0.0,49.58,196.92,5.83,6.2,0
33.7,4.72,50.6,195.8,-0.31,11.92,0
42.99,42.24,53.48,320.03,9.2,36.21,0
55.66,33.06,54.36,370.35,-0.08,35.09,0
22.96,5.91,49.06,143.23,-0.1,2.31,0
36.94,12.63,52.92,167.65,-5.59,5.32,0
4.96,1.03,62.6,84.07,3.2,3.69,0
56.6,29.07,48.53,294.78,15.14,34.74,0
8.3,2.72,42.24,103.32,9.92,10.46,0
27.05,8.91,58.4,208.36,3.16,4.01,0
32.71,0.0,43.49,185.16,4.84,5.81,0
32.53,32.06,63.02,221.32,-2.17,17.89,0
69.92,42.5,70.82,360.33,3.06,54.75,1
34.1,27.25,61.47,313.29,0.48,24.12,0
56.32,73.27,61.58,433.47,3.14,51.47,1
69.1,47.49,56.17,438.54,3.14,49.58,0
22.22,13.99,40.71,133.28,-0.93,4.0,0
19.01,28.63,50.36,285.53,5.26,15.29,0
22.78,0.38,52.19,277.83,-1.98,1.75,0
73.51,69.31,63.8,393.27,3.66,68.3,1
32.11,4.79,46.88,176.0,-2.59,5.12,0
36.99,1.51,42.43,187.6,10.07,16.98,0
22.83,1.04,58.75,144.95,8.6,7.82,0
55.9,35.9,66.55,277.2,0.03,35.71,0
71.25,65.92,58.67,425.11,2.2,59.92,1
5.34,6.96,47.18,169.02,-11.11,0.0,0
28.41,18.72,62.56,180.67,-1.4,8.61,0
32.32,4.44,54.0,225.86,3.92,12.38,0
22.47,24.06,51.23,154.97,5.95,15.29,0
47.39,36.2,50.47,246.7,-3.76,25.19,0
74.06,76.35,49.52,354.44,10.59,73.33,1
40.02,3.05,61.11,285.51,4.53,22.73,0
59.03,70.62,55.68,418.58,4.62,45.78,0
40.64,0.0,44.33,208.61,3.1,15.56,0
39.25,11.33,49.91,148.38,-0.28,9.72,0
55.31,19.16,62.63,376.29,-8.68,29.26,0
13.32,7.61,63.31,147.63,6.12,4.79,0
63.48,59.5,73.13,317.46,-10.07,51.38,1
38.62,8.73,54.04,291.69,-5.06,5.88,0
15.49,17.25,55.62,146.13,9.82,11.72,0
35.49,4.61,59.11,225.1,-0.54,8.32,0
28.06,17.45,49.34,189.4,1.61,8.53,0
35.25,36.46,60.63,322.62,-0.64,22.88,0
23.93,6.65,55.43,192.13,-3.15,1.14,0
17.35,0.14,47.73,220.41,-0.35,1.23,0
17.1,10.86,53.3,149.17,7.46,6.89,0
37.49,0.0,46.65,203.59,9.72,19.66,0
11.59,3.2,44.28,77.44,12.23,10.66,0
25.01,11.01,40.87,145.17,-5.12,0.0,0
55.06,36.65,51.97,271.99,-2.43,34.33,0
33.9,17.6,63.93,224.02,6.15,25.37,0
57.59,66.8,59.55,326.95,5.92,46.48,0
9.76,1.55,54.69,240.66,4.07,6.96,0
21.71,8.66,50.81,219.02,-1.39,0.16,0
42.59,13.82,45.82,189.97,-3.68,13.04,0
17.66,3.48,52.34,226.66,2.56,0.67,0
37.55,1.45,60.44,217.47,1.77,15.0,0
77.79,165.04,86.74,641.72,9.0,87.1,1
59.05,73.16,50.52,311.4,8.57,53.41,1
34.32,0.1,64.53,136.84,0.47,11.19,0
33.23,0.0,58.23,235.73,0.62,10.42,0
56.76,73.41,49.88,352.41,4.84,50.27,1
30.03,1.14,62.91,209.68,1.02,13.01,0
77.74,91.7,54.91,526.59,1.44,59.56,1
13.02,10.67,65.81,197.9,3.77,9.0,0
15.08,28.63,63.15,176.91,7.33,20.14,0
38.84,41.63,67.91,269.09,1.9,25.34,0
38.5,5.39,55.04,265.46,-0.65,8.91,0
26.33,4.09,50.92,226.35,-3.68,1.76,0
8.32,4.92,64.96,185.95,-5.51,0.0,0
57.59,52.75,56.06,298.85,0.5,39.51,0
39.46,10.05,55.59,165.85,0.17,11.58,0
8.04,5.04,44.16,96.22,-7.14,0.0,0
9.29,0.0,40.7,185.21,0.77,0.0,0
46.67,38.19,58.64,244.51,-2.69,25.67,0
37.93,15.2,53.81,285.76,-3.9,13.72,0
76.07,60.62,51.44,474.79,10.36,67.65,1
19.57,8.05,58.17,202.57,5.14,5.11,0
19.59,17.76,46.16,251.86,-3.54,14.23,0
11.25,8.25,41.0,140.4,-7.21,0.0,0
59.7,50.08,49.99,400.85,0.24,42.13,0
34.37,45.19,51.81,257.04,5.06,26.28,0
35.71,2.79,42.18,277.28,10.2,20.6,0
36.99,4.18,57.92,191.89,1.16,8.94,0
53.39,20.48,55.17,218.97,-3.45,29.21,0
45.38,39.37,52.71,339.48,1.96,23.17,0
37.52,25.03,49.35,206.16,-0.84,18.37,0
7.31,4.85,58.09,125.09,-6.98,0.0,0
13.59,7.38,59.46,215.44,2.68,6.37,0
61.76,89.59,64.04,479.5,-4.32,60.18,1
21.11,16.22,44.35,129.42,6.07,13.97,0
31.98,11.63,59.67,238.45,4.36,12.5,0
24.57,6.38,48.85,267.26,0.87,1.25,0
4.53,3.75,57.35,209.08,-4.04,0.16,0
24.29,8.59,45.06,222.96,-1.9,2.1,0
30.82,1.19,60.07,220.83,3.65,18.19,0
21.44,0.0,43.12,147.78,-4.32,1.77,0
32.45,5.28,51.63,275.26,4.39,7.75,0
33.18,16.63,63.14,230.71,0.62,10.93,0
30.4,7.63,42.5,198.82,3.95,7.97,0
36.83,20.94,42.61,186.3,5.94,19.37,0
26.9,20.28,46.67,241.85,6.88,15.27,0
18.65,1.82,44.12,250.58,-5.09,0.64,0
7.13,7.54,48.3,133.49,1.51,0.97,0
26.58,7.02,58.94,165.8,-5.11,0.0,0
32.54,23.73,67.93,202.15,3.06,21.39,0
17.17,2.68,63.68,155.04,-0.75,5.4,0
35.22,4.86,47.59,273.59,-10.55,3.09,0
93.8,174.14,72.3,675.4,-0.77,76.29,1
42.04,29.35,66.09,225.69,2.48,32.0,0
28.64,10.26,47.6,290.65,-11.58,0.0,0
39.88,30.98,69.43,199.32,-5.96,13.67,0
35.64,4.74,65.24,260.23,3.05,15.6,0
65.9,54.3,63.9,410.54,7.24,56.68,1
8.75,9.52,53.35,129.37,-10.9,0.0,0
30.89,3.34,58.26,213.92,15.55,19.08,0
37.05,34.29,48.11,248.56,0.93,13.19,0
40.3,12.68,59.71,222.6,-8.06,10.88,0
74.48,71.74,50.21,425.69,1.69,61.14,1
37.9,3.85,64.1,238.52,4.04,18.41,0
51.1,19.67,60.62,326.67,10.96,40.37,0
16.12,3.64,48.32,223.47,3.11,3.85,0
42.63,20.81,44.73,232.53,-4.14,19.05,0
8.64,12.57,56.29,220.02,-1.22,7.07,0
25.0,1.14,44.66,167.62,0.7,0.0,0
20.25,16.51,59.82,143.05,5.59,8.61,0
7.48,8.91,48.46,222.93,-6.67,0.0,0
9.65,16.17,58.87,151.23,0.64,3.44,0
16.98,6.21,47.45,122.41,-0.36,0.0,0
21.84,15.37,51.63,127.47,3.86,5.75,0
60.94,48.34,57.53,425.05,1.56,46.68,0
18.61,7.16,49.5,111.5,0.54,3.63,0
44.26,28.65,49.75,231.8,5.32,31.69,0
18.87,5.68,59.19,179.69,-2.7,1.45,0
49.82,31.41,46.38,309.32,-5.99,19.19,0
23.56,11.0,62.61,144.65,-4.86,13.37,0
35.32,4.82,50.46,250.16,4.89,11.85,0
34.86,6.63,63.6,226.83,-0.39,11.39,0
38.47,0.0,44.52,216.0,6.27,8.39,0
27.26,31.58,47.64,258.02,-5.37,9.47,0
23.48,0.0,49.89,183.78,-5.81,0.0,0
1.93,3.21,51.44,98.4,11.53,11.44,0
17.51,22.95,64.12,121.16,-6.29,5.6,0
34.29,15.01,59.9,174.51,-3.71,7.63,0
24.88,14.56,51.45,204.3,2.22,6.91,0
37.54,14.67,51.49,283.24,-10.13,7.23,0
10.42,2.37,54.84,174.79,-13.78,0.0,0
24.43,13.16,57.69,235.64,4.84,13.33,0
26.27,6.76,43.12,99.15,8.69,9.7,0
78.73,148.27,65.05,564.44,11.24,76.65,1
27.68,18.4,48.86,268.83,-1.66,10.57,0
31.76,3.72,44.4,270.35,0.16,14.29,0
56.92,53.44,53.9,350.44,-2.0,39.38,0
40.16,4.92,61.75,287.74,-0.61,19.02,0
35.1,8.96,61.81,170.5,-5.46,2.76,0
52.52,33.64,44.35,362.5,7.21,40.22,0
64.5,78.08,66.98,462.8,10.03,69.62,1
12.35,12.57,56.71,181.55,8.18,9.87,0
11.24,6.7,60.96,102.32,-5.5,0.41,0
59.53,47.09,61.95,279.14,9.14,50.76,1
4.32,24.49,49.7,184.44,12.97,18.73,0
23.57,0.0,53.31,143.6,12.76,8.62,0
17.26,6.8,51.25,152.34,4.33,0.0,0
11.56,2.33,67.22,136.22,-4.97,7.31,0
45.05,40.41,59.13,273.89,1.94,27.97,0
64.78,41.64,70.22,352.15,-8.13,50.6,1
72.24,46.61,60.99,347.62,10.42,65.36,1
55.09,41.05,57.48,296.43,7.98,38.52,0
52.35,23.99,50.8,352.31,5.56,36.48,0
56.98,75.82,53.22,476.74,11.31,55.2,1
28.03,7.71,62.78,159.17,-1.69,1.28,0
38.86,0.39,47.13,237.9,-4.19,6.84,0
25.81,4.29,58.02,239.32,2.8,7.65,0
26.15,12.22,49.68,250.41,1.45,7.57,0
36.67,40.94,69.97,246.16,4.81,28.41,0
11.03,0.94,48.27,103.75,-3.27,0.0,0
16.23,2.93,56.95,183.61,5.78,4.48,0
66.72,47.08,47.86,302.26,3.84,45.52,0
22.96,3.24,57.1,144.59,-0.75,4.51,0
69.31,82.8,68.53,374.52,15.1,68.38,1
70.49,75.36,51.42,369.19,7.72,65.83,1
21.68,2.49,44.16,189.53,-5.04,0.16,0
11.44,1.62,59.41,74.95,-0.75,5.04,0
50.64,38.35,45.77,381.85,-8.72,27.32,0
18.76,7.32,59.92,176.39,-6.56,0.0,0
61.36,85.03,60.79,329.32,5.79,59.7,1
31.35,6.91,48.77,252.23,0.57,10.1,0
73.41,161.03,64.9,568.28,-0.11,75.4,1
21.81,0.0,45.42,226.7,-4.79,6.03,0
22.95,13.04,50.34,145.05,-2.25,4.55,0
20.58,1.6,52.76,160.27,-8.44,0.0,0
54.04,35.5,56.02,338.94,-1.04,30.67,0
57.81,28.88,59.5,286.8,4.15,33.18,0
69.96,46.53,53.48,312.12,0.68,46.2,0
29.67,1.83,45.67,149.05,2.41,7.46,0
39.86,1.53,41.21,183.88,-0.41,9.3,0
40.09,34.87,50.9,209.11,-1.75,19.18,0
21.48,0.7,53.79,145.09,-5.57,0.0,0
60.75,70.67,50.21,394.74,-0.52,53.94,1
12.09,34.42,45.03,243.19,3.34,10.43,0
14.04,0.56,55.99,228.39,6.96,7.96,0
35.37,36.21,56.63,211.7,10.79,26.92,0
23.77,5.7,45.46,242.62,-0.57,1.54,0
31.76,2.16,49.91,122.16,-4.33,7.34,0
57.41,22.16,59.73,280.36,15.61,42.98,0
49.17,38.78,68.56,382.44,3.55,28.92,0
44.62,24.51,45.27,349.17,-6.84,20.81,0
27.44,27.72,42.81,212.72,-0.08,8.49,0
71.74,79.31,67.56,474.44,9.04,72.07,1
19.71,0.92,38.39,133.31,-0.41,0.0,0
9.15,5.65,56.14,206.86,1.0,5.28,0
25.1,16.46,42.77,219.51,3.37,11.19,0
28.19,21.46,57.24,163.15,-0.53,12.82,0
18.85,19.75,50.89,196.79,-3.89,3.98,0
73.06,109.05,77.82,428.23,15.53,82.06,1
5.18,1.23,52.42,201.9,7.94,8.02,0
25.01,2.61,38.69,274.23,3.96,5.04,0
34.13,8.48,48.95,179.28,-1.23,5.21,0
53.99,66.26,63.24,311.16,6.69,47.22,0
41.73,5.62,40.45,205.08,-2.74,13.55,0
38.67,32.72,67.39,332.91,0.63,19.01,0
20.84,12.88,61.11,257.45,2.15,14.55,0
53.22,27.6,56.81,250.23,-9.83,24.88,0
24.81,9.69,51.06,239.73,-3.55,0.0,0
33.61,15.12,48.13,218.63,6.58,12.58,0
6.48,4.63,46.44,196.01,3.19,4.89,0
53.96,29.18,44.91,329.31,8.64,35.73,0
5.28,13.52,46.97,126.17,-4.87,3.8,0
39.82,40.61,58.34,243.28,6.83,25.74,0
63.4,37.4,65.62,292.95,-0.55,42.71,0
60.38,72.42,49.47,422.07,16.86,63.08,1
69.9,77.06,61.21,465.12,0.14,58.57,1
73.45,68.87,62.68,354.54,8.93,74.33,1
74.33,52.87,61.56,440.46,16.44,67.52,1
12.84,1.54,63.09,95.49,0.22,1.39,0
50.09,22.85,70.1,331.13,-3.83,41.74,0
6.01,8.46,45.52,103.77,1.49,1.29,0
38.86,3.42,50.47,172.82,-2.58,6.58,0
87.76,104.5,62.5,558.09,1.93,74.74,1
67.09,71.65,63.57,364.95,10.41,65.88,1
26.91,14.62,55.93,155.58,9.08,14.9,0
10.72,2.35,56.27,149.87,-4.82,0.0,0
45.71,14.54,56.26,291.42,7.46,21.34,0
18.21,17.78,42.91,203.53,3.15,9.05,0
27.83,0.79,54.75,267.59,5.5,5.02,0
48.43,44.94,50.39,369.56,5.64,38.85,0
52.42,24.6,63.36,369.86,11.79,45.61,0
33.21,2.92,46.92,226.6,8.37,22.58,0
55.08,22.32,62.85,246.71,-0.67,32.51,0
59.86,44.25,67.32,274.73,-0.32,41.59,0
23.28,1.66,59.61,132.7,4.81,0.0,0
24.53,3.84,55.55,219.35,-4.32,0.0,0
72.85,114.76,60.95,416.69,8.32,74.68,1
6.46,3.27,51.94,98.05,2.57,3.04,0
25.58,2.68,58.61,249.09,13.54,13.94,0
13.25,12.53,42.68,180.39,4.26,3.95,0
55.42,89.64,51.08,424.01,7.82,47.17,0
10.87,4.13,57.7,201.51,0.07,5.93,0
78.59,126.02,79.34,470.44,5.0,77.97,1
31.45,4.01,52.56,130.46,5.35,11.84,0
63.29,53.1,56.58,309.18,8.83,53.53,1
28.38,0.0,43.41,152.92,0.48,0.0,0
3.67,5.19,62.62,92.48,-0.41,2.94,0
43.59,42.63,55.13,358.96,-1.79,33.31,0
78.05,154.35,69.07,499.86,6.15,78.09,1
11.9,14.64,45.8,124.87,1.03,6.33,0
36.91,37.08,47.28,380.8,4.94,25.2,0
20.63,2.95,51.26,140.36,-1.06,0.0,0
72.71,84.88,71.78,482.08,6.9,75.76,1
35.9,38.77,51.22,309.11,7.98,21.23,0
31.68,8.69,58.02,175.92,-4.99,4.88,0
24.34,9.6,62.65,228.18,-4.16,7.3,0
34.55,43.48,70.1,272.47,-1.59,32.84,0
15.63,24.87,62.93,225.88,1.35,14.06,0
75.43,138.65,79.34,450.45,5.84,77.74,1
94.19,100.97,58.92,521.26,8.35,79.34,1
23.98,3.1,43.05,266.96,8.2,12.62,0
62.24,59.86,56.07,367.85,1.47,46.63,0
20.2,8.93,50.1,124.04,-6.93,0.0,0
53.04,31.79,53.03,332.04,1.26,28.77,0
51.43,20.1,53.19,352.73,4.62,32.68,0
17.01,10.56,51.18,170.23,-3.57,6.5,0
34.13,19.38,49.79,176.97,5.25,16.33,0
24.28,8.27,57.24,159.68,2.62,0.28,0
41.22,27.12,49.78,244.91,-10.07,17.88,0
21.7,16.46,57.47,204.53,1.25,10.06,0
13.96,6.87,58.01,80.2,-12.41,0.0,0
28.59,10.83,45.66,231.27,0.86,5.45,0
6.78,6.34,54.23,152.84,-8.13,0.0,0
26.42,4.56,40.72,186.53,-2.26,0.0,0
42.54,21.99,62.62,215.56,7.11,30.02,0
33.97,1.45,48.54,296.8,6.32,6.3,0
8.4,1.66,41.8,220.68,5.2,11.63,0
21.48,7.57,61.6,203.26,-0.41,7.85,0
37.57,5.98,62.39,281.5,2.45,13.95,0
49.55,41.98,51.38,231.42,6.3,33.6,0
27.52,13.44,50.41,217.54,-3.6,8.01,0
57.98,23.1,46.55,328.54,0.01,27.4,0
27.25,5.87,61.7,231.22,5.14,8.58,0
54.64,21.91,55.09,353.01,0.15,28.94,0
19.77,8.14,49.14,174.49,-1.5,0.0,0
52.34,36.21,66.28,275.63,5.31,40.92,0
67.08,67.7,61.35,428.35,10.73,67.82,1
19.54,32.26,69.66,139.57,1.55,9.71,0
60.89,53.45,70.05,370.79,5.99,66.55,1
55.75,25.15,48.17,315.81,-2.21,30.47,0
26.85,9.23,51.85,264.1,1.75,0.06,0
62.57,67.83,55.57,379.24,0.12,52.22,1
33.56,4.54,65.85,297.02,5.24,18.54,0
24.98,0.65,50.47,201.53,-2.06,0.0,0
24.28,14.73,45.3,238.67,3.08,13.2,0
63.88,64.65,48.49,324.05,2.1,53.76,1
79.43,157.07,82.04,479.79,9.37,90.31,1
31.93,9.52,45.97,150.06,5.75,7.67,0
66.13,52.25,72.59,431.65,-8.51,48.78,0
26.55,0.0,64.42,204.49,-0.05,4.18,0
52.49,44.06,47.07,332.82,3.31,41.04,0
38.39,40.98,56.21,269.09,-6.67,20.13,0
38.31,15.04,44.12,277.14,0.79,12.48,0
27.25,2.62,62.0,243.07,4.36,9.75,0
34.76,8.52,63.86,252.7,-3.83,18.03,0
22.62,0.54,46.48,225.25,-4.19,4.68,0
39.19,2.36,65.32,159.94,8.27,19.67,0
28.49,20.22,60.53,327.34,1.11,16.43,0
29.91,8.37,61.05,181.43,9.29,9.7,0
52.7,40.09,68.47,342.78,0.39,40.68,0
29.76,10.02,44.85,225.93,-0.03,3.83,0
41.73,20.21,40.96,256.97,12.95,35.8,0
6.04,11.61,54.32,104.25,-0.17,3.19,0
37.63,27.7,47.61,204.5,4.1,18.8,0
43.84,42.98,57.32,252.78,-2.27,28.67,0
9.79,2.75,56.48,135.36,-2.2,0.0,0
67.07,67.56,58.2,406.11,-1.6,58.77,1
43.51,39.05,68.21,284.39,6.45,35.4,0
27.6,3.2,53.67,210.38,-4.93,1.92,0
14.32,14.24,55.37,192.9,-2.23,2.64,0
54.91,14.13,57.64,311.32,8.88,34.35,0
88.56,163.21,79.48,635.18,5.34,89.02,1
62.52,80.46,68.45,406.07,11.59,62.92,1
27.15,2.5,42.67,181.93,-0.47,0.0,0
34.84,11.41,57.82,194.56,14.08,18.48,0
18.29,7.62,59.42,197.38,0.48,0.96,0
65.18,76.02,67.82,425.57,-1.6,55.27,1
20.48,10.78,51.27,271.16,-5.43,3.05,0
14.95,14.65,53.81,164.63,-1.72,1.72,0
8.71,14.8,64.94,181.29,-2.7,3.74,0
24.0,6.83,50.82,253.43,5.84,11.85,0
9.07,8.72,59.91,225.37,0.6,6.03,0
10.31,8.63,43.95,115.12,-7.75,0.0,0
42.02,49.35,46.5,307.76,9.47,35.52,0
6.9,3.18,50.98,164.81,5.77,2.95,0
16.44,0.0,42.08,167.54,-1.14,0.0,0
39.05,9.48,60.14,156.15,-0.71,9.78,0
7.59,15.27,67.01,218.57,5.15,14.94,0
19.54,24.17,60.76,147.03,0.27,11.85,0
36.35,25.61,51.01,220.96,4.87,18.94,0
5.58,4.44,48.25,207.8,5.9,7.64,0
8.08,3.92,43.36,97.08,-8.5,0.0,0
64.78,80.37,57.11,359.62,14.87,61.58,1
86.59,119.38,72.53,457.97,5.63,82.77,1
76.98,62.65,71.05,407.03,0.59,67.03,1
28.47,2.25,56.16,231.49,-0.4,5.55,0
72.14,70.7,61.27,342.79,0.93,60.79,1
51.36,21.93,55.22,294.01,-9.42,26.44,0
7.67,3.72,55.16,92.91,3.64,2.49,0
60.05,34.97,53.39,316.97,-3.42,36.62,0
2.96,3.06,64.75,187.41,1.46,2.34,0
51.86,14.78,48.82,241.83,-3.74,28.98,0
68.14,78.0,57.61,398.1,6.6,60.93,1
35.9,6.45,55.89,195.19,1.09,4.69,0
74.35,87.91,63.48,428.06,1.41,65.44,1
71.33,78.09,51.04,355.03,7.64,66.64,1
35.62,8.63,63.44,218.72,-2.13,10.64,0
39.24,0.93,46.85,256.91,-8.89,1.47,0
31.59,3.36,52.48,241.87,-4.08,3.36,0
40.26,6.98,51.58,246.91,-12.2,9.53,0
44.52,17.03,61.68,232.75,-6.04,14.57,0
14.06,0.75,59.86,123.23,0.93,0.2,0
15.64,4.62,61.48,126.74,5.87,8.35,0
13.22,7.41,44.37,185.51,2.81,0.44,0
47.81,19.95,68.97,300.35,-11.91,19.01,0
53.79,39.22,64.24,275.93,-2.09,34.22,0
39.93,42.17,55.3,303.79,-0.15,24.32,0
13.26,11.7,54.11,215.89,-0.44,8.28,0
24.47,11.12,50.75,155.97,-0.95,3.97,0
42.48,37.3,47.44,319.71,0.6,24.23,0
56.91,72.68,71.19,469.08,4.12,53.82,1
44.45,28.38,50.43,260.29,0.35,22.29,0
17.74,2.15,42.34,182.88,6.64,3.58,0
26.43,14.1,64.33,280.93,-8.7,6.28,0
68.15,52.22,64.64,437.77,9.15,61.61,1
16.25,5.27,51.39,204.67,0.51,2.58,0
51.85,19.57,65.67,223.06,1.77,29.28,0
17.1,7.83,63.44,252.36,1.04,7.72,0
37.2,28.76,43.58,246.37,-0.94,17.55,0
65.67,64.18,48.93,428.4,10.17,61.02,1
51.8,20.32,64.37,295.97,2.59,37.65,0
58.04,18.04,48.28,260.96,0.57,28.64,0
33.7,1.72,44.34,198.93,-2.03,8.1,0
48.51,41.27,64.65,342.56,-3.02,31.8,0
94.69,108.66,62.2,590.46,4.27,76.75,1
6.52,6.12,55.24,94.23,4.37,0.01,0
92.96,157.26,76.45,650.28,8.3,90.86,1
39.45,35.23,53.48,343.36,-0.58,20.0,0
54.18,40.0,71.41,291.01,-2.34,45.52,0
34.88,33.49,67.57,279.29,-8.34,19.33,0
21.62,20.86,44.77,267.01,-0.73,8.58,0
54.54,41.26,62.59,349.79,2.82,43.15,0
24.22,1.82,47.79,238.57,-9.67,0.0,0
26.27,14.23,62.1,169.04,6.4,14.55,0
89.06,145.53,83.82,594.51,7.68,89.29,1
40.92,24.68,55.79,354.37,14.36,37.1,0
8.14,3.12,65.02,159.89,6.04,8.98,0
34.86,0.06,45.49,184.38,-1.56,7.7,0
28.41,7.31,45.07,244.38,4.53,8.72,0
17.3,9.84,53.93,123.01,4.31,1.81,0
69.77,55.5,68.33,381.3,4.62,51.65,1
11.61,9.62,56.01,135.8,-1.98,0.0,0
62.87,48.91,68.73,403.15,2.48,54.71,1
11.44,24.97,65.87,163.21,5.66,19.44,0
45.87,44.04,49.69,261.6,-1.62,23.88,0
41.22,30.24,55.84,245.59,6.61,25.34,0
63.66,65.42,71.13,476.92,8.1,68.43,1
6.88,12.95,62.09,189.02,0.37,10.71,0
26.14,16.72,53.37,201.13,1.53,5.61,0
19.65,9.66,60.58,217.22,12.26,19.13,0
22.6,9.04,42.12,228.84,4.88,1.43,0
67.1,84.22,71.52,426.06,10.72,72.88,1
58.98,60.19,54.57,359.7,10.01,52.41,1
56.64,84.68,56.31,461.96,16.22,58.99,1
75.74,75.15,62.32,466.37,7.81,67.87,1
10.73,0.0,62.35,220.12,-0.58,7.24,0
38.6,1.82,58.4,225.4,0.95,3.04,0
19.53,7.04,56.52,141.56,-0.01,0.0,0
62.0,56.78,55.37,342.76,7.6,48.38,0
31.9,5.06,54.47,287.07,0.65,12.05,0
30.41,29.02,50.91,252.86,5.4,21.93,0
11.23,7.15,63.46,150.2,-5.9,1.2,0
69.65,166.4,62.05,541.62,4.97,65.78,1
41.9,4.93,66.59,147.37,-1.01,12.66,0
26.34,4.94,63.49,176.14,7.4,9.09,0
37.07,45.13,61.22,251.94,4.03,30.01,0
39.64,20.74,65.08,279.99,1.35,17.56,0
13.45,6.65,55.0,141.53,4.21,2.26,0
36.67,21.68,48.37,198.88,-4.61,19.74,0
78.26,104.97,60.27,463.98,5.08,75.8,1
35.29,4.02,44.62,262.17,4.48,11.13,0
13.12,28.78,61.2,187.21,1.69,13.94,0
47.87,35.92,59.44,338.98,11.74,29.91,0
60.5,60.39,54.78,336.3,9.55,59.1,1
85.86,172.45,82.53,637.24,0.06,88.5,1
35.27,6.2,45.96,185.44,-3.91,8.72,0
33.91,9.99,57.5,274.95,-1.05,4.39,0
31.58,2.84,52.71,279.65,-3.02,7.71,0
11.72,5.13,46.66,192.8,-1.46,0.0,0
18.06,4.29,50.03,141.78,-1.29,0.0,0
18.08,1.46,59.07,150.86,7.21,4.3,0
67.5,53.83,45.96,411.23,-1.78,49.5,0
31.99,1.29,41.48,288.78,-5.48,0.0,0
40.11,9.38,54.48,260.19,-5.92,14.74,0
4.95,0.0,49.61,126.33,2.81,0.0,0
20.88,2.55,40.36,235.46,-11.28,0.45,0
5.69,18.41,65.17,163.53,-1.02,9.43,0
22.55,7.75,44.86,227.7,-0.59,2.41,0
30.59,18.24,66.84,252.08,1.62,18.29,0
25.43,12.31,47.37,214.39,4.37,12.48,0
10.16,11.92,52.02,208.73,-1.88,7.56,0
38.63,8.55,53.48,182.1,-0.88,9.83,0
9.6,0.79,56.11,103.27,-1.69,0.0,0
43.57,19.93,43.37,285.49,-4.96,19.87,0
38.94,22.19,55.59,197.1,-2.39,17.34,0
4.52,3.09,51.26,122.36,-5.79,0.0,0
8.92,0.0,53.71,204.57,-6.56,0.0,0
43.74,33.37,46.06,251.97,-1.15,24.81,0
60.93,54.24,56.33,361.36,4.56,48.55,0
52.55,26.08,59.14,363.14,5.17,33.74,0
59.37,87.46,59.53,425.5,-1.23,47.14,0
11.15,1.74,48.78,156.69,3.46,2.42,0
20.19,8.24,59.52,128.24,12.1,7.47,0
48.23,28.13,47.63,323.05,1.46,23.41,0
4.66,5.39,48.68,112.65,1.8,0.0,0
9.48,2.08,54.09,217.7,6.32,11.18,0
45.23,22.31,55.21,239.13,-4.89,23.42,0
14.38,8.46,45.58,198.73,11.99,10.21,0
48.84,21.31,45.09,333.27,5.55,24.77,0
37.61,41.32,70.4,258.49,5.59,35.66,0
30.12,9.5,59.89,264.92,-4.26,13.02,0
31.77,1.09,44.97,255.58,4.34,11.51,0
35.81,31.4,51.65,310.9,-1.22,18.33,0
72.51,87.38,63.95,483.64,-0.05,64.19,1
21.36,12.97,45.53,246.61,-4.26,4.66,0
26.39,12.98,59.2,228.35,3.48,10.49,0
60.01,67.55,63.29,378.58,6.74,65.48,1
64.32,72.64,71.99,426.77,10.43,71.98,1
30.1,0.1,54.01,260.6,2.02,14.18,0
33.18,10.98,52.56,140.01,8.0,13.71,0
27.7,8.33,53.2,268.71,-9.65,0.0,0
34.27,23.21,58.48,309.33,0.13,16.24,0
12.5,34.0,67.0,178.42,2.6,17.05,0
11.62,3.27,57.17,170.14,-1.16,0.39,0
27.98,14.99,61.97,145.77,-0.79,4.91,0
29.46,8.73,53.98,265.63,-3.72,1.24,0
47.15,35.06,65.03,305.9,7.95,34.13,0
29.09,1.62,56.06,262.17,-3.15,2.97,0
6.45,1.42,63.75,162.41,0.87,7.14,0
67.84,88.53,54.56,422.68,7.61,60.4,1
18.27,1.93,59.74,216.62,5.46,5.82,0
28.04,7.95,59.31,263.94,1.2,4.6,0
40.76,21.95,59.88,296.55,0.22,24.72,0
36.14,37.71,58.71,356.47,5.88,20.43,0
89.36,176.52,79.99,582.89,1.26,78.93,1
59.78,50.94,70.32,339.69,12.31,58.09,1
29.05,1.01,43.79,180.18,10.67,10.1,0
25.44,2.51,53.22,228.49,1.24,0.52,0
53.46,24.33,50.23,227.45,-7.16,26.04,0
17.71,1.35,48.54,129.21,-3.37,0.0,0
16.96,23.05,64.07,177.19,4.07,15.68,0
69.73,44.21,62.92,380.8,-5.75,45.77,0
51.64,15.74,56.12,336.45,-6.95,22.48,0
34.9,35.21,67.41,201.82,-2.0,16.17,0
64.7,56.69,70.98,421.28,0.04,57.93,1
6.56,16.43,43.83,114.32,1.99,1.33,0
21.03,2.92,52.54,142.25,-2.15,0.0,0
15.5,2.9,42.16,112.59,-6.3,0.0,0
13.88,2.69,59.83,120.28,5.99,9.47,0
48.14,31.59,60.62,205.46,1.6,30.21,0
6.65,1.64,47.96,166.0,-9.24,0.0,0
26.34,18.82,55.67,175.85,3.13,10.03,0
18.62,0.0,42.28,144.99,-3.86,0.0,0
8.13,0.86,59.72,77.35,-0.24,0.67,0
28.85,0.85,44.51,170.4,2.66,5.97,0
43.54,43.77,46.55,215.9,-3.86,27.38,0
30.65,2.2,64.4,210.76,-1.96,15.06,0
94.1,136.59,61.43,598.93,8.51,81.66,1
67.09,136.69,58.91,456.0,6.54,65.08,1
29.51,8.67,63.9,188.75,-3.23,0.0,0
62.29,77.58,50.93,376.65,17.41,65.17,1
30.8,0.81,47.88,187.82,3.97,8.86,0
12.62,17.98,46.02,205.38,-2.56,9.38,0
24.31,0.34,55.67,254.06,-2.67,6.79,0
36.69,0.0,54.7,286.9,-0.76,10.11,0
65.47,42.39,69.25,300.25,-6.71,41.2,0
21.0,10.04,53.44,204.47,-4.26,8.09,0
36.47,38.69,66.88,278.1,5.54,26.08,0
43.9,41.79,62.15,325.61,-4.12,30.65,0
44.97,40.59,61.34,270.61,5.24,37.75,0
31.19,4.13,52.38,259.71,2.72,10.23,0
10.61,4.41,60.21,128.76,3.52,8.22,0
26.98,0.0,48.12,245.73,0.59,0.0,0
25.56,3.03,44.58,198.11,0.19,2.44,0
43.58,34.41,67.84,276.53,3.47,25.79,0
38.79,21.6,56.12,313.25,-1.9,14.72,0
53.84,28.68,61.69,307.56,-0.01,31.7,0
39.56,35.52,46.58,262.17,4.69,23.28,0
34.93,2.85,57.4,186.22,1.58,4.75,0
10.24,5.51,56.25,151.28,3.89,0.0,0
37.16,21.67,44.66,198.73,-5.63,7.3,0
38.41,5.11,45.53,188.33,7.91,10.16,0
74.32,44.86,46.97,324.74,-0.74,53.19,1
12.85,9.34,50.28,251.67,-5.99,0.27,0
8.48,0.28,49.6,191.85,-0.37,0.0,0
8.9,5.88,40.63,195.04,-1.86,0.35,0
34.83,10.8,57.04,218.1,-1.36,11.57,0
36.95,0.0,48.03,238.87,-9.1,0.0,0
7.48,5.53,46.6,83.89,5.35,4.16,0
39.89,2.36,50.29,239.3,-1.79,9.04,0
36.82,1.88,58.59,180.6,-5.19,0.0,0
41.37,3.13,62.43,173.05,0.04,20.25,0
53.23,41.91,67.74,388.88,1.21,46.22,0
38.25,5.77,46.35,167.76,-7.27,0.0,0
11.9,2.85,64.52,60.72,-3.45,7.22,0
36.91,5.24,46.65,291.95,0.64,11.44,0
52.27,17.71,62.8,252.88,1.32,29.98,0
38.84,0.0,39.25,153.18,-2.3,8.33,0
32.21,5.4,66.08,209.67,7.38,14.7,0
11.06,13.24,44.74,98.56,-1.32,2.21,0
13.85,3.64,48.37,84.46,-4.92,0.0,0
7.35,0.22,62.96,216.53,-7.88,3.09,0
44.68,21.48,47.01,226.06,2.21,26.47,0
80.45,115.69,60.69,421.93,14.01,82.28,1
35.48,12.5,41.4,209.43,3.03,17.09,0
25.18,2.65,62.73,155.08,-8.17,5.98,0
17.04,5.11,62.43,141.44,-0.97,4.28,0
12.23,8.44,61.79,156.33,0.68,1.19,0
22.38,0.58,58.99,221.03,1.19,0.42,0
9.86,3.76,50.86,212.18,-0.87,3.77,0
32.79,0.0,59.96,198.2,-3.61,9.02,0
58.28,81.03,63.45,375.52,1.25,55.14,1
7.57,2.03,43.68,121.34,19.58,11.46,0
28.8,4.52,62.48,201.93,3.35,11.25,0
34.92,13.24,53.02,259.97,10.69,23.58,0
20.52,9.88,57.96,193.99,-4.82,0.0,0
27.61,6.17,44.46,205.15,2.01,6.66,0
25.91,10.77,44.31,172.09,-7.51,0.83,0
36.19,23.18,63.04,231.75,3.07,22.12,0
25.49,3.02,60.9,171.56,-1.49,5.65,0
56.71,44.29,62.4,370.45,1.02,47.06,0
41.73,32.02,66.31,353.54,-8.57,23.56,0
20.5,28.17,57.29,210.71,3.2,15.81,0
31.92,4.77,52.96,151.77,-7.75,1.68,0
64.76,66.71,58.01,390.9,6.76,58.18,1
71.85,78.35,63.21,477.83,9.99,74.07,1
69.31,72.01,71.26,448.81,7.11,69.8,1
39.01,3.42,54.38,237.56,-9.27,6.76,0
15.82,3.82,52.59,182.78,-0.74,0.0,0
26.9,2.71,54.02,210.84,2.19,7.34,0
46.64,34.05,66.63,364.76,5.03,37.5,0
27.38,1.63,57.39,270.92,1.73,5.02,0
37.04,1.35,45.8,265.14,2.55,8.57,0
23.39,16.72,61.28,177.19,-0.93,8.92,0
32.1,13.11,43.85,259.34,-2.02,15.11,0
22.63,16.88,63.7,216.7,-4.96,12.19,0
39.16,0.05,60.1,204.49,5.99,18.51,0
39.88,2.29,43.13,183.77,-5.44,0.0,0
54.36,28.3,43.84,363.77,1.54,37.49,0
5.16,0.0,59.06,154.74,-4.31,5.75,0
32.6,17.2,43.81,202.77,10.5,22.0,0
20.65,4.85,52.98,164.94,-6.16,0.0,0
56.17,71.9,62.07,369.22,-0.53,46.04,0
52.7,40.37,58.12,391.07,-0.78,42.89,0
5.3,7.39,61.67,120.21,-5.02,0.0,0
5.03,9.23,62.55,213.62,-8.22,5.25,0
60.44,78.63,64.53,446.22,5.32,65.42,1
54.54,38.8,60.51,314.03,4.5,36.52,0
9.59,1.11,51.5,88.83,3.89,0.0,0
24.57,2.11,49.61,116.42,9.48,8.14,0
33.75,8.51,54.01,253.45,-0.28,9.64,0
68.02,59.3,68.23,304.31,10.34,59.3,1
33.53,2.6,53.7,244.38,-7.87,6.2,0
88.36,141.42,79.47,547.72,6.76,80.97,1
39.92,21.37,43.28,227.8,2.95,17.01,0
10.2,1.4,54.3,208.92,2.47,3.29,0
63.76,49.56,62.61,313.54,12.73,60.75,1
39.25,26.67,56.5,304.54,-1.55,14.54,0
59.89,48.34,57.28,417.71,2.7,40.03,0
30.86,10.63,50.18,306.67,0.0,17.61,0
14.73,0.0,58.41,154.77,-1.57,0.0,0
38.64,4.71,56.98,198.46,-4.57,2.96,0
23.11,8.6,43.89,140.87,-9.8,0.0,0
7.67,4.11,49.09,115.13,6.63,5.8,0
17.79,9.7,63.71,279.23,-5.09,0.0,0
8.97,7.83,45.56,129.24,2.4,0.0,0
56.3,40.13,57.56,410.42,4.0,41.81,0
22.03,8.1,43.41,200.64,-2.25,1.08,0
14.49,0.0,56.11,192.79,7.76,6.67,0
17.87,5.56,56.52,97.22,0.06,0.59,0
18.27,7.82,53.02,210.61,-4.88,0.96,0
14.22,7.32,57.26,124.48,1.57,0.31,0
22.21,3.21,49.31,189.96,-12.54,0.0,0
39.45,32.97,63.43,224.44,0.25,16.51,0
55.69,48.11,64.15,384.62,7.35,49.09,0
24.86,4.86,51.79,184.51,-1.29,1.44,0
36.61,36.79,60.5,245.38,-2.77,19.93,0
92.29,176.27,72.31,563.87,6.74,83.51,1
37.28,42.52,63.08,278.29,-6.73,22.47,0
61.89,59.97,54.6,378.7,1.59,44.67,0
17.49,1.83,38.19,168.39,-4.16,0.0,0
54.92,27.79,46.8,286.82,4.42,36.58,0
56.83,53.67,54.76,334.36,4.07,37.71,0
39.83,38.54,54.84,246.65,1.27,23.98,0
8.52,15.51,58.69,182.62,7.82,7.35,0
24.63,6.83,49.0,218.6,-3.25,5.81,0
62.91,86.28,56.34,421.27,7.5,59.17,1
35.81,9.22,66.27,269.85,0.05,12.86,0
11.03,3.25,47.46,187.09,1.65,5.07,0
20.3,7.83,57.6,214.21,1.66,0.0,0
73.95,80.87,71.46,423.07,3.77,67.67,1
38.65,23.83,60.1,284.79,7.33,23.64,0
43.42,21.75,44.63,258.33,0.53,19.88,0
44.0,34.88,68.95,351.23,-1.22,28.64,0
24.33,2.65,44.61,219.68,0.4,3.98,0
60.36,86.36,52.42,345.43,6.03,54.82,1
60.18,79.84,75.58,470.1,12.78,73.58,1
30.64,19.92,46.98,186.91,3.04,6.06,0
21.2,12.39,64.45,220.44,-2.72,18.06,0
77.84,124.85,57.89,569.96,6.9,73.13,1
13.61,24.47,55.96,179.79,0.28,7.47,0
23.03,0.19,54.89,203.26,1.43,2.21,0
14.56,9.71,46.73,209.42,-4.45,2.53,0
38.37,10.18,51.74,210.0,-4.13,6.23,0
41.01,14.76,62.79,214.74,-7.23,19.77,0
14.42,14.49,43.74,145.1,7.15,12.3,0
11.69,1.52,48.01,83.29,8.54,4.49,0
53.61,30.93,46.88,362.66,2.9,33.98,0
55.06,14.15,57.52,331.89,-1.75,30.17,0
22.99,6.26,50.64,219.31,0.86,2.86,0
7.2,2.47,56.01,104.39,2.26,4.61,0
27.24,4.01,53.95,142.58,3.87,2.74,0
37.94,41.84,69.91,231.5,-10.49,18.06,0
84.93,104.6,71.14,515.27,2.27,82.48,1
62.5,77.71,57.09,455.41,7.64,60.43,1
61.9,65.49,49.36,336.21,10.33,55.01,1
6.74,4.97,41.58,202.27,0.0,5.01,0
45.89,18.54,54.16,233.33,5.41,19.52,0
19.13,6.81,64.92,120.92,-0.3,1.52,0
39.36,12.78,49.01,309.66,5.28,16.86,0
31.6,3.99,49.03,287.04,-4.68,7.53,0
36.78,0.94,51.38,185.56,1.56,3.72,0
77.31,130.11,70.0,517.94,-3.0,76.49,1
59.98,17.54,46.66,334.0,-2.06,26.32,0
40.89,21.17,47.59,277.07,13.6,34.34,0
34.61,24.76,67.02,210.07,-2.65,23.05,0
27.07,2.77,58.66,256.92,-1.17,0.0,0
24.74,13.81,50.48,215.48,-5.99,6.09,0
32.48,22.12,60.15,252.93,1.75,21.69,0
11.74,37.15,45.96,148.9,-1.66,10.17,0
22.04,16.49,60.06,228.7,0.71,10.55,0
22.06,0.0,43.89,173.35,-3.02,2.5,0
19.68,3.65,60.03,225.55,1.54,10.71,0
39.3,42.8,45.13,331.95,6.58,29.84,0
7.07,2.87,49.47,200.04,-2.06,0.55,0
4.65,2.75,46.98,119.68,-7.53,0.0,0
68.07,54.94,55.53,370.67,11.92,55.3,1
13.54,13.92,45.98,204.09,-4.7,2.72,0
34.42,0.0,65.09,186.76,-2.76,10.92,0
41.49,24.22,64.9,216.81,7.46,30.6,0
80.71,143.77,61.42,540.95,9.7,84.28,1
70.66,53.45,48.33,416.46,6.99,60.61,1
31.83,11.39,58.2,253.98,-3.36,10.5,0
19.8,14.33,50.37,226.47,3.97,12.1,0
54.6,26.77,45.05,239.02,5.08,35.26,0
24.87,2.72,64.12,177.48,-4.74,3.68,0
35.28,15.03,63.22,248.52,3.1,13.56,0
12.3,4.27,42.96,80.53,3.79,3.25,0
46.45,17.21,65.9,287.17,2.94,27.63,0
89.52,161.43,62.69,574.79,7.61,79.48,1
57.31,23.96,59.57,243.61,5.85,36.69,0
36.99,13.24,57.79,199.32,-2.42,7.77,0
68.8,62.89,63.98,437.75,6.7,64.43,1
35.58,0.0,52.27,282.91,4.25,9.73,0
31.87,3.73,56.67,182.59,-2.42,4.74,0
37.05,2.31,61.12,242.99,-3.59,10.76,0
33.56,39.47,46.94,237.76,6.88,20.56,0
28.24,4.68,58.49,274.76,4.73,2.65,0
6.33,26.55,61.24,107.05,-1.5,11.81,0
56.72,26.49,63.56,253.99,2.78,33.14,0
18.04,27.87,63.85,290.44,7.74,17.03,0
34.58,0.0,44.55,254.03,-2.69,13.78,0
5.1,6.16,43.42,90.17,-1.77,0.0,0
63.76,70.5,57.93,358.62,8.92,61.43,1
21.19,10.08,46.15,139.74,8.0,9.19,0
36.51,4.62,49.16,248.03,-2.98,10.95,0
29.7,32.72,61.83,201.03,15.34,20.07,0
73.48,78.07,61.51,378.92,10.07,76.7,1
33.1,29.63,49.28,292.62,2.79,17.78,0
53.51,33.9,59.98,285.07,-9.65,25.05,0
62.04,64.8,69.96,434.88,-3.69,56.47,1
35.05,21.8,49.04,181.48,-1.37,19.53,0
14.13,15.98,41.77,169.4,1.74,5.89,0
14.57,23.41,49.15,105.93,10.21,13.0,0
7.03,0.0,52.61,95.59,-0.94,0.0,0
42.68,38.92,56.25,366.57,-8.37,16.18,0
9.13,2.38,45.29,199.51,7.48,3.89,0
9.59,1.14,52.29,252.45,-2.06,3.97,0
61.71,27.63,70.77,273.58,-3.12,47.24,0
40.06,7.1,65.87,197.3,-7.59,10.97,0
50.6,18.13,46.32,317.36,5.83,31.03,0
59.83,30.27,55.79,269.27,8.3,35.75,0
15.71,7.94,38.37,140.77,-2.04,4.21,0
35.51,8.95,54.65,305.1,-2.9,9.01,0
36.52,6.49,44.22,144.25,5.63,3.3,0
6.69,13.61,57.38,176.91,2.93,1.2,0
64.14,55.44,50.54,418.72,1.35,51.02,1
17.05,5.46,40.81,110.22,3.08,0.56,0
18.72,9.66,43.88,164.69,0.14,0.0,0
19.14,7.55,61.18,120.34,-5.84,0.0,0
59.73,41.62,56.46,384.34,7.52,50.81,1
71.41,44.18,67.4,316.54,5.28,61.87,1
25.01,4.93,42.2,241.23,11.36,11.27,0
25.13,0.28,57.03,205.33,-4.69,4.3,0
56.14,18.35,50.01,293.12,-2.94,24.45,0
16.0,17.89,48.58,154.83,-1.52,1.17,0
28.39,1.51,58.32,264.8,-4.01,0.22,0
22.24,7.14,47.59,181.03,-1.1,0.0,0
44.78,38.36,68.55,268.58,1.27,27.79,0
72.15,77.04,49.7,382.25,4.83,61.91,1
26.38,5.59,54.08,163.86,4.29,0.95,0
31.75,11.43,49.04,248.45,-3.86,9.46,0
19.14,1.37,58.15,248.78,3.55,6.54,0
44.22,37.67,66.93,283.58,-0.01,19.4,0
34.38,0.0,39.63,182.24,2.69,6.47,0
43.43,33.28,46.56,296.59,9.01,27.82,0
39.34,38.45,63.89,242.43,7.71,20.87,0
71.99,41.33,58.97,328.84,2.12,57.96,1
70.99,52.06,68.98,426.94,15.84,71.54,1
26.62,3.7,66.67,275.08,15.93,15.11,0
56.72,32.96,56.74,362.36,3.32,33.81,0
11.98,1.62,50.06,173.79,-6.32,0.0,0
39.55,5.15,54.27,131.21,2.78,7.08,0
17.3,14.38,65.15,149.25,2.88,9.68,0
19.28,12.42,52.05,231.88,-7.67,2.67,0
4.27,0.0,55.14,118.24,0.99,0.0,0
63.91,47.16,65.23,341.38,4.22,49.77,0
85.28,177.4,63.42,585.5,-0.4,77.51,1
50.19,35.29,62.17,242.46,2.6,38.13,0
70.28,79.89,54.5,411.65,7.9,68.17,1
89.74,81.14,56.17,480.11,0.3,66.39,1
6.58,20.05,56.82,227.86,3.97,10.97,0
46.07,18.59,63.49,270.97,2.22,26.9,0
36.14,38.6,52.28,315.41,0.01,20.3,0
48.69,39.86,55.06,329.92,6.84,30.26,0
11.42,7.7,51.25,201.98,2.97,3.04,0
18.51,4.07,60.43,227.71,5.8,14.62,0
54.87,17.96,44.97,248.22,0.39,27.9,0
40.99,4.93,61.42,293.39,-0.21,18.03,0
40.19,28.93,57.44,229.77,-4.3,24.62,0
18.06,4.95,52.29,152.13,7.27,4.44,0
38.65,29.69,54.9,166.32,-0.79,13.42,0
27.53,5.8,53.78,268.88,9.28,9.66,0
9.21,0.39,47.43,79.94,-0.28,2.3,0
81.58,141.78,57.49,499.99,16.83,78.51,1
35.96,4.56,58.43,203.88,4.07,14.63,0
22.72,2.55,55.58,246.41,6.93,11.1,0
29.25,1.98,44.73,154.98,0.17,3.85,0
8.58,6.26,59.62,119.12,-7.18,0.0,0
19.82,11.57,62.49,190.9,6.91,12.63,0
19.15,16.4,60.7,270.95,4.28,13.67,0
11.08,8.7,61.34,207.4,0.27,8.39,0
23.84,0.13,58.94,170.44,3.82,1.15,0
16.36,3.12,52.38,153.0,1.14,0.39,0
20.45,0.0,46.79,234.46,5.76,6.34,0
53.95,21.61,51.25,224.77,-6.28,25.74,0
55.07,26.31,53.63,274.55,6.04,41.3,0
72.74,77.65,51.69,403.17,0.96,56.7,1
37.59,0.0,52.46,243.09,2.48,10.8,0
45.2,47.02,58.05,339.52,-3.31,29.61,0
52.41,32.82,55.73,282.35,2.92,30.71,0
15.9,6.67,50.25,224.66,5.26,3.84,0
25.02,3.02,64.68,211.6,-5.64,2.9,0
38.83,9.41,53.03,212.63,-4.17,8.41,0
9.64,15.76,55.2,188.83,-0.42,3.03,0
16.15,9.4,66.66,235.61,-5.0,9.99,0
6.13,19.1,59.63,153.13,1.07,3.44,0
29.72,3.79,38.94,174.63,1.31,0.0,0
9.55,9.91,63.39,135.0,11.2,10.19,0
25.33,3.51,52.36,141.8,-0.89,0.0,0
37.5,26.7,65.03,198.64,12.68,24.95,0
54.78,66.99,61.69,303.7,10.54,58.12,1
8.23,4.49,56.74,125.16,3.58,3.47,0
7.66,2.85,41.59,123.97,2.79,2.96,0
40.17,19.56,41.33,294.59,0.24,19.7,0
13.13,0.0,57.97,144.59,4.07,3.5,0
54.31,36.99,51.28,318.27,0.85,24.73,0
18.51,8.63,48.77,180.32,0.82,0.0,0
53.88,24.28,62.48,233.48,-1.44,36.19,0
6.41,0.0,66.41,156.67,-1.49,10.01,0
55.25,33.7,46.07,290.92,1.34,31.67,0
19.17,0.84,62.16,111.82,2.81,5.56,0
19.45,8.48,52.74,254.25,-8.95,0.0,0
24.45,4.99,42.51,291.86,6.68,7.59,0
27.91,8.58,56.31,270.94,4.74,7.64,0
12.76,6.15,57.32,204.37,1.76,4.53,0
50.96,35.21,57.11,355.37,-0.68,33.11,0
48.1,25.27,55.59,293.91,-2.21,27.35,0
24.82,16.78,47.89,229.91,-2.03,4.24,0
25.56,21.28,60.2,258.7,1.01,18.88,0
12.17,4.77,49.98,167.2,-0.71,0.0,0
61.0,71.3,65.13,357.88,3.31,56.64,1
15.26,1.63,46.88,115.05,1.95,0.0,0
72.1,45.61,64.99,314.35,4.79,55.55,1
49.77,20.72,56.96,299.68,-0.01,27.5,0
70.66,56.59,61.98,398.65,12.98,70.09,1
18.05,6.53,55.72,141.71,-10.17,0.0,0
37.6,15.61,62.66,264.4,6.46,21.25,0
60.09,83.49,65.74,479.26,-13.18,49.0,0
53.62,48.65,52.05,340.88,9.24,44.59,0
47.58,28.7,50.71,250.38,0.69,21.89,0
37.38,40.11,54.01,322.52,4.84,20.53,0
18.52,10.03,55.99,250.45,-0.95,8.31,0
80.6,93.18,76.51,432.34,-2.03,75.69,1
4.12,2.18,51.83,153.69,-2.05,3.57,0
73.4,166.32,66.84,498.75,18.14,82.17,1
36.45,40.93,67.13,306.98,-1.18,24.44,0
37.86,4.45,41.09,227.35,-5.11,5.04,0
9.36,12.36,58.79,199.79,-2.89,4.78,0
22.06,7.49,50.6,177.77,-0.18,0.0,0
36.91,2.06,41.79,167.16,3.71,9.97,0
37.09,21.34,44.88,185.8,2.61,15.78,0
38.88,5.22,56.86,195.42,-7.94,0.0,0
21.8,7.05,54.41,125.89,8.5,9.4,0
60.99,47.34,49.96,293.98,-0.77,45.28,0
32.48,0.74,52.77,251.33,6.76,8.11,0
54.74,73.61,59.8,436.33,9.51,53.18,1
20.92,0.16,41.55,208.86,-3.4,5.03,0
47.99,29.98,54.35,316.58,4.17,25.14,0
58.97,69.95,60.38,408.05,0.13,54.15,1
16.79,9.98,56.85,100.92,7.21,6.16,0
16.93,8.21,59.61,197.96,3.15,5.4,0
42.33,34.64,57.71,243.85,0.61,25.63,0
56.77,15.42,46.11,252.13,1.12,26.53,0
24.35,0.0,52.98,208.68,0.83,5.15,0
11.36,5.89,56.22,107.84,-7.43,0.0,0
18.84,4.19,55.27,197.38,-3.73,2.44,0
50.89,18.19,60.17,356.31,-1.49,33.25,0
72.35,49.62,56.87,307.14,-8.86,51.29,1
42.68,24.86,63.75,219.57,0.65,25.15,0
94.34,145.43,83.64,502.47,10.12,95.7,1
10.38,16.14,61.07,144.24,-3.5,9.26,0
6.1,7.92,65.5,118.68,5.44,9.17,0
16.22,16.63,56.93,222.17,0.12,10.13,0
14.84,4.53,45.91,185.4,-1.08,1.36,0
12.37,7.22,63.55,128.97,2.1,3.61,0
59.61,64.6,60.65,372.01,-0.99,49.68,0
69.94,49.51,69.73,323.27,-5.47,40.07,0
25.07,2.32,53.42,218.86,-1.21,5.19,0
36.21,2.32,55.09,243.92,-3.49,13.74,0
71.73,123.41,69.1,461.09,7.23,76.85,1
10.2,11.99,55.37,180.15,0.29,3.8,0
12.95,4.35,46.52,196.97,-6.64,0.0,0
14.38,2.61,49.95,157.47,4.89,1.99,0
86.96,120.93,64.6,488.62,13.53,85.9,1
14.8,1.77,59.43,190.66,2.01,3.43,0
16.87,33.72,70.98,203.8,-2.7,21.01,0
55.09,84.3,63.27,423.15,5.21,55.32,1
20.08,1.13,42.59,193.21,3.05,0.0,0
34.78,7.66,57.51,174.33,-2.0,4.56,0
28.29,4.51,55.0,158.21,2.0,6.52,0
19.66,1.17,44.72,217.96,5.51,8.24,0
54.8,18.41,45.25,357.86,-8.89,26.64,0
35.44,2.16,56.34,199.16,-6.87,2.21,0
36.67,7.2,60.05,273.98,-3.09,11.93,0
39.27,1.74,58.0,240.89,4.16,11.7,0
54.92,71.82,57.56,299.9,5.01,50.82,1
32.18,8.26,63.09,255.78,-5.16,9.12,0
42.92,22.19,54.05,249.43,0.42,25.99,0
18.02,8.12,64.24,170.37,-4.28,2.54,0
39.67,33.35,61.81,329.39,-4.9,21.8,0
55.88,43.95,64.84,321.87,-6.98,35.84,0
29.78,2.41,42.67,281.19,-13.1,0.59,0
4.64,1.65,50.61,176.12,-0.45,0.45,0
34.58,2.19,50.85,278.72,7.51,14.12,0
39.1,29.47,55.61,289.96,7.33,23.93,0
32.57,10.94,61.8,164.85,4.69,17.6,0
16.08,9.89,64.95,133.81,-2.18,4.92,0
9.83,4.95,45.78,189.68,2.85,3.6,0
5.96,8.84,56.38,215.9,-5.88,0.0,0
17.81,67.18,55.53,211.66,3.93,21.46,0
32.71,14.58,58.54,209.11,10.16,23.16,0
49.67,43.56,54.93,363.11,5.67,32.3,0
80.87,160.53,79.66,562.3,-7.17,78.99,1
23.44,15.62,61.96,211.38,3.66,11.28,0
5.89,1.71,60.62,110.53,-1.47,3.15,0
24.67,10.86,54.4,279.79,-9.05,3.17,0
12.05,0.51,58.54,159.89,-0.42,1.93,0
31.49,0.0,55.7,241.03,-6.33,5.66,0
64.89,85.03,55.27,329.78,4.82,52.39,1
38.98,2.63,50.27,249.17,-1.35,9.43,0
56.31,79.02,67.72,354.38,-9.11,46.74,0
4.42,13.76,59.19,144.09,-1.09,0.0,0
10.17,6.11,48.18,171.73,7.87,0.75,0
22.08,11.6,54.2,174.65,-5.0,1.34,0
73.31,49.63,56.19,375.48,5.47,60.43,1
59.78,81.51,69.24,484.29,2.95,53.6,1
22.91,8.29,46.89,271.96,0.66,0.0,0
17.34,43.78,44.92,175.43,-4.74,14.32,0
30.34,5.53,44.89,136.55,-4.47,5.6,0
27.27,3.83,60.23,140.74,6.91,4.46,0
6.81,10.79,47.86,212.39,4.29,6.96,0
42.42,26.34,53.97,287.92,4.69,26.28,0
8.71,8.05,55.34,114.2,-8.84,0.0,0
89.5,148.17,79.5,529.13,7.58,84.97,1
21.65,2.51,56.57,217.55,-5.52,0.0,0
11.18,0.62,49.21,75.14,-4.43,0.0,0
20.86,0.47,66.98,131.33,-1.45,4.12,0
21.12,1.93,52.39,111.09,-4.62,4.04,0
16.02,43.59,44.6,216.1,9.56,26.85,0
33.99,11.76,55.0,190.21,6.14,14.86,0
62.51,52.89,64.41,348.48,8.57,57.66,1
24.52,1.29,51.84,109.65,-3.65,3.56,0
50.71,37.68,57.27,341.97,0.65,29.94,0
32.72,0.0,42.51,157.02,-4.6,6.67,0
5.08,6.14,42.92,161.53,6.92,6.77,0
17.59,0.22,57.74,217.72,8.89,11.08,0
32.29,1.77,63.18,179.46,1.26,7.34,0
56.42,67.37,55.27,333.79,0.31,41.35,0
37.31,42.57,61.0,319.75,4.63,30.68,0
23.46,6.68,60.6,157.7,-8.89,0.0,0
30.56,9.46,53.99,295.76,-0.98,4.17,0
44.41,16.99,60.89,258.99,-4.5,18.09,0
20.47,10.44,45.86,172.07,-1.15,4.4,0
22.64,12.26,49.89,254.77,-10.34,0.0,0
25.9,0.0,44.0,203.83,6.36,8.8,0
39.28,11.02,66.37,298.64,4.06,16.25,0
29.85,0.81,53.85,158.2,9.63,8.75,0
27.02,14.19,53.76,209.92,-0.86,8.02,0
63.88,88.22,74.99,453.38,9.12,68.93,1
69.54,76.93,74.31,365.09,10.87,70.03,1
82.71,122.79,77.03,513.31,5.18,85.66,1
16.93,1.16,59.73,216.44,-2.05,6.34,0
63.27,42.06,60.51,290.7,3.54,52.61,1
51.12,42.51,52.9,346.87,4.47,36.96,0
26.59,5.51,51.69,157.09,4.44,6.28,0
31.1,0.42,59.9,201.47,-0.62,8.61,0
11.05,3.95,61.42,87.15,2.24,10.14,0
25.52,13.56,49.82,150.23,-6.14,0.0,0
54.4,34.31,69.39,290.17,3.21,36.5,0
25.47,0.0,62.33,242.84,11.23,16.66,0
35.81,16.55,56.89,189.33,2.2,9.44,0
29.95,25.35,42.94,193.68,-12.49,0.26,0
65.82,81.42,57.9,388.62,7.42,60.46,1
30.35,10.17,50.53,264.69,6.76,15.73,0
6.22,0.0,55.44,74.21,-3.94,3.63,0
20.88,27.26,66.41,142.88,-0.61,17.44,0
55.31,30.32,62.39,247.73,11.16,38.51,0
59.66,70.45,70.1,409.43,6.9,62.75,1
6.88,6.32,64.35,155.95,3.0,7.81,0
39.93,4.38,48.42,260.78,-2.39,10.52,0
63.65,85.27,55.49,464.46,8.89,56.4,1
76.29,46.76,62.21,338.45,0.66,58.87,1
32.0,2.18,46.94,205.71,-8.14,0.0,0
18.91,1.22,59.12,174.63,-0.58,0.0,0
20.6,6.1,44.45,230.38,7.29,2.12,0
6.95,20.9,58.4,137.19,5.09,10.23,0
42.42,30.03,50.85,315.71,2.0,21.68,0
29.66,0.0,53.56,209.46,2.44,3.2,0
14.17,0.0,64.96,78.56,-0.47,7.96,0
27.98,8.89,62.9,258.21,-6.27,0.0,0
36.65,29.8,66.74,225.47,10.53,29.12,0
30.65,0.8,52.54,191.89,-0.9,3.58,0
6.77,1.25,43.87,75.32,-0.85,0.0,0
22.89,0.0,50.92,241.78,1.92,7.26,0
11.1,1.52,49.73,100.17,-3.46,0.0,0
29.74,16.29,63.4,215.05,4.13,9.14,0
67.73,91.96,72.16,450.25,1.98,62.56,1
2.88,8.13,51.96,67.65,5.22,4.04,0
39.18,10.74,58.94,246.63,-2.4,14.26,0
34.44,8.2,42.75,238.03,-5.54,4.81,0
53.49,34.15,64.47,246.12,-0.9,34.73,0
51.57,36.07,59.43,350.09,-0.46,31.97,0
86.05,137.87,76.61,459.03,4.06,81.38,1
34.16,0.0,63.34,184.37,2.72,7.3,0
27.96,1.42,53.01,115.19,-3.36,0.34,0
39.16,17.88,61.77,253.81,-1.81,14.07,0
21.69,0.97,45.39,235.24,-1.94,1.98,0
8.77,6.26,66.2,182.77,4.2,8.27,0
68.85,79.97,55.28,419.58,15.31,61.25,1
40.57,41.4,50.05,291.2,-0.79,32.26,0
39.97,23.64,65.2,312.22,4.89,23.0,0
8.33,8.9,46.5,187.88,-1.7,1.39,0
36.37,1.41,56.1,250.99,5.59,14.42,0
34.99,6.88,53.71,183.39,-2.46,7.07,0
64.16,66.85,52.29,376.57,11.9,60.35,1
21.66,13.55,46.56,170.08,2.26,0.95,0
38.89,15.45,47.93,247.26,-4.53,11.86,0
5.28,58.53,65.41,274.87,-6.35,20.0,0
59.86,12.81,60.96,229.47,-3.64,29.11,0
29.72,2.81,43.73,125.25,-0.3,4.19,0
58.4,71.69,62.19,324.24,-3.15,46.27,0
13.69,4.84,47.2,240.95,-2.37,1.81,0
20.6,3.64,37.94,202.18,7.29,7.38,0
42.63,20.75,65.12,241.11,-2.79,31.15,0
24.75,8.15,62.41,132.01,1.22,1.47,0
63.16,72.03,56.75,413.36,7.26,58.29,1
23.85,1.39,48.09,109.54,-2.95,0.25,0
41.17,25.95,56.02,319.65,-0.01,17.97,0
10.06,7.47,46.6,97.81,3.5,0.33,0
19.6,9.8,63.47,262.46,-1.21,6.04,0
46.53,34.66,68.12,285.45,6.46,33.1,0
69.53,83.49,63.21,417.48,1.95,56.84,1
39.5,3.31,45.26,285.85,-0.28,7.55,0
60.06,58.45,66.52,445.8,1.45,54.42,1
16.59,0.77,66.67,216.73,-4.93,11.25,0
24.14,9.61,54.14,244.92,-2.48,0.0,0
30.58,1.43,43.49,175.18,-4.67,5.49,0
38.58,3.34,41.64,226.43,1.48,9.99,0
60.06,81.13,70.47,427.76,0.5,66.37,1
20.87,14.51,58.35,264.15,3.44,5.03,0
19.15,0.28,56.57,217.42,5.01,5.4,0
53.65,35.76,55.6,279.78,-3.01,34.11,0
63.18,87.5,66.98,367.28,2.38,58.42,1
46.57,25.66,58.01,246.51,5.59,29.35,0
12.25,18.18,61.27,239.51,-9.77,4.25,0
72.92,47.85,66.56,303.77,5.19,59.76,1
82.34,97.8,74.15,501.55,6.44,76.74,1
6.64,2.62,49.52,86.17,-10.28,0.0,0
19.27,8.27,58.01,269.97,-7.7,0.0,0
5.39,12.59,49.01,129.2,-2.41,3.37,0
70.16,62.05,69.12,424.81,19.61,75.39,1
31.11,0.0,46.75,253.31,0.87,6.13,0
14.08,4.79,64.65,259.26,-2.44,3.15,0
40.06,1.29,50.05,168.5,-7.84,5.9,0
70.81,47.3,61.82,316.87,-4.58,52.27,1
38.6,1.72,51.98,266.65,-0.59,7.89,0
77.13,151.57,74.28,464.65,2.56,72.96,1
27.95,8.48,54.63,166.19,0.7,1.93,0
54.17,21.34,53.5,281.0,-1.57,30.99,0
82.06,84.74,71.38,453.15,6.81,81.0,1
69.97,44.08,55.91,413.16,12.04,59.4,1
19.42,5.07,64.06,221.22,-1.56,5.54,0
87.49,157.55,69.87,635.17,7.03,80.78,1
55.07,40.86,54.7,296.58,-2.23,35.71,0
11.95,33.31,57.08,190.37,-0.07,9.74,0
37.26,9.97,41.54,242.38,-9.52,4.25,0
25.41,3.01,41.17,197.3,9.78,7.95,0
66.61,60.29,55.88,338.78,2.48,54.45,1
32.28,0.38,39.12,179.1,5.63,10.1,0
37.03,2.3,48.49,285.98,-1.99,5.58,0
55.65,41.34,54.45,404.58,-3.99,36.31,0
72.02,132.25,72.51,508.38,6.9,79.5,1
34.2,15.55,54.65,189.72,-3.99,9.39,0
44.62,16.89,63.32,268.08,-2.33,19.28,0
27.93,13.62,52.21,186.74,-0.26,5.3,0
6.19,0.0,59.03,81.77,-1.3,1.04,0
55.38,35.05,52.04,354.21,7.09,34.74,0
43.96,20.37,60.34,232.72,4.85,29.11,0
93.6,113.94,66.67,533.36,14.01,89.09,1
61.49,46.47,48.88,355.99,-4.7,47.35,0
42.67,31.4,60.99,355.59,7.22,34.7,0
19.8,23.68,64.33,197.27,4.74,16.22,0
84.84,127.28,67.7,522.04,1.11,76.54,1
34.05,10.66,50.69,262.72,-0.46,14.8,0
16.0,14.47,45.81,226.31,8.9,14.56,0
37.11,4.7,54.49,235.86,6.47,16.1,0
12.8,0.89,46.07,169.91,-9.98,0.0,0
32.14,0.0,49.66,207.72,-5.47,5.35,0
73.29,43.92,54.92,338.13,7.75,57.59,1
16.65,37.84,58.0,212.69,10.95,18.36,0
43.32,44.27,66.23,240.69,3.85,35.22,0
32.41,20.48,44.97,315.59,-9.01,10.81,0
40.74,0.0,53.84,281.15,5.47,16.34,0
14.92,1.51,60.45,194.79,-3.33,2.15,0
37.9,7.96,65.82,204.14,2.05,13.95,0
15.06,5.34,48.27,205.17,-1.98,2.9,0
71.67,78.29,61.97,422.35,-2.19,64.05,1
37.24,4.07,52.14,231.04,-4.73,6.61,0
25.89,17.43,44.06,201.36,-6.5,1.41,0
26.64,13.63,54.96,170.82,0.74,7.02,0
38.36,1.24,60.55,168.64,1.18,11.99,0
26.36,0.68,61.11,226.28,-2.35,4.75,0
5.37,0.04,61.0,96.36,-10.88,0.0,0
36.12,2.21,44.85,168.6,-3.14,10.48,0
38.55,0.0,60.57,217.96,0.76,10.48,0
26.71,4.64,54.75,204.9,4.41,4.03,0
8.19,11.48,47.13,99.51,-10.06,0.0,0
28.35,14.09,56.01,242.49,13.7,18.54,0
59.68,59.38,69.85,412.54,4.4,46.65,0
18.83,1.88,42.82,189.37,0.09,0.0,0
7.49,8.73,47.43,159.77,-5.48,0.0,0
24.37,4.98,64.21,146.36,-3.87,3.39,0
69.77,44.52,66.74,403.69,-3.08,50.99,1
40.98,40.11,56.56,345.93,4.68,26.25,0
69.43,45.17,47.01,374.77,0.54,47.87,0
10.85,9.06,44.76,227.62,1.32,3.58,0
69.54,53.02,68.79,355.41,-1.0,50.6,1
39.44,5.67,41.02,199.26,-0.47,7.55,0
6.97,0.0,45.9,230.32,-0.53,0.63,0
16.46,27.2,48.46,163.2,6.57,9.03,0
13.12,1.13,61.35,112.81,-1.99,1.76,0
52.78,22.74,44.98,345.7,-2.37,28.97,0
49.61,19.24,64.1,315.54,1.57,19.21,0
28.59,4.97,64.96,217.15,6.89,8.09,0
20.21,0.92,41.93,200.47,1.58,0.12,0
43.41,40.04,51.15,337.55,3.78,33.08,0
8.17,10.16,55.45,137.63,7.05,7.79,0
31.94,14.0,60.09,272.59,-4.93,17.88,0
37.68,10.84,61.09,269.44,-16.54,5.79,0
13.4,23.14,43.79,243.21,-0.39,6.39,0
35.9,1.19,63.99,300.0,-1.43,13.51,0
34.62,2.71,51.97,234.3,-0.06,6.27,0
31.0,14.81,52.8,172.64,4.25,12.9,0
32.69,1.45,44.09,272.9,5.93,15.04,0
48.89,20.1,41.32,219.65,1.52,22.18,0
36.49,18.04,59.0,186.37,4.77,7.58,0
33.74,0.0,42.69,216.58,-0.7,7.88,0
36.73,14.69,58.06,200.23,-0.09,9.61,0
10.29,17.42,61.51,248.59,6.09,17.01,0
72.63,91.39,69.6,424.52,4.29,68.67,1
39.07,21.49,46.97,256.43,4.98,20.65,0
15.52,47.47,53.29,277.33,8.96,25.03,0
41.69,38.97,46.57,290.98,-2.2,25.3,0
45.06,26.05,42.03,237.3,4.82,27.03,0
37.33,30.47,64.09,236.36,2.8,22.83,0
44.11,41.51,63.17,347.79,0.17,23.95,0
37.13,0.0,41.55,193.81,1.6,1.8,0
45.21,37.66,53.16,278.36,6.85,27.42,0
8.49,19.39,47.36,247.88,7.85,11.72,0
20.22,1.67,61.48,197.16,-11.24,0.0,0
8.75,3.72,49.15,241.12,-4.68,1.28,0
18.68,12.67,56.51,173.22,0.4,9.43,0
18.03,10.66,44.91,127.63,8.49,11.33,0
24.57,11.68,55.25,238.59,-3.79,8.37,0
35.58,32.96,63.79,336.6,-0.45,19.83,0
14.65,11.19,60.18,118.96,1.66,6.6,0
6.78,2.06,65.46,234.98,-3.2,11.53,0
34.11,0.0,65.86,252.15,4.81,17.34,0
22.62,16.93,49.79,118.17,-13.39,1.77,0
6.16,9.2,60.75,150.39,-2.83,5.7,0
24.38,15.94,62.66,244.23,1.33,10.84,0
32.45,11.48,60.46,184.52,-6.65,8.58,0
80.04,136.91,77.12,593.43,9.63,91.52,1
55.56,36.59,49.97,246.11,5.38,39.42,0
44.48,20.83,57.91,247.75,6.95,28.42,0
13.51,6.67,56.75,187.79,0.6,0.6,0
41.9,22.3,59.55,290.37,-0.47,23.5,0
58.19,28.77,48.12,316.35,-4.48,30.19,0
64.3,55.57,52.54,353.46,11.45,53.19,1
9.4,3.1,57.16,88.14,-5.69,0.0,0
31.0,10.36,40.14,207.54,7.11,15.51,0
49.12,38.3,51.27,274.18,-5.52,20.08,0
37.01,22.61,45.7,262.63,3.96,17.87,0
40.25,0.0,43.07,189.1,2.3,14.18,0
89.74,108.39,68.2,566.21,5.68,81.58,1
7.19,1.07,52.33,82.85,-0.24,0.0,0
29.33,0.72,47.8,258.45,-1.41,4.58,0
24.83,5.7,49.92,155.82,-5.39,0.0,0
19.7,12.04,63.01,136.75,-9.64,4.33,0
15.96,12.35,41.44,262.4,2.55,9.46,0
8.44,0.0,43.2,211.16,-0.4,3.58,0
7.34,19.55,66.08,130.4,2.42,9.64,0
18.65,3.25,55.96,246.7,2.1,7.78,0
14.1,1.14,62.69,120.03,4.07,5.96,0
72.45,84.14,52.56,434.61,5.82,63.86,1
36.41,39.21,58.63,338.58,4.23,17.06,0
23.51,0.0,50.99,216.96,-1.18,6.2,0
16.42,9.97,49.54,240.98,-6.16,0.0,0
26.14,15.93,65.21,238.9,0.85,9.48,0
12.63,2.51,65.95,268.58,2.57,10.51,0
13.97,2.88,46.21,195.96,7.13,3.93,0
43.24,31.07,59.25,314.72,9.54,24.87,0
39.23,0.0,57.2,197.34,-6.46,0.0,0
7.27,7.9,61.57,61.31,6.73,10.23,0
15.18,5.6,46.15,195.45,-0.72,0.0,0
60.3,48.06,56.35,277.88,-2.09,42.9,0
52.26,35.0,63.37,301.38,4.26,32.16,0
8.59,19.08,54.46,158.07,15.55,14.58,0
37.5,3.84,42.92,271.61,1.94,10.72,0
17.49,20.06,58.83,212.5,0.42,12.15,0
58.15,55.63,67.18,286.8,4.27,44.77,0
18.37,0.89,59.76,133.73,5.12,7.5,0
17.36,26.85,48.89,182.83,-3.87,7.89,0
14.83,12.51,50.76,226.58,-5.54,2.33,0
19.79,28.39,61.77,235.21,4.89,19.54,0
28.23,4.8,50.83,176.45,-5.28,0.0,0
37.91,8.52,62.5,283.23,0.8,14.74,0
55.09,41.88,50.0,266.56,11.24,47.41,0
82.59,120.42,71.58,518.76,12.48,96.28,1
35.92,0.0,50.17,262.17,-7.99,3.49,0
61.18,52.59,67.28,369.2,3.44,52.99,1
58.73,76.46,59.47,484.69,-3.62,44.91,0
28.84,2.99,58.87,153.31,4.42,0.0,0
25.53,5.97,53.7,167.17,-8.13,0.0,0
17.55,8.08,60.25,266.03,1.65,8.39,0
5.25,10.16,54.24,98.85,3.61,7.24,0
42.15,35.16,50.6,284.29,6.27,28.34,0
20.69,0.0,56.95,193.5,2.68,3.04,0
22.41,19.47,51.62,142.15,-7.62,0.0,0
35.8,18.01,55.82,325.44,-5.45,9.86,0
46.73,31.38,49.13,288.81,2.25,29.39,0
73.05,49.47,70.23,407.38,5.84,70.92,1
31.93,19.09,49.14,197.76,8.22,16.97,0
29.43,5.9,62.4,197.49,-4.9,2.97,0
17.85,6.08,42.87,232.24,10.97,9.1,0
69.12,46.95,54.06,372.98,-8.14,42.48,0
6.53,2.86,56.58,178.13,-3.65,0.0,0
45.39,19.88,51.04,284.74,-2.1,17.42,0
35.06,39.63,50.87,271.23,2.44,18.26,0
18.12,14.62,51.31,206.52,-0.48,9.09,0
24.59,12.07,65.62,205.93,-3.72,12.01,0
30.24,8.54,49.43,164.84,6.01,11.83,0
14.0,14.7,47.88,208.84,10.16,22.91,0
66.01,40.94,47.62,424.06,0.63,43.32,0
7.99,8.46,44.34,147.35,0.92,0.05,0
30.1,0.0,39.91,202.07,-4.68,10.8,0
84.46,98.68,70.94,522.34,5.95,79.37,1
34.72,0.6,42.89,229.43,6.05,16.17,0
94.21,92.16,60.85,463.1,15.59,80.34,1
20.74,14.5,45.52,188.75,11.92,14.38,0
70.67,63.83,48.05,326.7,-0.43,55.99,1
25.2,17.78,59.47,308.6,6.91,11.5,0
37.93,23.19,45.28,189.33,-1.55,19.47,0
31.82,6.05,50.36,197.75,-2.87,10.93,0
72.55,83.3,50.23,428.09,5.02,68.84,1
13.77,2.82,56.09,222.1,1.99,5.09,0
52.24,17.92,57.15,240.32,8.29,39.15,0
38.02,41.28,67.26,245.55,1.42,29.39,0
43.19,21.03,43.11,231.81,11.01,35.48,0
10.11,23.64,67.94,240.28,-0.98,11.96,0
53.68,45.38,57.14,274.55,-2.3,38.23,0
56.18,41.77,66.82,291.44,-3.37,40.04,0
33.73,2.0,43.77,301.67,1.07,8.48,0
42.79,24.18,54.75,245.86,-1.26,24.06,0
45.97,19.35,46.63,315.0,5.23,25.33,0
59.1,69.91,64.23,418.57,2.37,50.7,1
22.23,0.3,67.02,110.63,7.57,4.85,0
47.73,27.44,55.98,328.57,0.83,23.88,0
18.51,8.51,61.49,216.08,-1.49,7.04,0
8.91,3.94,49.3,125.21,2.66,5.49,0
29.04,9.54,55.42,269.44,-4.65,4.14,0
19.53,1.65,63.5,122.7,0.35,4.82,0
26.05,5.4,58.79,251.21,1.82,3.87,0
24.31,13.68,44.24,236.69,-1.55,3.55,0
58.61,39.52,46.04,375.35,3.03,40.67,0
10.88,1.73,61.05,217.67,-8.85,1.64,0
10.38,3.01,45.42,145.24,10.14,9.53,0
32.0,4.77,49.79,244.55,-3.71,9.27,0
24.6,2.94,53.29,236.43,-4.09,5.78,0
59.39,62.88,69.54,360.57,-0.2,49.82,0
20.55,6.59,63.1,175.4,7.36,11.96,0
60.54,62.91,46.83,401.52,3.49,56.73,1
51.87,87.88,69.28,379.26,6.62,56.95,1
34.78,36.26,47.63,306.83,-3.44,18.98,0
68.58,161.29,70.85,496.18,5.75,70.62,1
34.21,15.66,43.95,179.25,-2.41,12.94,0
30.69,0.0,55.05,248.89,0.36,5.79,0
38.1,4.71,55.19,185.3,-5.33,0.0,0
11.69,7.48,42.14,110.54,10.16,9.62,0
12.85,1.8,43.9,182.14,3.75,3.17,0
36.92,0.6,46.69,222.93,9.25,14.81,0
34.95,2.59,52.62,251.47,0.14,9.46,0
6.33,1.83,59.61,131.21,-4.7,0.0,0
31.54,6.93,54.13,260.35,3.04,10.5,0
37.55,33.39,60.95,280.53,6.25,25.81,0
19.72,39.85,48.92,289.76,4.16,11.08,0
3.61,17.79,58.04,126.55,1.74,0.0,0
19.38,16.6,48.13,237.86,-3.73,7.99,0
28.44,2.99,58.9,202.22,3.39,5.19,0
20.29,17.16,45.75,121.14,0.02,5.63,0
6.82,1.49,61.95,149.29,-7.94,0.0,0
10.24,25.18,61.24,155.95,-4.88,7.11,0
20.84,3.79,44.96,216.73,4.51,6.2,0
6.78,1.26,45.86,82.33,0.35,0.0,0
7.89,10.41,46.78,92.99,1.41,5.72,0
39.8,2.24,60.73,182.64,5.77,11.26,0
24.61,0.0,41.53,145.03,-4.62,1.4,0
49.59,39.66,47.0,362.48,1.72,25.32,0
69.17,82.9,63.18,504.35,15.81,67.86,1
71.79,50.83,58.68,405.66,-1.56,52.71,1
74.21,54.97,52.83,364.61,17.28,68.27,1
29.59,8.9,46.99,272.89,1.65,5.26,0
11.41,1.35,42.88,141.54,-0.36,0.82,0
11.85,5.53,51.04,121.97,5.19,1.23,0
33.93,0.72,49.85,280.76,-2.71,5.92,0
42.3,4.9,42.21,166.8,12.23,23.61,0
63.37,84.05,74.07,380.21,4.53,64.26,1
16.47,2.54,44.5,136.2,-0.52,0.58,0
40.66,19.73,48.25,202.58,0.56,19.15,0
33.12,7.6,53.56,190.74,-0.85,6.01,0
30.49,20.48,53.84,229.49,4.29,14.66,0
18.44,18.07,51.81,237.34,-2.47,6.09,0
56.92,38.38,71.06,380.82,-0.14,44.3,0
8.87,4.33,53.84,133.19,-0.24,0.0,0
19.05,10.55,55.19,177.09,4.93,4.02,0
42.45,27.53,51.48,313.89,-5.07,17.32,0
27.81,17.27,57.92,278.06,-3.06,6.48,0
33.3,2.52,47.27,213.0,7.81,15.77,0
7.08,3.94,52.66,74.25,-2.84,0.0,0
58.0,52.7,60.13,258.53,0.16,41.87,0
49.77,28.93,57.59,253.31,-3.8,25.35,0
66.78,90.14,64.03,427.02,11.94,59.57,1
21.38,6.77,43.3,221.55,10.99,10.3,0
73.62,84.99,62.96,436.03,5.86,68.94,1
7.4,8.54,44.04,148.96,-1.28,0.0,0
42.76,29.8,60.7,227.67,-4.3,31.22,0
85.93,168.76,80.8,639.62,2.67,88.58,1
30.88,1.22,50.67,174.32,7.15,10.35,0
27.02,0.0,59.0,178.27,0.0,0.0,0
22.02,16.38,43.91,184.18,-2.94,4.25,0
35.32,0.0,49.62,234.53,8.93,19.8,0
48.71,30.77,62.22,233.91,0.29,26.54,0
38.07,33.45,45.58,213.92,9.7,23.17,0
36.2,3.88,52.45,272.21,-0.25,11.78,0
16.47,0.0,50.16,215.42,2.03,4.88,0
21.34,2.51,52.3,92.26,-5.25,0.0,0
14.08,2.63,63.85,144.75,-4.01,3.53,0
40.15,0.77,39.24,190.2,-4.14,13.29,0
11.83,3.48,40.28,195.05,-1.54,0.02,0
29.85,0.0,45.8,139.55,0.36,2.04,0
8.49,0.05,53.98,138.46,6.51,6.36,0
25.09,5.96,64.83,232.68,8.71,15.98,0
6.62,23.35,51.76,246.26,-1.4,15.66,0
12.3,2.56,44.79,195.08,-7.93,0.0,0
28.12,14.95,48.3,199.31,-1.91,6.2,0
72.91,68.21,72.01,446.54,1.3,70.42,1
9.4,3.5,53.31,199.27,3.38,1.84,0
72.56,87.88,55.13,423.14,-1.47,58.89,1
31.9,3.95,52.43,141.17,6.61,11.43,0
54.78,20.2,65.49,245.18,1.55,32.9,0
12.57,3.1,55.48,82.77,0.49,0.0,0
38.96,2.18,40.61,245.07,-2.36,9.2,0
66.41,62.33,65.01,352.17,8.37,63.28,1
32.55,3.96,66.95,182.01,-4.07,9.86,0
80.88,93.29,56.48,451.85,6.23,72.88,1
5.59,1.74,57.51,116.56,-1.95,0.0,0
26.96,25.35,47.85,177.69,-3.77,9.72,0
33.2,1.74,38.37,268.7,-9.13,4.01,0
34.42,2.76,59.61,237.98,-5.87,4.26,0
15.77,2.67,46.48,79.35,-9.78,0.0,0
32.51,3.75,44.52,183.5,6.92,15.34,0
35.33,1.05,50.56,198.41,-3.74,10.81,0
14.13,1.61,57.29,195.25,-0.86,0.18,0
65.5,50.9,69.66,390.95,-0.97,53.27,1
7.49,9.74,58.86,209.91,-5.38,0.0,0
10.15,2.2,58.46,105.88,0.4,0.38,0
31.87,7.74,48.37,174.01,3.93,4.05,0
23.82,2.04,51.73,146.22,0.24,0.0,0
81.05,129.93,70.51,532.37,0.71,76.58,1
50.72,26.97,43.09,347.09,7.69,35.03,0
19.71,15.38,46.76,104.14,-5.44,3.15,0
27.3,1.46,58.08,136.76,-5.47,0.0,0
73.48,123.06,62.54,430.59,7.98,72.24,1
15.98,11.02,41.98,210.46,-11.78,0.0,0
57.87,42.12,49.31,386.58,-3.51,38.72,0
39.23,2.53,57.23,208.46,5.81,11.34,0
44.38,39.46,56.14,280.31,-0.98,24.98,0
74.15,79.62,61.28,424.11,1.97,63.66,1
82.68,152.09,68.21,554.7,4.85,77.3,1
4.81,2.31,53.43,184.16,6.85,4.53,0
26.94,4.8,41.66,150.73,4.8,6.95,0
57.47,83.82,62.78,414.93,6.58,54.89,1
17.08,11.51,46.92,193.83,-15.99,0.0,0
52.81,17.8,52.52,256.91,1.9,26.31,0
2.88,0.02,51.96,192.74,0.92,0.0,0
37.35,5.35,46.44,229.09,0.81,6.58,0
38.73,37.52,58.27,284.43,4.51,15.88,0
8.67,6.78,48.69,112.39,-1.69,4.66,0
24.81,6.01,63.99,241.29,-2.95,8.46,0
11.01,11.38,50.44,193.77,1.86,2.54,0
21.29,1.35,55.41,213.67,-0.86,0.0,0
72.91,80.95,70.39,393.72,4.26,74.81,1
27.46,28.13,59.37,286.05,4.01,10.41,0
17.84,13.58,61.37,219.04,1.87,12.12,0
56.88,25.02,46.82,280.7,2.41,35.14,0
23.17,8.62,58.02,180.05,4.96,0.0,0
17.43,17.6,61.49,246.31,-0.55,8.32,0
33.13,11.13,55.93,234.07,1.96,15.7,0
63.84,46.72,66.23,319.15,3.21,44.67,0
56.58,43.35,52.48,278.51,6.43,36.01,0
51.86,32.6,67.88,362.27,0.06,37.59,0
52.25,34.45,51.2,212.54,5.67,36.17,0
35.07,2.41,44.3,168.55,2.81,10.41,0
48.17,19.98,66.14,196.86,-0.82,18.0,0
52.74,25.68,45.65,275.95,-2.2,29.9,0
10.69,21.25,64.37,229.87,-0.29,15.05,0
56.43,42.35,58.75,323.66,3.21,38.19,0
27.91,9.39,46.36,240.97,2.93,2.78,0
29.26,11.24,58.98,171.19,-2.33,4.39,0
72.28,70.24,53.5,403.19,11.24,66.98,1
8.47,9.41,40.59,224.72,-8.5,1.57,0
21.57,7.88,56.26,207.09,2.02,4.8,0
20.13,11.46,55.33,118.2,6.89,9.86,0
34.15,1.63,57.33,143.53,0.83,6.17,0
55.39,39.54,68.77,274.09,11.62,45.21,0
13.9,16.27,53.79,186.44,-1.55,5.98,0
59.45,40.2,49.73,345.34,-2.98,36.98,0
56.82,74.38,57.46,305.98,9.53,46.11,0
37.4,20.2,58.19,159.86,6.1,19.92,0
14.46,2.09,60.97,157.05,-7.92,0.0,0
37.3,5.66,42.21,298.51,-9.46,4.23,0
45.65,40.87,71.09,286.31,-5.19,29.51,0
35.54,13.85,47.68,271.97,1.06,10.8,0
35.87,29.22,63.18,207.77,7.63,28.47,0
17.36,6.06,44.69,169.92,3.34,3.3,0
53.22,36.02,44.28,354.21,-7.92,26.44,0
65.69,46.92,49.54,401.32,0.13,47.75,0
16.89,15.44,46.79,166.26,3.57,3.92,0
49.55,29.61,56.55,249.67,-0.46,22.43,0
13.9,19.94,56.65,166.39,-7.8,0.7,0
28.38,4.89,43.56,238.1,-3.0,7.87,0
13.23,0.0,47.31,191.18,4.47,1.87,0
63.4,47.25,58.96,305.78,9.25,53.32,1
33.64,2.26,57.44,171.57,-3.72,4.96,0
40.57,3.63,61.08,202.22,-4.24,24.55,0
54.0,27.59,49.29,300.69,15.53,36.03,0
70.92,59.55,61.08,396.31,3.2,55.86,1
55.61,34.25,61.17,307.5,12.71,40.57,0
54.67,67.73,59.92,431.79,-0.13,46.28,0
12.84,3.41,55.39,183.9,3.48,1.96,0
28.11,2.49,55.21,130.36,6.35,2.62,0
63.67,61.78,70.0,299.82,18.39,63.8,1
58.41,21.93,65.42,327.45,-7.6,31.4,0
40.04,32.93,49.0,233.9,8.33,33.85,0
69.95,66.93,56.95,431.62,5.15,58.59,1
19.6,3.43,51.61,189.28,-7.71,0.0,0
73.72,52.28,58.04,443.87,9.42,61.0,1
73.02,107.83,58.24,468.13,9.54,73.91,1
19.05,2.62,43.66,141.08,-3.03,0.0,0
33.32,8.37,54.39,239.77,-9.48,8.04,0
78.59,166.22,65.26,573.37,9.44,80.48,1
39.68,39.93,62.94,205.24,-0.08,17.01,0
56.19,21.94,41.59,238.36,-4.9,33.09,0
64.73,47.39,54.44,306.72,0.49,47.96,0
52.01,23.5,51.84,267.74,1.71,31.4,0
42.11,25.46,65.46,343.9,-1.2,28.71,0
58.15,87.81,68.72,359.51,-6.88,49.95,0
23.0,2.75,56.54,177.59,6.74,3.54,0
5.4,2.49,49.05,116.43,6.0,7.0,0
41.45,33.92,48.63,326.79,1.39,26.17,0
65.29,71.82,58.34,383.41,4.44,57.5,1
48.95,40.57,53.27,326.54,6.73,33.33,0
29.31,2.84,64.89,175.57,0.87,4.47,0
36.17,23.83,48.38,231.66,-1.84,17.05,0
34.33,32.26,63.27,240.25,5.32,30.95,0
14.2,12.97,41.44,182.03,2.39,3.55,0
58.9,35.45,51.63,317.19,11.44,43.88,0
59.06,82.2,58.8,421.49,5.18,51.86,1
52.57,28.52,67.72,241.75,1.46,34.4,0
29.41,0.0,57.84,270.37,-9.49,0.0,0
55.37,27.92,56.33,235.09,-3.48,28.64,0
36.45,5.12,56.11,153.95,-0.42,2.81,0
14.63,4.03,61.02,86.71,10.06,8.54,0
18.64,0.0,56.23,137.55,2.08,2.18,0
40.61,13.34,51.75,256.63,-4.23,20.8,0
35.21,3.84,52.14,198.11,-0.67,8.67,0
67.87,66.25,60.13,456.44,7.94,66.18,1
15.57,1.66,42.82,112.22,-10.4,0.0,0
70.84,45.88,60.8,296.66,-0.53,52.71,1
29.71,15.06,59.95,196.47,2.97,7.57,0
18.25,2.86,42.57,115.39,-3.44,3.23,0
18.05,13.77,60.98,237.1,-6.86,3.86,0
38.3,48.79,60.73,360.17,-0.88,29.84,0
70.28,109.24,72.73,405.98,10.96,82.35,1
13.29,5.97,44.79,221.51,1.0,2.31,0
35.29,41.94,69.11,279.7,-4.63,24.77,0
10.55,8.34,60.33,184.39,0.36,3.72,0
44.88,29.97,60.68,275.09,-0.86,26.12,0
32.83,5.98,58.72,151.57,-7.84,0.02,0
36.26,19.38,48.26,222.08,-2.65,14.11,0
15.89,4.83,65.44,133.12,12.22,17.11,0
76.18,98.49,60.35,388.09,9.48,72.45,1
54.77,22.15,54.17,263.83,-3.52,27.7,0
44.0,28.3,46.91,235.07,1.7,23.93,0
61.84,63.17,61.77,336.79,7.03,60.33,1
57.96,83.48,53.1,401.28,-12.67,37.26,0
25.88,14.22,47.85,266.31,0.98,9.07,0
15.38,0.0,59.35,167.63,7.79,4.14,0
12.47,15.38,64.32,161.19,-4.58,10.58,0
13.53,1.79,60.26,215.54,1.1,8.02,0
37.87,0.96,49.86,233.19,1.36,7.53,0
69.17,74.51,51.41,331.69,7.43,54.75,1
9.99,0.0,50.49,171.1,-10.34,0.0,0
64.93,60.7,64.03,319.54,9.73,63.55,1
19.1,6.0,56.65,232.27,-4.85,4.15,0
26.64,6.81,55.48,148.39,-0.37,2.66,0
27.77,0.0,42.55,214.29,-6.1,0.0,0
12.34,13.22,42.02,278.21,-6.8,5.08,0
35.31,18.07,52.83,180.04,-10.4,4.84,0
67.11,81.03,61.51,337.44,5.25,63.91,1
6.55,9.7,59.36,172.0,-1.97,0.0,0
34.72,37.94,50.98,297.76,-0.73,18.8,0
37.84,45.51,60.06,270.16,7.68,29.99,0
76.17,40.91,63.16,424.95,-3.85,59.88,1
38.43,4.73,56.74,261.73,0.27,11.17,0
30.52,9.71,64.58,262.39,1.83,13.5,0
64.06,73.69,51.54,440.93,13.84,63.79,1
19.15,16.25,61.58,190.98,-5.21,8.22,0
38.92,0.0,42.82,254.56,0.82,5.74,0
22.84,12.31,63.91,155.15,2.43,10.67,0
7.92,16.79,53.33,187.28,-2.51,1.97,0
19.71,3.82,56.77,225.73,-0.62,3.44,0
27.98,1.57,64.46,135.05,-4.0,4.37,0
17.85,27.54,56.59,176.69,4.34,11.37,0
36.27,4.37,50.81,166.96,7.33,8.97,0
63.49,43.58,68.24,376.09,9.73,58.73,1
15.97,11.25,47.8,131.3,-3.33,8.27,0
25.35,4.32,63.53,142.35,6.43,5.36,0
22.54,10.2,66.17,141.87,-1.56,7.72,0
49.21,20.42,65.52,319.52,3.1,29.27,0
20.05,4.49,61.8,200.3,0.05,5.86,0
35.03,3.89,62.33,241.02,-5.49,8.73,0
19.28,5.12,45.37,160.14,-4.2,0.0,0
64.2,70.01,60.68,352.32,5.13,65.74,1
58.18,45.38,67.92,346.27,0.16,42.94,0
70.09,72.65,60.67,409.71,3.13,66.02,1
56.88,53.78,55.93,423.16,10.47,50.16,1
61.24,55.69,47.1,273.34,0.96,42.31,0
26.92,6.57,43.05,159.2,2.94,1.26,0
5.14,19.61,67.9,223.85,-4.61,13.65,0
33.95,0.0,59.45,217.78,-2.21,14.46,0
20.99,4.47,62.95,188.33,0.36,7.42,0
27.1,12.86,52.63,140.06,-3.93,8.16,0
62.97,85.17,48.08,460.06,4.71,57.22,1
18.66,3.56,64.22,192.57,3.1,4.61,0
13.25,4.41,60.58,206.81,8.78,13.42,0
6.5,1.64,56.33,81.98,11.31,9.67,0
37.02,3.9,58.85,186.36,2.55,5.57,0
15.06,3.0,41.68,131.0,0.43,0.0,0
72.15,59.18,58.11,345.81,7.2,56.22,1
38.43,19.36,65.06,241.57,-7.01,10.72,0
25.65,15.89,54.59,234.86,-12.26,0.19,0
35.47,19.71,57.91,255.4,-6.51,8.07,0
15.87,21.71,54.88,163.41,0.76,8.36,0
54.55,18.43,49.81,335.99,-2.74,27.17,0
12.14,9.68,51.88,227.2,0.24,6.29,0
37.55,2.32,58.78,283.69,4.77,9.3,0
30.63,4.94,45.67,233.6,0.97,8.72,0
13.48,10.88,44.59,127.97,4.14,5.8,0
66.84,40.52,55.94,357.36,0.18,48.62,0
28.26,0.9,60.58,146.34,-2.1,2.96,0
15.58,8.0,66.67,248.42,6.04,9.51,0
22.35,9.42,41.29,206.76,-4.91,5.37,0
69.98,77.13,59.52,465.5,2.27,60.18,1
34.51,13.94,53.46,238.81,-2.12,16.9,0
17.47,3.39,49.21,156.36,-5.85,0.05,0
9.21,5.57,62.62,88.56,-3.48,3.82,0
79.53,100.27,66.41,473.07,2.75,70.86,1
57.86,42.29,56.56,267.46,4.33,38.98,0
41.82,3.76,53.64,277.32,-0.6,13.51,0
7.7,9.66,55.93,187.78,-2.54,0.0,0
25.4,1.69,53.88,207.99,5.7,1.76,0
10.2,0.0,45.66,208.14,-2.77,0.24,0
46.19,35.12,64.24,373.11,2.44,32.15,0
10.69,2.38,66.34,193.24,6.12,11.91,0
21.53,2.8,53.68,205.23,5.1,10.5,0
48.41,34.88,47.85,254.67,-2.12,24.93,0
37.83,12.89,63.12,234.11,-9.14,17.38,0
41.59,14.73,53.5,339.54,5.79,24.23,0
41.39,39.74,67.83,327.12,3.02,28.55,0
65.15,82.15,76.91,438.01,7.71,67.78,1
55.76,19.8,63.18,339.3,6.25,35.06,0
51.42,29.45,42.17,271.44,8.25,38.1,0
33.11,7.33,63.78,194.83,-3.86,5.63,0
71.04,84.02,55.41,471.03,7.91,69.84,1
93.35,104.45,70.43,544.94,12.55,88.12,1
15.09,2.13,58.04,145.53,1.49,0.0,0
34.71,0.0,65.4,247.14,5.68,19.05,0
68.5,40.54,68.71,382.54,-3.42,49.13,0
18.82,2.67,61.67,153.42,-7.37,0.0,0
36.51,4.64,57.31,256.79,0.03,14.78,0
41.5,4.22,41.71,244.16,2.48,19.83,0
70.78,71.03,58.85,359.46,4.8,60.9,1
37.52,17.94,45.01,221.06,4.92,15.52,0
27.97,0.41,57.56,167.63,1.02,0.0,0
55.17,26.68,50.69,243.18,-3.51,31.81,0
48.7,44.29,68.45,297.41,2.46,35.62,0
42.4,19.76,55.47,292.58,-9.22,14.96,0
18.93,17.4,61.19,210.79,-0.1,7.11,0
27.41,18.99,53.43,217.55,-5.82,4.39,0
15.78,25.17,51.92,117.07,6.11,13.5,0
37.67,2.47,49.86,265.36,-1.48,14.06,0
28.83,8.32,59.51,155.8,2.57,0.73,0
18.11,4.09,45.22,128.01,-5.19,0.0,0
55.52,39.15,61.0,305.89,1.29,28.32,0
56.17,77.32,57.31,294.66,1.45,41.1,0
72.63,68.5,65.3,450.48,3.32,66.18,1
24.53,14.97,46.16,248.97,-4.58,7.17,0
48.75,41.0,62.53,261.98,6.89,33.58,0
62.96,46.62,49.78,428.96,-5.74,41.98,0
34.11,27.59,50.12,201.81,-4.89,20.72,0
42.92,39.92,66.94,370.77,-3.67,32.28,0
19.17,10.68,63.62,249.81,10.58,18.1,0
16.26,10.6,49.29,193.47,-2.79,6.99,0
74.95,55.43,65.86,441.88,11.12,70.69,1
28.57,15.55,40.44,237.45,-5.46,3.44,0
23.22,4.4,65.92,214.58,-0.78,10.69,0
35.47,7.44,56.39,282.58,-4.85,8.96,0
57.37,81.46,56.28,400.77,7.71,51.25,1
54.92,29.97,62.96,260.29,3.89,37.22,0
50.36,15.81,66.3,285.06,3.13,33.82,0
35.15,8.19,53.64,254.85,-3.74,8.14,0
25.38,1.51,43.61,214.27,4.18,3.07,0
18.2,0.0,61.47,202.95,-2.78,7.33,0
10.51,16.6,45.45,206.36,14.43,15.75,0
10.59,14.01,58.98,107.97,3.24,10.8,0
40.64,25.45,50.83,227.65,1.05,22.68,0
23.08,31.37,43.59,205.17,-3.36,16.59,0
84.91,80.99,55.01,431.7,13.19,74.76,1
88.44,159.87,79.7,633.94,12.29,96.6,1
79.51,85.83,67.91,370.7,4.17,71.41,1
37.06,31.62,53.92,258.66,2.76,21.03,0
12.97,8.31,54.12,133.13,0.71,0.0,0
37.87,21.48,55.88,309.78,-2.5,14.32,0
62.0,44.3,62.38,279.68,6.16,53.66,1
36.49,0.0,46.79,191.3,0.51,6.0,0
17.19,3.22,49.93,175.72,5.12,3.29,0
24.36,3.85,52.9,116.64,1.3,5.7,0
30.99,5.68,49.69,153.52,1.47,5.19,0
66.25,85.39,64.71,407.84,10.52,65.03,1
35.26,27.58,58.89,172.27,12.12,23.34,0
9.07,12.8,42.94,216.21,-1.19,10.26,0
5.3,6.7,62.43,212.32,4.45,3.78,0
41.41,7.68,61.55,162.2,-1.38,14.62,0
26.44,8.16,47.45,266.55,-0.03,5.4,0
27.81,30.01,65.58,226.23,-4.7,14.22,0
56.96,15.1,60.16,274.88,0.14,33.25,0
65.4,79.26,54.07,437.0,4.79,53.89,1
52.13,83.08,56.13,407.77,9.77,56.43,1
57.41,86.74,65.42,406.24,12.6,55.58,1
20.75,27.72,62.88,158.98,3.85,16.35,0
17.55,12.41,62.76,199.78,-0.06,8.37,0
12.59,12.87,43.24,238.51,6.36,7.07,0
62.53,52.78,64.29,340.49,3.58,50.78,1
56.28,20.05,47.76,366.87,-6.13,30.62,0
19.71,6.52,41.85,190.07,-1.91,0.0,0
68.68,85.99,66.1,414.59,6.54,59.14,1
60.39,81.92,58.91,426.69,4.53,57.87,1
72.47,163.31,79.81,591.44,7.1,76.79,1
32.41,3.21,46.49,228.92,-1.04,8.22,0
42.72,4.55,42.54,256.28,-6.26,8.73,0
23.58,14.34,46.5,254.26,2.94,9.04,0
20.32,0.0,46.66,113.54,3.1,0.0,0
38.85,6.26,50.99,246.62,-6.59,0.07,0
56.94,43.17,53.63,316.02,-5.46,30.71,0
30.0,11.02,49.81,173.96,-6.67,7.2,0
12.75,0.0,45.05,234.12,1.41,3.47,0
33.24,0.16,63.7,142.66,-0.63,8.47,0
46.41,31.99,52.51,362.13,-1.3,24.96,0
66.52,62.76,64.05,391.01,2.11,59.0,1
91.28,153.57,72.08,630.7,3.89,82.34,1
31.77,20.78,40.98,242.59,-2.19,18.78,0
76.93,77.06,59.11,355.59,6.95,65.88,1
37.71,18.44,46.51,176.46,1.4,12.12,0
41.85,27.94,56.26,319.81,2.03,24.13,0
34.29,0.13,64.62,159.37,0.36,8.55,0
38.71,34.96,50.62,256.81,-5.66,12.05,0
27.9,7.43,56.06,236.08,-2.9,1.66,0
28.86,0.0,61.86,190.4,-1.91,2.13,0
8.39,4.69,60.74,92.48,3.29,4.84,0
25.02,0.0,60.93,189.12,-1.16,9.17,0
20.52,2.73,61.8,187.77,7.02,12.07,0
5.04,0.0,40.14,128.08,-3.06,0.07,0
64.48,54.4,65.43,329.96,19.09,59.56,1
39.66,8.46,59.04,217.59,0.5,6.93,0
34.61,13.43,46.74,293.28,-0.76,13.95,0
15.17,10.94,59.4,98.33,2.47,0.44,0
17.96,0.0,61.41,120.67,-4.48,6.61,0
14.7,0.99,62.79,92.82,-2.02,3.49,0
36.69,14.69,48.46,262.63,9.0,21.04,0
37.27,36.0,57.94,275.66,0.54,12.95,0
22.71,10.19,55.57,260.73,-3.86,11.26,0
30.07,9.12,63.18,141.93,3.25,12.63,0
57.75,63.56,49.41,397.3,10.72,58.47,1
55.67,89.25,56.36,383.63,9.62,57.07,1
65.12,78.47,75.1,446.58,3.86,61.82,1
4.33,5.81,43.9,123.06,1.56,0.24,0
73.8,46.25,66.59,394.45,2.89,58.81,1
7.52,0.0,55.42,193.22,5.28,3.14,0
30.53,3.96,44.6,203.87,-1.51,7.03,0
22.82,7.47,42.95,191.36,5.74,9.85,0
38.48,26.53,52.19,304.24,-1.82,17.99,0
22.24,15.03,60.86,192.04,0.41,7.62,0
21.65,6.2,60.61,127.74,0.65,0.0,0
27.14,0.0,39.67,127.21,-1.74,2.21,0
58.07,46.19,53.05,396.92,-2.42,39.28,0
36.78,26.34,48.96,296.96,-0.13,19.74,0
11.89,9.7,66.99,192.63,-1.66,3.79,0
58.83,77.89,65.07,417.23,1.03,50.77,1
20.23,0.0,45.11,199.66,-0.67,2.1,0
40.89,36.81,47.22,297.99,-2.05,24.45,0
62.55,70.31,69.25,402.09,2.17,56.33,1
65.91,65.6,60.42,386.62,14.19,71.29,1
14.89,21.88,45.69,193.37,-4.18,10.68,0
53.85,86.21,70.84,382.93,4.35,56.13,1
21.56,19.35,61.36,159.45,3.13,6.97,0
34.83,42.28,69.48,293.76,-2.84,25.65,0
15.62,5.21,42.39,126.32,0.83,1.28,0
29.32,0.0,46.66,122.31,-2.41,0.15,0
29.41,5.71,50.94,236.5,3.08,8.16,0
30.82,2.26,46.59,163.41,1.04,2.3,0
22.96,8.99,50.86,243.36,-1.3,0.0,0
31.81,13.3,52.63,300.29,-7.24,5.69,0
28.56,2.38,55.07,146.1,-0.59,0.0,0
6.19,0.0,39.99,85.44,-1.41,0.36,0
33.65,5.9,46.59,237.13,-6.0,7.61,0
11.87,1.77,46.29,215.96,3.87,5.45,0
16.11,9.12,56.61,222.13,-2.85,4.07,0
5.02,14.61,64.36,114.27,-1.41,12.18,0
38.66,5.36,53.84,196.93,-2.29,5.67,0
4.69,3.84,54.42,124.45,5.47,0.95,0
75.06,44.52,68.32,409.22,-6.44,54.31,1
18.59,0.0,51.43,192.16,1.05,0.21,0
25.72,20.34,55.91,174.94,-11.29,6.27,0
19.06,12.07,57.67,280.68,-2.91,10.21,0
21.37,0.57,41.1,243.43,-0.11,5.79,0
71.22,56.89,61.08,398.85,10.91,65.06,1
41.26,40.83,50.58,364.39,-3.72,29.58,0
56.3,80.29,69.13,423.14,4.63,53.33,1
65.32,78.42,72.43,370.25,14.08,70.83,1
86.99,129.43,75.47,542.36,7.63,89.67,1
12.01,1.77,54.44,181.98,-0.59,0.0,0
14.02,4.07,55.56,207.45,1.3,2.49,0
4.31,0.0,40.58,121.88,-6.18,0.0,0
24.55,9.65,58.14,254.02,4.51,7.2,0
18.96,40.92,47.42,245.61,3.81,12.94,0
62.25,78.47,51.05,427.71,1.58,52.09,1
10.45,4.58,61.67,197.04,0.23,0.74,0
22.97,19.79,62.24,146.29,-0.15,7.99,0
7.62,4.75,54.34,92.45,-6.69,0.0,0
13.44,30.6,64.37,163.85,1.29,11.28,0
69.21,82.47,56.79,502.85,5.18,58.42,1
54.88,25.28,63.73,232.09,2.07,31.98,0
7.7,7.55,52.57,132.17,2.7,3.65,0
66.79,86.56,59.64,499.19,0.64,50.86,1
16.19,12.81,55.33,137.19,0.54,5.26,0
5.86,1.84,46.66,72.88,2.5,0.52,0
31.91,0.95,42.78,217.48,-1.72,9.32,0
57.37,35.55,57.39,376.97,0.0,34.26,0
9.01,2.54,54.66,141.94,-0.44,3.02,0
34.0,20.5,52.08,251.14,-12.17,10.06,0
57.38,87.72,60.95,460.64,10.25,59.64,1
30.01,8.38,38.87,231.26,-4.88,6.45,0
24.1,7.06,44.94,215.11,2.22,0.0,0
17.23,0.0,47.95,124.15,0.73,0.82,0
68.61,91.11,54.41,404.88,6.66,59.31,1
51.19,26.53,64.82,218.81,3.67,38.16,0
18.5,14.02,53.35,170.57,-0.9,1.55,0
44.61,31.73,57.16,261.05,2.26,25.81,0
36.29,10.59,45.09,304.02,-4.78,12.96,0
21.88,2.9,41.65,238.2,-2.17,3.37,0
28.18,4.96,45.21,146.91,2.2,4.02,0
16.81,14.4,59.29,168.24,-3.02,6.11,0
38.32,12.97,40.04,264.03,2.06,17.44,0
46.33,25.35,65.01,293.43,4.36,30.14,0
25.79,3.42,52.12,126.58,-1.12,0.04,0
20.21,14.23,59.94,275.41,-2.37,8.51,0
11.88,15.03,60.23,58.22,3.09,8.86,0
63.54,74.68,67.89,406.54,7.69,62.11,1
55.42,52.79,70.43,389.28,7.96,54.98,1
48.65,23.02,61.98,217.7,3.66,30.87,0
59.48,57.25,61.48,429.42,6.55,47.52,0
13.11,14.07,62.39,160.51,6.8,17.0,0
15.04,4.4,61.61,222.06,-2.93,13.09,0
36.41,2.82,55.74,263.14,-1.31,9.6,0
24.68,6.95,57.76,252.31,0.55,0.0,0
41.26,5.75,39.66,296.2,5.73,21.76,0
31.82,2.25,55.86,126.62,3.17,8.53,0
36.81,21.69,48.98,235.59,-0.14,22.57,0
79.16,85.84,69.57,467.84,7.52,67.94,1
7.89,11.92,63.61,158.86,3.51,9.83,0
23.17,20.47,57.56,197.7,7.48,12.38,0
28.48,12.28,46.5,214.27,8.14,18.13,0
9.41,7.17,54.39,199.31,3.67,3.83,0
17.64,19.5,50.86,302.42,2.28,7.07,0
43.2,30.8,50.46,282.89,5.12,29.66,0
28.61,27.92,64.58,228.43,1.49,14.02,0
41.9,18.36,45.32,259.9,-4.23,13.94,0
29.59,3.95,43.34,190.7,3.02,0.0,0
22.23,0.0,43.63,159.62,1.5,2.26,0
38.62,1.46,59.6,313.04,3.3,11.01,0
12.28,10.47,41.91,203.14,9.49,13.9,0
22.73,0.19,52.21,131.91,-4.98,0.0,0
6.26,5.56,56.69,93.63,2.69,0.0,0
17.38,11.04,63.62,134.85,1.84,9.67,0
14.57,6.36,53.07,171.58,10.23,11.41,0
13.44,8.53,58.89,204.4,-3.99,0.21,0
32.19,4.21,62.57,223.09,-8.34,6.06,0
58.64,39.94,58.14,321.31,-4.65,30.17,0
74.81,62.4,46.64,388.45,5.22,64.16,1
28.53,3.49,52.36,180.34,1.04,2.35,0
28.97,13.56,50.87,158.62,6.15,9.57,0
55.3,32.8,68.07,244.91,5.5,38.05,0
21.97,1.43,61.68,105.64,-0.08,3.07,0
65.08,62.64,56.87,407.89,3.61,56.29,1
19.53,21.54,65.27,167.15,-9.86,5.02,0
21.84,16.03,46.71,92.85,-2.29,1.33,0
21.36,5.94,41.7,160.28,-1.67,0.0,0
11.5,7.7,57.61,147.84,-0.74,0.0,0
34.99,38.37,61.66,270.62,7.6,21.99,0
9.02,0.58,56.86,100.27,2.87,2.77,0
54.14,39.23,64.27,365.68,1.92,38.78,0
12.31,0.0,53.67,124.56,6.96,6.26,0
37.65,3.65,56.65,139.6,-5.55,0.0,0
41.28,12.95,51.44,315.43,2.7,18.61,0
44.66,40.76,62.09,237.15,9.61,39.37,0
70.44,98.63,72.01,430.61,0.85,65.82,1
62.68,61.34,60.05,446.9,7.38,68.52,1
60.35,91.1,55.67,348.44,4.48,54.5,1
77.03,167.81,84.23,608.95,12.73,90.49,1
26.57,12.36,43.64,154.87,-8.22,1.62,0
56.95,23.33,50.08,314.42,2.62,32.74,0
8.04,13.69,48.83,89.79,-4.0,7.19,0
21.04,1.06,62.37,200.33,6.58,13.96,0
34.73,32.66,56.01,269.17,5.12,18.63,0
72.77,48.52,66.35,419.21,11.76,68.12,1
31.14,1.79,42.92,230.54,-0.98,7.3,0
19.72,51.69,61.58,200.23,-1.72,21.09,0
21.66,2.01,43.95,129.71,-8.06,0.0,0
45.25,19.49,57.53,322.01,0.27,18.7,0
52.42,46.5,53.2,252.37,7.85,40.6,0
36.9,26.19,45.08,212.57,3.31,21.12,0
29.81,4.93,45.13,223.84,-0.03,2.14,0
40.07,10.46,53.32,278.74,2.16,22.64,0
41.76,39.72,68.01,265.01,2.56,29.0,0
27.86,4.45,58.47,232.5,9.97,11.19,0
25.62,10.0,55.0,211.9,-4.78,7.51,0
9.73,15.76,47.11,135.05,6.99,7.67,0
26.22,11.11,44.23,246.8,-7.14,0.33,0
63.0,84.69,62.73,493.92,6.54,59.31,1
29.09,5.86,61.13,275.24,-3.54,7.65,0
20.26,16.44,44.91,129.08,-0.13,4.29,0
47.76,25.36,48.81,264.75,10.39,28.11,0
66.68,54.85,56.58,431.01,5.99,52.71,1
55.6,77.54,53.83,429.29,3.62,47.58,0
16.19,13.86,50.77,137.09,5.41,7.07,0
29.58,8.47,60.11,201.14,1.1,8.18,0
66.1,51.86,51.81,340.61,2.73,51.27,1
5.39,0.99,47.67,153.09,0.53,3.21,0
35.85,30.63,69.3,331.2,0.15,22.25,0
45.09,36.87,57.61,298.91,-4.24,21.19,0
8.92,0.98,55.89,187.11,2.85,0.0,0
19.61,0.0,46.2,228.0,1.44,2.12,0
13.67,3.98,39.08,184.86,0.9,0.0,0
11.38,16.58,52.52,248.68,-5.32,6.91,0
63.17,67.36,64.53,350.74,5.03,63.05,1
56.84,44.61,44.97,306.04,0.07,36.04,0
69.09,77.39,57.55,395.32,0.54,54.31,1
8.83,11.16,63.22,209.75,-1.86,10.2,0
49.1,30.16,62.7,214.43,9.39,30.4,0
35.66,16.09,50.37,180.91,2.62,10.19,0
30.51,4.6,63.3,235.21,2.14,13.15,0
56.86,38.28,47.93,284.61,9.56,43.16,0
14.78,5.02,64.31,187.02,-2.45,0.0,0
9.87,18.37,46.01,224.06,0.44,6.62,0
84.36,104.49,77.01,462.64,2.83,82.69,1
22.11,0.0,45.41,201.38,-9.37,0.0,0
14.82,26.68,44.9,277.89,1.64,7.23,0
31.43,17.36,51.93,275.8,6.85,20.96,0
24.3,35.13,67.61,257.21,-4.02,12.95,0
30.96,2.67,57.83,268.85,5.69,11.51,0
37.74,0.0,45.74,237.3,-1.14,8.73,0
29.55,5.17,50.9,154.21,-0.7,1.2,0
69.96,47.32,71.01,417.74,11.4,63.07,1
36.14,0.23,56.54,295.95,-1.25,6.92,0
49.82,39.48,60.92,314.94,-0.09,29.03,0
18.41,9.3,50.99,212.34,-5.3,0.0,0
13.81,1.81,41.1,138.92,-4.13,0.55,0
10.57,0.0,47.71,69.79,-1.57,1.11,0
6.14,1.46,52.7,93.99,-10.32,0.0,0
61.86,63.61,73.14,300.52,15.65,67.25,1
45.11,23.3,50.19,170.13,0.37,20.5,0
32.92,0.0,63.09,168.71,-1.45,8.61,0
24.06,2.04,40.99,134.53,1.99,0.0,0
23.99,1.56,58.09,208.76,-7.71,0.0,0
65.42,80.51,67.25,468.39,8.34,63.62,1
80.04,181.58,68.72,663.38,14.11,83.08,1
14.09,0.0,48.89,176.73,9.17,7.94,0
12.11,12.27,45.79,186.19,2.83,5.03,0
55.26,40.59,66.43,377.53,6.59,51.05,1
32.95,4.02,44.9,154.4,1.19,9.04,0
71.51,43.6,52.35,316.3,6.04,58.35,1
38.44,30.65,45.93,244.21,-2.6,14.04,0
40.91,24.26,47.25,253.93,-1.09,21.49,0
46.01,32.59,57.47,220.94,-2.04,19.98,0
20.25,10.6,57.93,110.31,6.78,11.13,0
49.35,17.24,47.48,252.92,-0.93,21.0,0
65.09,85.27,52.21,336.08,2.62,54.04,1
14.17,6.39,54.52,160.77,-7.7,0.0,0
32.96,1.41,64.69,152.18,5.43,14.24,0
35.11,11.62,47.97,138.48,-3.5,12.77,0
25.3,13.91,66.91,250.08,9.55,17.79,0
67.94,72.34,70.43,345.83,1.8,60.49,1
58.98,77.89,58.52,443.95,1.69,48.5,0
31.52,0.0,58.86,110.65,0.79,5.19,0
27.48,5.14,56.89,163.43,6.2,2.16,0
37.34,35.94,52.94,293.08,2.66,18.63,0
5.52,5.64,47.7,56.55,-6.28,0.0,0
71.81,69.8,51.98,378.1,11.36,68.0,1
43.4,40.73,66.53,316.72,-0.19,35.35,0
38.03,43.74,63.39,276.2,6.01,34.5,0
19.72,23.29,61.31,232.47,-10.62,8.43,0
34.92,11.89,51.0,183.59,3.5,15.95,0
4.91,24.56,67.02,139.95,-1.05,14.73,0
14.56,1.17,49.83,189.37,2.92,4.05,0
44.35,19.26,60.4,332.28,-10.41,20.5,0
74.47,60.93,72.88,358.97,2.41,74.15,1
59.1,45.49,50.9,434.75,-13.81,39.61,0
4.62,15.04,64.41,191.43,-1.44,7.39,0
13.87,2.03,42.9,113.05,4.4,0.52,0
70.96,145.09,78.8,529.41,11.06,84.05,1
5.01,10.76,52.33,151.94,-1.79,1.13,0
16.46,5.75,43.72,117.48,-13.76,0.0,0
14.31,2.73,49.04,243.16,-2.22,0.0,0
38.92,31.34,58.15,279.86,-5.95,13.21,0
58.62,61.68,64.33,419.69,-6.28,47.5,0
39.69,40.56,45.49,245.87,0.11,25.83,0
27.13,3.26,43.94,263.58,-2.94,2.22,0
74.36,61.05,66.54,356.35,3.31,68.14,1
37.6,0.06,42.61,173.63,-5.99,4.68,0
24.14,3.73,56.06,263.93,-2.63,0.0,0
35.99,35.82,70.77,300.84,1.35,25.69,0
38.82,0.25,52.31,176.12,5.79,14.75,0
13.16,16.12,49.38,227.51,2.74,8.27,0
55.75,62.18,57.33,307.1,-1.64,43.21,0
9.75,7.46,53.56,137.04,0.38,0.0,0
5.35,14.38,42.05,237.47,5.12,8.77,0
12.46,11.51,44.09,197.77,5.64,5.62,0
20.61,2.4,44.09,145.69,7.95,4.7,0
65.94,68.32,72.96,426.89,4.57,64.21,1
57.82,39.51,55.72,244.35,5.43,33.1,0
39.96,13.7,44.44,159.04,-4.04,9.91,0
42.04,33.16,45.0,229.46,4.05,24.43,0
67.13,69.06,65.97,406.91,-2.98,61.25,1
8.18,13.92,61.04,105.44,4.07,10.01,0
5.33,26.94,59.44,112.21,-8.7,0.1,0
45.42,35.37,58.03,231.55,-2.92,20.97,0
15.54,4.16,56.74,150.59,-0.62,0.0,0
32.95,0.78,45.45,122.77,-4.24,6.95,0
6.16,11.77,54.23,101.77,-0.47,0.28,0
50.14,36.76,50.3,362.51,3.58,33.31,0
12.0,15.41,46.22,158.45,-5.02,0.45,0
24.19,4.49,43.54,206.68,7.23,5.78,0
25.48,4.4,53.16,198.8,2.26,3.27,0
43.3,18.65,46.06,284.93,-3.24,20.24,0
51.83,36.65,58.7,371.63,0.42,35.15,0
9.4,5.11,65.07,221.85,6.48,15.13,0
6.34,0.54,55.9,55.89,2.8,1.82,0
77.66,169.02,86.88,618.17,12.08,94.55,1
15.69,9.72,66.12,246.09,0.66,6.41,0
50.23,28.85,55.02,239.95,-4.67,31.75,0
53.76,32.1,61.74,241.57,1.91,32.34,0
16.05,0.0,42.23,138.47,-0.47,2.33,0
69.4,81.48,63.56,463.68,7.35,56.7,1
29.83,5.85,52.59,235.76,-2.01,2.07,0
62.66,59.16,61.39,318.61,4.8,51.94,1
37.42,37.26,68.69,293.69,1.25,18.41,0
62.1,58.96,63.99,292.54,-8.43,44.9,0
37.02,26.1,56.46,287.44,10.68,26.14,0
21.49,7.23,49.12,274.53,-13.69,2.48,0
17.45,5.86,58.56,163.18,-1.96,0.0,0
30.98,1.0,53.36,251.63,0.19,6.69,0
20.06,11.42,46.15,283.24,-3.69,6.17,0
7.69,22.87,52.32,121.79,9.41,17.94,0
26.87,10.95,60.86,233.43,-0.0,6.65,0
21.81,4.64,45.78,237.43,10.72,6.05,0
24.86,8.28,55.36,152.63,-2.0,0.0,0
25.33,0.48,61.67,266.67,7.79,10.18,0
35.01,4.68,47.47,148.08,-2.96,7.57,0
38.81,39.2,48.67,309.48,-0.82,19.69,0
69.7,45.08,53.84,317.49,4.19,47.53,0
6.45,0.9,52.8,209.05,-6.66,0.0,0
7.78,37.1,52.51,138.46,11.4,19.83,0
22.1,17.76,44.55,238.24,-3.13,3.95,0
36.38,1.62,53.37,252.35,-0.45,10.89,0
61.52,49.5,59.43,305.64,-1.64,45.77,0
54.29,34.38,53.85,306.31,6.69,34.07,0
40.78,39.7,48.39,313.11,-0.28,22.67,0
38.8,15.72,50.83,238.39,-5.55,8.62,0
54.53,18.99,52.71,298.17,2.02,30.37,0
9.59,22.04,58.16,87.61,1.47,9.64,0
18.41,12.01,56.02,99.45,-3.92,2.91,0
30.51,18.44,62.13,151.05,-1.87,14.13,0
39.2,0.0,56.38,302.35,-2.82,7.43,0
55.05,76.39,68.5,436.82,7.55,52.0,1
6.05,4.34,47.81,147.34,-2.16,2.05,0
12.74,11.17,59.45,151.37,-2.27,3.88,0
57.02,85.6,69.49,405.03,1.19,50.91,1
71.22,88.45,64.24,356.8,5.4,68.06,1
8.06,13.56,53.45,168.75,6.67,12.94,0
62.84,71.73,51.66,340.23,13.36,63.55,1
40.67,27.49,68.88,284.79,6.78,30.69,0
14.74,0.77,68.92,129.0,-12.54,0.0,0
2.12,5.59,57.94,73.58,-1.88,0.62,0
33.96,31.95,44.26,293.9,2.44,18.18,0
7.55,38.56,62.87,233.94,-0.8,15.26,0
8.13,0.38,51.07,168.54,2.33,0.0,0
18.49,5.91,58.39,169.6,8.4,9.47,0
19.49,3.81,64.83,149.16,1.31,7.22,0
32.22,0.0,47.52,156.75,-4.74,5.66,0
33.24,1.58,62.06,255.61,15.16,20.57,0
28.6,13.11,64.58,226.7,-7.41,9.79,0
33.56,4.77,55.72,191.58,-5.58,4.92,0
24.33,6.46,53.13,156.77,6.13,5.19,0
20.27,8.61,44.51,153.03,0.31,0.0,0
34.29,0.0,52.77,243.58,-4.73,8.45,0
76.19,132.04,64.87,476.75,4.29,70.55,1
74.8,74.82,58.84,354.7,5.97,66.47,1
28.52,0.0,43.17,192.64,0.0,3.31,0
10.97,5.11,40.35,114.87,13.61,9.48,0
28.77,30.24,63.95,293.16,1.88,21.25,0
70.05,49.61,61.2,322.08,-2.99,58.97,1
38.26,24.65,46.23,337.68,1.65,17.98,0
35.79,28.69,52.58,180.53,0.25,9.42,0
37.63,8.02,52.39,222.29,-2.74,6.9,0
36.21,0.63,63.62,265.9,11.4,19.23,0
36.55,20.27,55.04,185.8,17.35,23.0,0
21.81,7.93,50.91,229.86,-6.86,3.15,0
77.24,91.23,63.73,509.21,17.86,77.52,1
90.43,171.9,76.83,615.98,7.81,88.03,1
13.07,3.63,40.39,143.75,3.9,4.4,0
14.0,17.61,44.84,165.43,0.59,2.25,0
45.19,14.75,57.47,326.96,1.08,17.96,0
19.02,5.39,48.71,200.62,8.3,10.17,0
10.18,0.0,42.47,151.09,-0.54,0.09,0
29.78,6.45,55.82,222.33,-5.73,0.0,0
21.41,12.3,57.47,126.32,-9.83,0.09,0
37.48,23.25,51.08,203.34,1.37,19.21,0
71.34,40.8,55.07,423.11,1.78,53.76,1
83.99,125.74,71.49,580.21,6.32,90.89,1
58.55,72.44,70.0,350.81,12.18,63.48,1
35.69,24.66,62.45,210.51,4.81,22.77,0
36.8,0.0,56.71,240.55,-5.44,0.87,0
55.87,32.46,49.41,284.1,4.85,32.34,0
71.17,59.0,69.67,349.07,12.69,68.97,1
90.24,135.59,78.6,611.74,8.19,92.99,1
29.59,8.07,61.7,265.59,-2.63,3.91,0
8.11,10.96,44.03,160.29,1.54,4.85,0
12.42,15.11,60.85,127.96,-6.66,7.27,0
84.04,133.34,80.5,528.29,6.13,91.88,1
6.39,7.28,55.4,90.89,5.45,1.28,0
23.86,1.53,65.08,216.07,3.37,8.92,0
23.77,11.6,65.64,142.69,2.01,11.85,0
18.27,0.33,44.45,152.07,-0.29,4.1,0
11.29,10.82,44.52,182.48,-1.22,3.92,0
52.86,46.4,51.2,290.92,0.94,36.97,0
94.8,134.81,78.49,518.15,-4.01,77.61,1
52.15,41.18,58.92,357.06,-3.18,41.82,0
42.1,31.25,61.19,256.24,9.62,35.84,0
8.52,2.74,58.76,140.07,-9.44,0.0,0
26.11,4.49,60.4,285.03,3.26,7.76,0
4.58,4.71,63.96,182.1,-6.49,0.0,0
27.81,4.9,45.27,191.55,3.33,0.0,0
35.53,7.55,53.43,209.82,2.16,8.85,0
26.3,0.93,43.51,140.21,-10.37,0.0,0
6.69,23.26,60.03,219.48,-1.19,16.72,0
59.25,43.84,67.82,329.3,0.45,38.67,0
34.36,0.0,42.82,158.09,4.43,9.32,0
26.28,10.6,57.68,177.7,0.83,4.62,0
60.53,55.7,65.23,334.53,9.08,57.95,1
20.7,1.25,43.04,145.96,-6.16,0.0,0
52.95,28.02,60.16,284.96,7.75,38.83,0
60.12,25.65,50.25,341.62,3.03,36.38,0
7.65,13.42,57.84,210.55,-3.04,4.54,0
18.94,4.49,44.39,229.75,-4.74,0.0,0
39.2,2.2,64.85,260.83,-1.58,10.66,0
26.6,1.8,63.96,204.02,7.54,17.5,0
34.27,13.32,52.11,215.46,1.53,10.7,0
7.87,22.07,46.09,255.21,-6.6,7.55,0
13.64,3.14,44.53,179.67,2.51,0.0,0
73.49,83.03,59.49,391.12,-0.61,60.1,1
34.17,10.94,47.19,253.67,-1.75,15.36,0
31.83,1.84,55.39,198.65,-1.84,0.0,0
42.61,26.96,64.6,308.06,-0.66,22.41,0
45.02,24.8,64.74,259.41,-3.55,24.26,0
58.29,51.94,51.85,366.81,5.58,48.41,0
23.08,8.65,61.42,119.89,4.62,6.13,0
39.23,12.88,49.5,197.35,4.72,10.28,0
42.4,32.81,51.74,314.5,-5.53,17.89,0
16.62,20.04,62.87,190.32,-2.59,9.48,0
28.45,14.67,64.11,254.52,-4.03,12.07,0
7.71,11.79,59.47,100.79,-4.14,5.08,0
28.63,6.36,62.79,167.24,-9.05,0.0,0
90.44,91.23,73.9,493.78,2.62,74.81,1
87.76,99.9,67.88,520.56,7.12,71.3,1
69.56,74.38,54.43,418.09,18.87,61.56,1
48.38,14.79,51.2,201.87,-6.94,14.56,0
12.1,7.39,68.65,158.21,-2.95,7.92,0
9.68,3.5,56.99,81.91,2.55,1.75,0
38.54,1.9,44.56,300.17,6.55,13.66,0
4.93,0.05,52.39,178.52,1.88,0.0,0
38.22,38.04,63.05,343.74,-0.91,22.02,0
72.78,68.63,50.53,431.26,2.68,63.81,1
4.4,0.28,49.62,214.71,2.9,0.0,0
37.4,7.11,53.45,146.02,-3.23,5.82,0
29.08,1.15,63.94,132.86,-3.96,3.41,0
28.29,5.71,49.83,230.17,3.09,2.95,0
71.44,69.94,50.18,334.13,-2.87,58.91,1
28.5,20.6,53.2,134.71,-6.94,3.26,0
20.12,12.67,52.0,253.86,3.22,8.08,0
34.67,20.64,59.59,231.16,8.88,25.41,0
48.64,39.02,49.31,243.87,2.41,24.64,0
69.74,178.93,75.38,662.87,17.33,78.04,1
19.32,4.73,60.5,181.44,4.91,4.67,0
74.99,177.82,72.94,500.64,7.17,77.52,1
25.95,10.15,66.08,112.64,-1.58,7.41,0
9.12,2.12,61.27,94.63,-4.65,3.53,0
54.34,16.54,61.92,366.63,-8.36,28.39,0
68.64,75.61,51.4,372.51,-1.23,50.0,0
50.22,29.69,58.51,335.83,9.31,40.42,0
85.01,100.25,67.62,462.89,12.16,80.2,1
25.27,3.45,62.42,249.12,8.14,12.8,0
7.04,18.93,49.87,248.14,6.14,14.97,0
21.77,1.09,59.93,129.52,-0.09,0.0,0
41.55,24.0,44.01,301.54,9.09,31.05,0
67.51,47.75,62.35,385.82,5.98,56.78,1
41.31,29.11,45.16,265.91,-0.04,25.59,0
7.94,11.3,65.55,165.2,0.01,9.89,0
21.66,8.22,52.75,196.63,-8.91,0.0,0
13.26,20.39,56.37,98.03,0.81,6.79,0
21.61,5.51,62.78,149.54,1.12,1.5,0
26.98,10.11,45.04,183.46,-6.49,0.0,0
33.69,15.43,58.63,236.45,-8.8,6.8,0
28.18,3.98,47.94,225.43,11.44,9.07,0
32.66,9.57,57.48,156.55,-1.09,5.74,0
70.43,49.5,66.19,344.88,-2.3,57.35,1
38.05,17.98,61.2,255.21,4.81,16.73,0
14.61,0.0,48.14,197.7,-2.7,0.39,0
17.13,0.0,43.03,105.06,-4.32,0.0,0
38.68,8.27,57.02,205.07,2.36,8.75,0
57.61,48.07,49.07,305.29,7.18,36.55,0
12.61,11.08,47.48,154.94,2.14,7.66,0
8.48,0.0,59.53,187.12,1.27,0.0,0
61.95,55.52,52.31,394.34,9.44,53.45,1
9.94,11.64,41.0,107.69,-1.09,4.5,0
74.01,54.22,70.65,378.33,16.04,69.95,1
36.58,25.97,66.88,333.89,-5.56,15.33,0
37.79,30.69,57.92,206.91,3.92,14.81,0
75.36,127.71,55.29,537.03,2.31,69.74,1
8.93,6.2,46.3,88.69,4.61,0.75,0
87.85,107.29,74.55,485.83,7.72,83.75,1
16.37,0.0,40.96,90.04,8.65,9.44,0
8.7,2.89,57.66,203.82,8.29,10.36,0
22.71,17.24,40.74,211.39,0.08,7.25,0
74.94,81.6,59.59,384.41,12.15,71.76,1
14.24,1.51,45.98,157.83,1.15,0.0,0
25.58,18.23,60.15,164.15,2.04,13.41,0
53.32,21.24,48.48,244.0,2.38,33.61,0
36.11,0.0,46.53,152.2,-2.41,9.66,0
77.6,109.92,78.04,511.72,-2.4,75.83,1
52.74,29.57,57.09,323.94,5.39,35.86,0
8.13,0.0,43.94,194.22,-7.14,0.0,0
36.17,13.67,52.44,236.94,0.46,14.76,0
9.46,16.09,55.59,157.67,0.74,7.47,0
57.01,28.52,48.06,326.22,-1.57,23.92,0
54.62,22.81,65.13,336.35,3.57,36.3,0
41.16,29.5,44.98,296.05,-2.07,29.02,0
6.14,4.68,47.33,207.04,4.99,3.92,0
74.66,145.83,70.87,608.6,8.91,79.49,1
62.69,35.59,67.71,367.96,12.14,54.49,1
51.07,32.39,66.39,229.26,8.96,45.5,0
36.7,18.65,51.2,214.89,10.3,21.96,0
70.81,72.36,63.06,433.18,-9.04,61.97,1
9.25,1.21,58.4,145.02,-5.85,0.0,0
20.66,7.08,59.68,242.65,-0.58,4.11,0
72.49,119.83,81.36,543.89,0.22,81.74,1
3.52,0.0,42.28,97.6,-4.26,4.97,0
66.96,69.33,72.44,332.67,-1.79,57.19,1
28.1,0.07,40.4,222.94,-7.22,0.0,0
13.78,6.09,47.79,207.09,-10.6,0.0,0
30.23,29.11,58.65,200.15,5.62,25.56,0
37.9,42.32,56.19,238.37,2.76,24.78,0
23.95,34.0,54.98,237.9,-7.43,4.71,0
31.96,19.88,64.31,250.15,0.06,16.36,0
58.06,80.23,56.29,360.66,11.65,56.82,1
49.62,29.25,50.58,264.24,-2.42,26.42,0
40.08,2.02,39.21,274.2,-0.37,17.9,0
31.24,5.28,54.27,159.02,-3.11,8.17,0
18.94,12.74,53.06,110.39,-2.47,3.02,0
63.51,81.47,71.68,434.99,0.13,64.84,1
18.03,1.4,45.14,114.15,-0.99,0.0,0
64.19,54.52,60.53,286.47,8.52,59.67,1
15.79,5.97,66.2,155.35,5.33,4.94,0
36.5,7.08,49.53,308.95,-7.41,2.75,0
54.28,22.97,42.52,344.2,-7.66,22.84,0
39.45,37.56,52.35,263.78,0.42,12.6,0
31.46,4.59,54.0,148.0,-12.58,1.4,0
13.55,5.82,47.47,195.16,-2.22,2.78,0
8.47,8.47,57.55,93.06,-4.54,3.52,0
67.43,41.84,52.9,360.53,11.53,54.94,1
57.37,47.23,62.68,361.39,6.3,50.22,1
67.63,85.62,56.45,435.33,4.79,52.21,1
94.49,139.57,77.25,639.78,1.83,81.94,1
55.33,36.94,48.24,335.28,2.74,34.08,0
12.46,6.61,64.15,130.81,5.72,13.45,0
59.7,62.31,48.64,363.8,11.76,53.39,1
71.13,47.39,51.05,409.29,-1.54,54.36,1
7.13,11.21,51.78,111.92,3.49,1.98,0
13.59,3.33,42.3,172.69,2.15,3.07,0
32.62,3.73,60.75,150.55,-8.8,5.53,0
40.89,40.8,58.6,306.08,-1.35,29.68,0
25.76,6.9,47.14,181.87,-7.63,0.0,0
59.41,41.62,49.3,340.42,-4.26,38.06,0
30.44,0.0,60.07,247.78,-5.78,5.86,0
59.31,45.46,55.76,272.46,-1.69,35.26,0
64.07,88.81,66.94,339.31,-5.7,52.29,1
16.3,38.21,63.12,156.92,4.37,11.53,0
56.11,21.49,50.74,374.7,-2.45,31.7,0
24.86,16.86,43.08,223.79,4.13,9.51,0
39.36,35.07,64.9,289.6,-0.78,26.28,0
62.93,75.12,63.62,385.01,-2.8,60.15,1
31.67,4.64,53.81,208.95,-3.65,9.26,0
64.75,72.2,62.46,354.51,3.61,58.2,1
30.61,7.82,65.48,239.4,5.91,16.79,0
60.64,69.2,56.69,397.7,8.83,62.69,1
41.12,13.3,65.26,159.75,3.6,28.13,0
19.66,14.45,58.32,220.14,-5.77,0.0,0
82.06,116.43,57.17,471.7,-0.56,72.14,1
10.95,5.11,44.73,130.61,-3.52,1.03,0
6.97,2.14,61.58,223.32,6.41,8.08,0
11.43,2.4,44.53,201.56,7.2,1.4,0
47.21,46.32,47.76,241.1,5.66,29.08,0
27.04,7.42,57.85,143.98,1.17,0.0,0
66.86,85.72,70.13,349.38,3.26,56.29,1
70.58,36.63,62.45,282.08,-14.46,43.36,0
46.34,44.45,47.59,315.86,-0.59,34.43,0
18.36,12.53,41.48,158.14,4.65,5.0,0
32.54,8.02,49.55,275.16,-0.24,6.5,0
75.63,41.14,66.89,398.15,3.76,61.77,1
44.8,25.36,41.68,310.82,3.72,22.15,0
83.15,174.98,81.11,523.19,7.26,88.86,1
16.5,5.69,51.89,193.45,-2.2,0.0,0
67.78,61.07,52.75,350.8,8.61,63.94,1
41.51,20.15,42.37,279.78,-0.77,21.82,0
37.07,22.96,45.89,259.37,-7.82,13.88,0
44.4,18.28,67.66,188.88,0.84,21.47,0
20.44,4.16,41.88,220.18,-7.13,0.04,0
30.02,4.16,47.27,238.09,-2.54,11.4,0
30.11,19.71,61.43,186.15,7.4,21.18,0
20.1,4.3,65.94,208.07,0.85,7.53,0
37.95,9.22,44.8,274.69,-0.5,8.49,0
68.49,64.03,64.88,402.68,6.96,62.25,1
39.59,3.1,42.01,212.9,-2.4,11.6,0
28.07,3.71,40.78,159.62,1.29,2.66,0
56.76,68.42,51.85,348.87,5.73,46.37,0
24.13,14.64,57.02,211.35,8.88,14.5,0
33.2,0.0,56.38,245.85,-2.48,9.05,0
24.21,10.04,37.47,137.87,0.18,5.21,0
23.78,0.0,58.7,156.64,7.12,6.26,0
40.83,0.0,49.23,141.85,2.43,17.38,0
21.85,11.22,50.54,230.04,7.53,9.35,0
17.4,9.27,40.27,206.31,-2.78,1.69,0
37.35,8.51,53.83,246.78,1.3,11.17,0
24.42,3.77,57.46,133.06,2.63,3.23,0
40.19,39.67,51.29,354.58,-12.49,20.75,0
36.22,8.64,51.32,217.35,-3.79,9.54,0
33.46,17.34,53.86,251.77,3.29,13.73,0
13.77,12.71,59.61,192.9,-0.57,7.51,0
24.48,14.89,58.71,151.49,-4.5,0.18,0
26.39,2.46,55.46,173.54,-2.16,0.0,0
36.9,3.14,51.8,198.94,-4.9,2.55,0
10.45,11.46,49.23,197.34,-4.96,1.32,0
70.45,77.72,72.54,496.07,14.26,78.79,1
44.58,20.25,46.23,291.5,0.68,22.11,0
31.4,1.61,50.07,164.18,2.76,12.33,0
9.58,3.58,48.68,155.5,9.56,9.46,0
65.6,57.84,61.29,401.83,3.26,53.57,1
34.19,24.09,59.27,199.77,2.85,14.24,0
35.67,2.14,58.43,228.37,2.8,9.9,0
72.29,69.47,64.09,397.44,7.68,70.86,1
57.66,27.28,51.37,386.06,0.96,35.18,0
28.71,2.85,56.49,193.05,1.74,3.26,0
50.06,39.31,53.88,354.81,0.17,28.86,0
11.86,7.02,44.49,144.13,-3.64,3.53,0
38.87,8.7,48.17,196.2,6.53,9.59,0
43.78,14.26,40.91,279.79,13.53,28.7,0
20.15,23.82,47.59,198.9,3.88,5.51,0
67.56,76.77,58.2,321.39,7.87,56.1,1
55.4,66.0,63.43,377.42,6.55,58.96,1
32.05,0.0,46.37,164.57,-9.18,4.84,0
33.69,0.06,64.95,228.34,-4.08,13.85,0
46.58,33.9,62.06,276.37,-1.81,29.32,0
65.04,80.78,50.95,474.28,7.34,56.05,1
51.48,20.56,42.86,213.29,1.77,28.14,0
28.9,5.91,68.41,131.09,-4.85,3.43,0
6.31,42.81,52.04,258.3,-1.8,16.64,0
71.25,82.5,62.75,369.5,2.89,63.48,1
17.81,11.52,49.5,168.76,0.36,4.03,0
28.23,9.81,59.66,145.9,3.9,2.01,0
15.92,4.49,41.27,160.81,13.15,8.93,0
24.17,26.01,46.48,232.29,-6.57,7.61,0
48.64,37.16,51.57,226.54,3.76,25.25,0
70.91,62.93,47.59,353.93,1.66,59.76,1
44.45,18.51,66.47,335.85,-1.93,20.86,0
38.39,8.93,44.12,191.59,-4.37,9.62,0
28.58,1.32,59.12,201.49,-2.06,3.22,0
51.95,30.43,42.91,267.83,-1.3,29.51,0
21.48,2.37,55.99,157.01,6.05,2.72,0
39.84,7.32,43.59,211.05,-1.48,8.73,0
35.09,1.69,59.0,125.34,3.81,7.48,0
72.86,69.16,51.09,384.55,2.51,63.29,1
13.82,49.06,58.47,221.03,5.06,19.13,0
14.93,3.31,46.79,200.43,-3.83,1.55,0
64.7,46.93,68.46,342.69,-0.39,49.23,0
28.48,5.83,48.84,219.61,6.48,8.47,0
26.8,2.37,60.28,191.81,-1.55,3.8,0
37.59,7.28,42.31,253.94,2.23,15.51,0
63.7,78.55,51.61,434.77,9.85,66.98,1
9.45,25.55,44.91,262.2,-5.46,1.01,0
31.56,1.27,63.82,199.55,-6.88,6.35,0
52.79,36.65,45.72,257.04,-5.12,22.24,0
36.58,0.94,59.63,300.6,0.02,11.4,0
57.3,40.08,59.14,299.38,3.5,37.59,0
20.17,0.07,40.75,246.14,-4.56,1.22,0
69.09,64.64,63.49,404.69,5.95,57.8,1
25.98,24.14,49.86,294.2,-1.86,11.5,0
6.42,17.15,45.23,201.3,-8.07,5.17,0
70.72,46.28,54.98,350.43,3.53,52.84,1
14.41,13.79,47.39,127.66,-3.72,3.61,0
24.46,12.26,46.57,291.82,-2.75,5.83,0
61.54,46.32,71.12,432.12,7.39,65.97,1
45.84,25.57,55.07,248.73,4.89,30.22,0
19.47,10.33,62.89,197.43,2.69,7.65,0
37.68,22.34,47.58,233.23,3.99,21.67,0
10.72,23.0,47.65,212.45,0.01,15.96,0
67.58,44.81,64.88,376.03,9.0,58.63,1
16.81,8.71,53.52,110.9,-6.05,0.0,0
36.25,22.56,45.88,273.84,7.45,23.65,0
36.67,5.18,63.79,260.6,2.61,14.42,0
22.07,1.25,61.68,138.63,7.9,9.22,0
9.38,12.96,48.67,174.09,6.64,12.43,0
26.59,7.88,49.21,276.21,5.98,11.31,0
33.23,3.43,45.17,197.57,-1.1,3.53,0
35.16,20.51,59.91,219.68,-5.25,9.87,0
27.87,0.0,41.91,183.92,1.96,3.08,0
62.27,57.61,59.32,436.5,0.13,47.12,0
54.53,59.6,63.67,346.34,6.41,45.82,0
76.4,54.71,47.79,333.87,8.36,65.03,1
33.71,1.98,52.68,283.87,5.48,12.5,0
37.29,4.2,59.52,150.2,12.76,17.45,0
25.88,10.25,45.8,230.65,-5.41,1.6,0
53.71,45.79,54.8,310.1,-0.97,35.39,0
81.13,158.18,71.76,656.04,2.93,82.72,1
56.1,32.56,52.05,241.78,-6.97,27.84,0
5.92,4.28,44.93,183.32,-3.91,0.0,0
38.61,2.3,61.66,153.74,1.46,10.59,0
32.84,2.56,55.62,190.79,-0.63,7.8,0
37.55,0.0,47.24,269.12,12.36,15.4,0
15.11,16.78,53.41,158.2,4.13,4.52,0
25.53,5.02,44.71,206.3,6.35,6.49,0
5.27,44.84,58.42,198.3,-2.95,13.77,0
7.89,0.0,60.44,206.42,4.17,10.21,0
59.5,67.37,67.24,398.47,0.16,49.22,0
4.75,3.42,55.09,204.89,-1.59,0.0,0
80.64,147.95,61.95,548.13,9.74,84.07,1
24.18,5.3,48.28,197.23,5.56,5.14,0
9.07,8.91,42.69,121.08,7.26,8.62,0
17.1,1.7,48.06,198.78,-3.91,0.0,0
41.04,27.13,51.57,245.02,1.22,22.68,0
19.39,2.3,52.64,128.42,6.99,3.83,0
41.81,43.25,46.77,365.7,4.46,32.66,0
20.55,16.53,53.08,224.61,-2.47,5.88,0
20.12,10.2,44.62,214.29,3.25,9.39,0
75.77,37.88,55.33,419.68,-7.3,46.19,0
7.31,3.77,61.44,211.99,-1.56,9.99,0
33.04,1.21,41.0,163.83,1.66,1.07,0
11.05,6.76,54.0,232.06,-4.61,0.0,0
25.42,0.0,62.59,276.26,2.44,10.39,0
30.16,30.34,44.14,277.98,3.5,19.64,0
2.7,4.06,39.16,103.99,4.08,6.24,0
6.44,3.0,45.42,79.67,0.1,2.54,0
47.17,18.86,61.11,264.5,1.4,25.65,0
10.74,4.24,52.25,110.24,6.44,2.41,0
37.11,16.89,63.39,275.59,3.14,20.8,0
21.99,10.56,60.55,133.39,-1.14,5.67,0
25.1,0.0,57.87,217.79,-4.1,9.67,0
23.68,7.5,44.96,167.87,-5.64,0.0,0
21.43,11.31,59.62,173.36,-1.2,1.96,0
44.59,17.78,57.06,209.73,-2.64,18.12,0
10.67,0.92,59.64,123.55,1.67,0.0,0
30.27,1.66,45.1,209.65,6.46,7.85,0
29.77,13.67,52.46,237.95,-3.58,8.25,0
35.61,15.93,46.74,181.32,-1.29,9.3,0
53.14,41.78,62.66,349.38,11.78,45.95,0
74.46,67.3,67.57,395.91,2.69,68.85,1
25.0,8.26,56.45,164.5,4.79,3.51,0
18.59,1.77,54.04,169.13,-5.93,0.0,0
4.72,5.56,48.55,76.82,9.68,12.48,0
30.2,2.33,56.97,248.96,-6.96,6.89,0
65.57,56.7,47.99,405.7,12.07,59.63,1
30.49,5.4,40.65,145.54,2.92,10.42,0
14.89,9.51,63.81,118.15,13.16,11.9,0
17.51,7.23,56.1,176.5,11.34,7.72,0
29.31,3.57,45.42,234.42,-5.84,0.0,0
15.71,16.28,44.91,118.75,8.14,7.86,0
56.13,61.08,73.21,301.22,7.45,58.71,1
23.98,4.84,44.3,212.62,-0.11,5.59,0
64.05,75.1,52.34,483.84,3.5,48.94,0
43.53,42.16,62.47,267.21,-5.67,24.81,0
32.59,6.06,46.8,229.58,-1.34,6.59,0
8.38,8.53,50.4,145.79,-0.58,2.1,0
28.06,0.0,56.38,151.31,3.11,2.68,0
30.88,5.86,44.35,213.0,-3.96,4.5,0
9.16,13.74,50.13,242.41,-1.27,4.87,0
20.16,19.7,67.16,168.56,6.98,14.2,0
73.7,68.44,62.99,463.32,0.24,61.67,1
39.63,1.25,54.41,251.96,1.57,6.55,0
25.96,2.67,42.21,135.48,2.17,10.84,0
41.01,18.87,64.8,281.2,-4.17,20.56,0
24.04,6.64,56.67,137.46,4.57,7.68,0
50.53,40.45,62.66,246.59,-1.67,37.82,0
11.33,5.63,48.4,95.54,7.78,2.39,0
16.93,5.03,56.56,176.3,-13.87,0.0,0
8.39,8.61,56.37,98.72,6.04,6.79,0
19.48,4.41,63.75,145.33,-6.05,0.32,0
52.69,28.45,48.96,321.04,-3.9,31.83,0
35.34,1.84,63.11,207.51,0.04,11.28,0
28.62,1.78,50.78,236.38,-5.57,0.0,0
28.5,6.41,67.66,252.24,-3.64,5.84,0
65.55,82.86,58.05,344.27,1.31,51.81,1
19.17,3.6,53.02,175.62,0.98,0.0,0
33.36,21.64,65.08,221.32,4.96,22.08,0
36.88,3.67,52.04,180.15,-2.17,6.79,0
25.19,8.81,43.86,266.91,-4.21,4.25,0
29.0,5.64,50.97,198.32,-1.86,2.07,0
15.99,1.21,61.82,104.43,7.48,11.42,0
38.02,5.16,51.67,282.32,1.49,8.55,0
24.46,23.79,50.48,292.65,-8.61,5.03,0
15.87,11.88,50.82,113.22,3.35,4.67,0
40.4,23.87,55.8,191.77,2.17,20.61,0
57.3,76.04,61.15,401.82,0.28,53.11,1
20.75,1.07,39.18,178.84,-6.25,0.0,0
53.98,33.73,48.67,352.4,8.55,45.24,0
36.12,7.62,46.96,162.91,9.23,12.57,0
25.6,1.84,43.89,158.98,6.55,7.25,0
29.53,14.34,39.56,214.81,-4.05,2.57,0
61.16,90.21,76.04,457.17,2.87,64.86,1
63.2,68.16,68.32,439.11,3.22,59.72,1
62.27,49.99,68.65,365.85,-9.68,46.8,0
71.89,144.1,62.31,527.43,9.14,79.26,1
24.43,9.65,52.67,232.08,-1.13,1.62,0
52.83,60.93,53.8,344.22,11.35,51.3,1
13.0,10.89,63.99,125.31,6.44,16.62,0
34.68,2.18,53.75,220.88,-3.35,8.08,0
30.89,2.92,45.44,141.04,3.32,5.0,0
36.42,3.44,60.49,189.34,-7.71,2.22,0
25.74,3.84,56.08,238.94,-4.25,7.06,0
38.05,5.89,59.8,204.59,-5.72,2.54,0
5.23,16.63,58.33,135.03,4.73,3.45,0
28.01,25.83,50.43,283.64,-1.22,11.2,0
36.86,13.61,50.9,189.84,7.97,10.06,0
45.54,21.56,44.19,350.5,-4.06,27.4,0
32.03,1.88,54.23,125.8,-1.47,7.7,0
31.97,0.14,46.45,171.41,-10.32,0.0,0
71.59,42.29,69.13,399.09,5.87,64.79,1
29.37,8.94,56.38,177.47,-4.2,3.36,0
27.33,7.33,54.54,166.7,4.98,3.35,0
72.35,169.96,66.48,511.48,20.0,78.44,1
32.98,0.0,50.96,200.16,-3.45,3.11,0
20.64,12.47,60.01,252.89,-3.9,8.53,0
27.01,0.0,57.83,199.38,-2.76,4.0,0
11.16,6.58,51.57,95.94,7.32,1.06,0
18.06,3.59,64.57,240.31,5.38,15.03,0
18.75,34.49,63.04,193.78,-2.94,12.07,0
6.42,0.0,49.87,86.57,5.33,8.7,0
33.71,2.27,41.69,179.93,5.7,15.21,0
37.75,6.54,56.12,232.39,-8.34,2.17,0
38.29,16.03,50.91,252.44,5.89,16.7,0
17.85,1.25,48.91,133.05,-4.2,0.64,0
8.15,25.12,63.7,197.72,6.12,17.37,0
38.14,0.19,49.59,179.78,0.85,4.4,0
38.78,12.58,49.18,174.41,-6.68,9.79,0
90.75,133.22,75.85,489.35,12.43,88.76,1
43.92,23.59,51.29,264.49,-9.38,20.02,0
15.29,11.64,59.6,116.94,0.82,0.0,0
22.19,1.62,53.58,232.49,-2.18,3.35,0
25.17,7.94,53.57,267.82,-0.12,5.31,0
25.8,19.94,41.57,262.12,8.76,15.97,0
36.59,0.0,42.7,146.87,0.88,5.45,0
40.36,12.31,51.24,306.64,-4.77,17.56,0
71.55,57.94,58.54,282.13,3.68,55.78,1
38.64,29.76,52.18,303.96,0.38,15.92,0
71.96,68.38,57.12,412.5,-0.88,61.55,1
39.19,12.75,63.08,292.68,-5.67,10.44,0
69.28,148.76,82.41,501.87,-0.29,72.19,1
20.32,5.67,39.39,236.56,-4.48,0.0,0
72.98,65.35,50.91,430.64,-0.12,62.62,1
19.2,3.13,52.44,128.62,-4.24,2.28,0
72.12,71.25,57.5,475.58,9.67,65.86,1
61.29,58.02,63.18,342.0,1.4,45.61,0
34.34,18.68,51.66,274.41,-5.04,9.06,0
37.9,42.59,56.21,205.32,2.97,24.63,0
21.01,2.5,60.89,108.33,-0.06,6.24,0
35.26,20.03,50.47,216.33,-7.33,13.31,0
70.71,77.09,58.13,488.76,5.09,67.45,1
10.42,7.98,46.99,163.34,6.2,1.3,0
10.54,6.17,42.33,196.52,0.76,0.0,0
53.61,29.1,50.51,342.67,-2.49,28.7,0
14.24,5.22,56.01,99.38,-8.78,0.0,0
19.37,3.13,47.98,181.34,1.43,0.0,0
73.36,50.51,56.37,424.41,18.98,63.66,1
38.59,4.16,64.05,311.92,-6.55,4.15,0
36.83,18.98,58.79,221.3,1.86,16.86,0
53.8,18.13,46.84,380.11,-2.88,27.76,0
56.44,17.51,41.0,228.16,10.76,35.07,0
66.52,71.58,71.29,358.16,9.18,67.25,1
30.05,20.64,58.3,145.54,4.7,12.44,0
31.48,2.15,54.63,173.34,-0.65,5.64,0
15.91,15.05,52.95,160.55,-8.01,0.19,0
35.14,7.76,43.69,213.49,-0.59,9.16,0
47.53,30.78,57.36,335.3,-2.87,21.27,0
5.72,0.12,49.84,155.38,-3.01,0.0,0
38.31,32.22,50.65,316.38,1.87,16.63,0
36.26,45.19,52.44,268.89,1.27,21.3,0
61.98,86.91,54.16,343.71,6.2,60.56,1
20.07,6.56,59.87,227.85,1.14,3.98,0
34.81,31.29,53.56,229.52,8.04,29.14,0
14.78,31.11,53.72,193.44,0.33,9.28,0
30.19,0.71,47.91,134.42,3.67,9.64,0
38.02,20.99,64.43,211.99,-0.8,20.42,0
58.22,92.37,74.7,395.06,9.06,59.26,1
14.28,8.69,58.59,224.76,2.59,3.97,0
34.55,18.44,46.66,166.38,-0.86,7.95,0
18.76,18.18,64.52,181.52,4.99,12.2,0
56.63,81.14,48.18,444.41,10.23,53.48,1
35.8,16.74,48.19,293.55,-7.21,4.46,0
36.29,45.39,56.51,250.63,-4.42,24.6,0
67.3,54.57,63.43,412.67,4.77,55.24,1
57.71,42.7,51.6,359.43,13.84,45.55,0
86.16,161.71,74.75,614.66,-6.47,75.97,1
37.44,41.2,61.51,364.9,-1.63,29.5,0
14.25,2.18,62.81,176.82,4.81,11.84,0
4.58,5.55,60.03,117.25,0.84,5.64,0
6.69,11.85,55.7,171.33,2.83,5.38,0
52.96,37.55,60.78,397.12,0.84,41.0,0
17.02,8.98,65.52,236.61,-6.24,2.92,0
24.94,7.86,50.1,216.49,1.68,0.16,0
28.95,22.31,65.59,166.47,0.45,9.53,0
10.97,8.25,49.78,101.13,1.71,0.92,0
23.34,17.43,46.05,238.33,-3.37,7.82,0
38.46,25.17,47.1,215.29,2.29,23.55,0
60.12,76.97,68.64,391.72,6.01,63.59,1
69.61,47.93,66.52,359.22,-0.75,53.28,1
56.64,61.58,66.42,340.91,6.39,53.05,1
37.85,2.35,50.72,187.83,-2.01,3.41,0
36.96,5.77,55.97,199.37,3.88,7.72,0
23.15,0.0,36.84,240.68,-9.74,0.0,0
31.67,17.93,65.88,164.83,-6.77,8.39,0
21.68,13.67,49.08,155.19,-3.17,3.97,0
14.34,6.49,54.32,103.73,2.65,1.55,0
24.33,1.98,62.89,184.11,3.96,0.0,0
14.62,0.75,52.2,207.24,1.93,3.12,0
52.23,31.67,63.54,276.62,-1.4,36.67,0
6.2,3.08,41.84,125.78,-0.6,0.0,0
16.28,11.27,52.43,157.42,-5.0,0.0,0
37.94,0.71,59.83,300.9,-4.57,10.36,0
57.87,67.65,49.92,392.07,9.74,56.41,1
54.03,29.57,64.03,386.64,2.67,45.25,0
32.41,20.29,52.43,197.33,-6.55,10.57,0
60.76,53.47,66.93,318.32,11.15,58.16,1
69.82,81.89,53.81,390.9,7.32,57.41,1
74.58,61.57,50.84,332.36,-1.76,57.71,1
31.56,10.82,60.95,233.46,6.05,19.5,0
34.25,2.9,66.58,234.99,7.44,16.78,0
17.35,6.85,49.09,137.41,-3.35,0.34,0
46.52,28.01,58.62,247.09,4.51,25.0,0
33.86,40.1,63.41,310.64,-3.23,28.38,0
62.26,64.17,63.49,336.44,4.31,51.35,1
26.76,13.31,49.94,225.78,5.44,11.59,0
5.88,17.08,49.21,117.79,-8.17,0.0,0
5.45,1.91,55.01,159.13,0.34,0.0,0
64.18,64.26,50.74,340.48,2.91,55.56,1
42.49,16.3,64.52,200.93,-0.02,23.02,0
14.67,5.21,60.12,118.88,-7.79,0.0,0
13.92,25.17,62.98,238.11,-0.06,11.53,0
32.21,24.77,64.64,280.29,9.09,29.99,0
11.45,18.93,63.92,207.25,-7.32,2.52,0
11.8,1.08,49.32,69.55,-3.78,1.17,0
25.68,0.36,61.26,169.29,1.61,1.66,0
44.25,32.57,48.15,331.16,-3.31,23.13,0
56.52,40.02,59.48,265.35,3.96,37.54,0
73.65,98.28,65.12,516.04,11.65,75.16,1
48.78,14.41,49.6,211.96,5.1,24.9,0
16.49,36.6,54.91,239.17,-4.97,11.13,0
31.98,13.31,45.76,187.58,-4.85,11.52,0
32.39,13.12,42.96,222.3,1.52,15.76,0
49.55,45.63,59.21,367.92,3.19,32.47,0
38.59,1.12,48.54,270.9,-6.94,0.0,0
32.88,20.19,48.02,278.51,-5.59,7.77,0
27.09,0.06,57.33,263.08,9.82,11.59,0
7.95,6.42,53.79,185.06,-13.52,0.0,0
49.66,33.35,59.29,292.16,3.97,27.35,0
62.12,54.35,60.43,301.84,9.34,57.31,1
51.69,21.64,54.74,318.7,9.64,34.94,0
34.15,3.18,52.41,158.25,1.81,3.05,0
51.88,41.36,68.33,353.01,-2.09,45.67,0
33.86,11.48,65.18,261.0,-3.36,14.51,0
28.35,20.05,41.97,237.34,8.47,17.67,0
27.68,4.69,58.93,150.62,5.03,5.89,0
38.94,4.97,48.91,231.39,5.56,18.63,0
89.02,170.55,76.78,582.02,-0.96,80.61,1
56.07,47.79,67.54,315.67,0.92,44.06,0
55.25,22.23,49.08,321.45,2.61,31.65,0
35.35,3.85,63.73,141.45,-0.13,7.35,0
9.32,0.0,42.78,192.0,0.23,1.3,0
15.77,13.39,53.3,142.72,5.45,6.93,0
39.86,6.01,62.14,185.74,0.44,11.2,0
36.69,8.4,44.48,318.27,11.97,17.1,0
16.11,0.72,63.28,115.88,6.24,7.88,0
9.66,6.82,40.98,70.02,11.57,7.22,0
73.63,49.73,51.78,429.6,18.3,65.53,1
40.88,33.26,69.27,214.03,6.1,35.16,0
80.97,89.89,70.27,416.51,-2.11,73.65,1
10.35,0.0,50.81,189.92,-10.52,0.0,0
15.79,9.45,63.38,150.57,-0.84,3.67,0
65.45,68.2,62.02,404.23,0.06,55.29,1
9.02,4.52,58.37,129.14,2.68,1.28,0
38.67,17.84,63.03,274.0,-11.76,12.88,0
11.26,0.0,43.09,203.29,6.28,6.67,0
13.76,8.33,57.6,180.09,-3.29,0.0,0
58.21,15.07,55.53,276.72,2.91,29.3,0
51.64,21.56,46.82,222.31,-10.15,29.83,0
43.77,31.03,57.1,375.39,-3.51,24.35,0
28.84,21.55,45.78,143.65,7.56,14.88,0
41.39,31.52,64.18,331.45,-1.94,29.55,0
16.4,4.59,50.47,94.81,0.05,0.0,0
49.81,26.88,62.75,314.09,2.46,27.95,0
29.67,0.0,44.61,252.92,-3.92,2.43,0
42.67,28.7,65.58,223.23,-6.02,23.53,0
73.74,82.59,68.91,422.75,1.89,61.98,1
23.16,14.39,54.93,141.68,8.32,8.34,0
21.26,6.68,45.2,178.96,5.57,3.47,0
31.71,0.0,48.32,263.36,2.01,9.27,0
36.46,16.47,57.01,265.44,1.74,11.21,0
32.6,9.5,64.66,213.97,4.73,16.68,0
32.65,8.58,42.89,280.16,0.78,9.24,0
55.68,24.24,51.29,318.55,14.49,37.08,0
59.67,43.95,52.93,349.43,-7.34,28.92,0
60.7,75.29,68.06,393.32,1.34,55.81,1
31.21,5.71,59.38,256.71,-5.27,1.95,0
66.35,80.04,61.88,359.69,6.64,66.73,1
35.56,21.35,48.86,309.33,-6.75,13.26,0
33.11,7.14,49.19,222.14,6.52,14.57,0
66.22,86.68,53.44,465.73,8.26,59.03,1
26.65,15.02,56.89,234.31,2.15,11.39,0
58.91,26.99,56.4,278.8,-6.66,25.62,0
93.14,155.78,63.33,646.4,6.95,88.57,1
55.42,34.67,59.8,296.2,1.22,29.29,0
4.76,8.38,54.42,221.36,0.3,3.85,0
63.7,92.52,71.9,498.58,11.31,67.87,1
34.66,22.82,66.5,234.92,4.56,25.56,0
15.73,6.02,57.19,146.68,5.19,6.12,0
56.56,51.28,65.0,280.96,9.9,50.12,1
49.14,22.78,64.19,221.85,5.35,32.37,0
69.42,69.12,60.11,372.27,19.26,72.05,1
39.25,4.61,45.85,292.14,12.65,20.54,0
30.77,22.51,62.11,198.87,-4.56,15.06,0
44.49,18.65,49.02,225.87,0.7,14.65,0
44.9,36.24,67.03,346.74,-1.76,28.04,0
35.32,2.46,60.99,273.86,2.41,16.59,0
55.8,66.89,53.78,277.69,8.43,51.77,1
27.91,0.11,58.04,225.51,3.24,4.01,0
33.6,12.08,55.52,274.39,2.57,13.73,0
19.17,7.1,57.29,98.03,-1.36,3.04,0
58.77,42.58,48.38,280.65,-2.73,37.6,0
43.66,20.58,64.03,285.74,-1.27,27.19,0
15.94,22.96,52.41,162.73,-5.36,4.63,0
32.43,7.01,43.32,245.73,0.04,10.98,0
25.46,12.29,53.97,171.42,5.04,12.25,0
33.89,5.61,65.98,231.18,1.83,15.49,0
39.34,8.63,63.19,227.17,-7.57,9.55,0
23.35,0.38,62.18,143.6,-3.15,6.15,0
45.04,21.83,55.12,213.47,-1.78,25.37,0
29.49,4.34,59.11,210.44,3.94,3.68,0
44.44,28.4,44.43,302.76,-1.56,25.84,0
76.07,95.55,60.62,458.73,8.9,78.08,1
34.64,15.86,61.35,162.26,-2.56,13.38,0
34.51,7.49,55.56,129.94,-6.42,0.12,0
62.0,89.13,70.72,485.19,3.62,63.57,1
43.51,31.51,57.85,340.33,-2.05,21.01,0
80.63,105.54,74.31,485.47,6.53,83.29,1
50.65,37.67,68.03,342.48,7.17,37.66,0
70.55,83.24,69.21,447.69,5.77,68.23,1
16.47,0.0,46.91,183.52,3.53,0.0,0
41.57,39.14,63.47,341.26,1.75,22.98,0
57.35,36.91,50.61,398.64,4.17,35.78,0
31.92,13.25,61.11,152.4,3.94,17.87,0
74.05,83.31,67.95,483.71,7.5,70.23,1
74.4,55.1,60.76,401.68,9.75,68.67,1
15.39,5.62,64.85,120.23,-7.28,2.27,0
10.21,5.11,49.13,161.8,-0.19,1.51,0
17.87,0.77,49.85,160.61,-4.82,1.97,0
24.78,1.94,65.71,146.44,-5.53,0.0,0
23.29,11.81,49.07,262.34,-3.39,6.33,0
36.2,24.78,50.85,259.31,-3.81,21.15,0
28.68,0.0,51.13,253.03,6.86,6.09,0
30.52,6.93,61.44,181.14,-6.75,4.23,0
66.58,51.71,68.11,303.22,12.4,64.0,1
38.13,5.04,63.16,260.55,1.75,11.91,0
37.93,26.96,64.17,220.92,3.28,21.86,0
65.67,51.3,50.49,340.84,4.17,47.68,0
22.36,9.01,47.65,249.11,11.17,11.84,0
62.52,56.24,69.18,342.79,2.83,50.36,1
34.57,5.68,45.7,200.51,2.07,12.54,0
29.26,2.27,62.13,205.8,-5.17,3.74,0
55.44,55.75,48.23,364.27,7.87,41.32,0
24.77,0.51,47.12,184.02,-0.69,0.0,0
95.66,115.18,51.74,530.26,7.51,81.22,1
29.7,3.12,48.56,182.2,3.24,2.79,0
37.14,17.37,41.35,298.26,4.09,14.69,0
28.19,4.82,44.51,218.31,5.53,8.84,0
29.44,0.0,55.26,251.7,-3.38,5.54,0
35.84,6.93,53.2,247.46,2.2,11.91,0
18.64,2.56,55.25,193.04,5.52,7.76,0
72.79,65.49,62.57,459.28,10.13,77.17,1
33.95,7.52,50.86,215.1,3.84,9.68,0
38.48,2.14,50.35,226.76,-1.95,5.84,0
58.66,82.69,68.82,349.49,12.49,53.62,1
38.74,0.64,63.23,214.34,-7.54,4.67,0
6.95,0.0,41.07,118.85,-5.18,0.0,0
31.72,31.18,44.93,255.45,-3.6,14.8,0
43.45,27.05,55.47,284.22,-8.67,15.47,0
38.62,16.14,65.05,263.42,3.12,15.07,0
39.31,28.08,62.85,294.95,3.6,26.44,0
47.34,36.49,64.79,308.48,12.56,38.7,0
47.59,20.46,61.06,277.27,-7.2,21.06,0
31.61,15.19,49.87,166.83,6.36,11.09,0
26.77,13.24,56.69,158.42,-3.67,6.46,0
9.65,0.77,48.29,217.08,3.22,5.51,0
48.77,29.23,50.96,206.98,4.57,24.39,0
26.7,11.79,61.68,229.47,3.79,12.3,0
64.07,82.68,63.37,387.7,0.27,56.47,1
17.44,3.99,46.49,160.5,5.46,3.21,0
10.64,2.83,60.73,76.95,4.44,3.68,0
59.57,74.2,64.4,397.43,-2.74,51.67,1
10.39,0.0,60.97,192.06,1.35,5.86,0
12.43,0.0,50.4,223.46,-5.71,0.0,0
12.1,15.69,58.85,124.77,7.61,7.65,0
42.58,38.01,46.34,352.57,-5.96,24.08,0
25.96,10.19,50.82,170.48,0.53,4.97,0
20.89,0.31,55.74,163.67,1.24,0.59,0
44.78,21.66,68.89,330.55,0.92,28.29,0
89.63,92.54,59.34,443.59,10.09,78.03,1
21.91,6.5,59.73,158.53,-7.05,0.0,0
16.3,7.48,63.52,173.28,6.96,6.63,0
37.05,4.17,67.98,243.19,-1.36,14.77,0
10.13,1.52,42.34,124.28,-1.98,0.0,0
57.81,39.29,58.6,279.29,3.8,32.45,0
44.3,26.91,48.1,192.81,-1.57,18.96,0
15.88,0.0,58.06,203.07,7.9,8.22,0
43.95,37.19,68.27,322.55,5.07,32.53,0
23.89,1.03,60.68,141.17,4.81,3.42,0
14.25,32.72,69.71,188.48,2.1,13.91,0
55.71,20.86,62.93,304.86,-1.16,33.82,0
23.19,1.09,58.15,220.04,12.42,10.18,0
53.06,18.25,58.49,338.42,-2.82,28.04,0
16.08,2.05,61.58,163.66,2.42,4.68,0
34.54,0.0,38.93,209.67,1.84,9.27,0
18.22,7.89,41.05,257.63,5.72,6.83,0
62.65,65.11,49.05,373.95,9.3,61.01,1
68.98,85.55,70.61,387.78,12.73,69.95,1
54.69,20.51,43.63,241.4,2.69,31.58,0
24.55,9.55,65.72,158.87,0.33,2.39,0
45.93,17.25,57.51,235.74,7.7,18.83,0
21.52,0.0,42.13,120.68,6.57,2.07,0
24.63,13.63,63.78,263.6,-0.0,10.66,0
3.71,3.43,63.64,197.15,-4.03,6.7,0
34.9,0.0,51.65,169.89,-8.45,1.9,0
61.14,45.04,64.93,350.96,2.48,52.88,1
23.64,7.2,53.42,172.03,-4.03,1.56,0
73.71,60.62,70.72,339.14,13.99,77.05,1
93.31,97.67,54.79,493.27,3.34,69.36,1
40.85,38.12,48.25,303.35,3.46,26.59,0
56.77,13.45,56.89,363.27,2.6,32.6,0
57.44,88.06,64.83,394.59,2.84,54.51,1
14.68,2.24,53.94,194.22,-2.32,0.0,0
27.18,2.75,46.71,232.81,-3.0,2.18,0
33.56,20.14,63.36,227.58,-1.77,20.76,0
23.56,5.45,46.64,226.7,-2.19,3.42,0
76.27,137.57,80.39,498.38,-2.43,82.01,1
20.69,4.42,54.97,176.9,4.22,2.05,0
88.39,88.4,54.7,495.5,4.28,70.95,1
26.54,1.23,62.08,255.16,2.61,12.58,0
35.18,4.49,58.4,249.72,-3.71,5.58,0
32.02,1.23,44.86,122.25,4.03,10.73,0
26.43,6.45,41.99,220.64,-6.45,0.0,0
35.62,2.58,42.7,139.33,-8.83,0.0,0
37.22,1.84,39.64,171.77,7.81,12.02,0
81.37,137.27,77.8,550.99,9.07,89.28,1
53.87,21.77,55.84,240.21,3.32,33.28,0
32.99,2.66,54.29,175.85,3.24,8.39,0
89.05,164.71,65.91,673.76,7.96,84.67,1
29.98,13.73,56.75,250.82,0.7,4.31,0
36.94,4.56,63.74,193.43,0.17,12.48,0
10.58,2.75,45.71,196.71,13.1,11.18,0
17.47,10.31,57.07,244.75,-0.53,9.99,0
34.92,5.87,59.88,244.09,4.92,15.3,0
37.83,31.33,46.1,254.7,4.69,20.63,0
59.41,75.97,59.25,369.21,8.19,57.04,1
10.02,0.0,49.46,89.65,-5.89,0.0,0
54.62,62.95,54.14,331.61,4.57,46.4,0
8.03,13.98,53.39,195.96,-3.02,2.65,0
62.22,39.89,50.32,318.36,7.07,42.09,0
43.6,39.92,55.78,391.53,-4.31,19.66,0
53.93,36.39,65.22,383.4,6.54,42.31,0
8.17,1.4,45.49,218.53,-2.21,1.26,0
31.41,12.37,58.07,211.91,0.48,8.29,0
36.47,5.99,41.71,172.3,2.28,8.11,0
10.2,0.27,53.1,201.64,5.67,5.66,0
56.79,71.52,56.47,339.16,6.97,50.03,1
73.91,85.62,55.28,505.67,-3.07,56.99,1
26.39,2.36,52.83,172.95,-8.62,0.0,0
70.55,81.15,70.13,381.23,3.44,66.0,1
41.3,17.56,57.43,285.58,9.57,27.68,0
8.16,0.0,64.71,204.36,6.96,9.16,0
7.72,3.36,60.42,174.66,-0.75,9.56,0
15.83,2.3,52.47,104.87,0.16,0.26,0
40.89,22.14,56.95,170.49,-3.25,22.33,0
23.18,0.6,61.45,235.25,-1.57,5.52,0
42.83,25.28,43.22,266.41,1.63,23.95,0
23.76,8.46,49.69,228.91,-1.61,2.59,0
57.63,37.79,63.23,340.48,0.87,34.54,0
37.38,8.66,65.04,277.98,7.84,17.76,0
40.47,32.58,63.18,304.48,-0.04,25.63,0
15.87,1.61,46.13,113.72,4.4,2.71,0
8.64,0.0,61.73,135.47,1.41,6.72,0
60.54,72.44,65.55,459.68,-4.51,58.35,1
16.3,22.2,65.79,267.81,6.42,20.28,0
26.98,31.04,55.31,294.54,-6.23,5.42,0
8.42,5.18,63.12,162.03,4.95,6.59,0
71.48,77.08,69.9,387.17,-2.5,66.64,1
28.99,5.07,53.78,197.79,3.27,0.0,0
51.35,30.4,44.18,282.36,-3.75,27.77,0
27.3,0.5,49.96,141.11,0.86,2.87,0
36.91,2.45,61.85,180.53,-1.68,9.22,0
65.92,74.95,60.4,475.9,10.61,63.36,1
35.61,14.19,51.03,278.75,-2.16,8.38,0
71.25,99.75,73.73,508.38,6.44,74.19,1
12.63,6.56,40.46,125.14,3.79,0.0,0
21.84,5.29,40.5,186.71,-10.65,0.0,0
38.88,6.04,57.08,243.71,-7.1,11.29,0
65.19,83.8,74.21,472.45,10.51,74.17,1
84.55,138.2,73.46,513.58,-0.64,80.89,1
4.32,20.49,44.39,190.54,-3.88,10.31,0
8.32,12.39,60.81,145.03,-5.32,1.16,0
17.08,4.3,59.59,207.11,4.22,7.77,0
55.55,25.15,46.28,340.28,2.25,36.28,0
12.58,5.75,61.23,107.5,0.06,6.39,0
7.75,15.01,53.36,190.81,-8.83,2.63,0
14.45,0.0,52.75,202.51,0.68,3.05,0
72.21,86.02,68.75,402.49,6.75,67.0,1
81.78,94.39,74.96,427.98,7.69,81.71,1
74.98,74.61,67.35,383.13,17.56,78.55,1
53.29,33.6,64.41,304.99,-0.11,35.49,0
17.24,9.52,46.57,145.51,-5.51,0.0,0
79.14,174.18,67.77,617.31,10.68,80.59,1
68.93,45.8,69.21,361.2,-2.54,49.95,0
44.24,21.05,60.19,224.38,9.2,33.51,0
42.96,30.38,65.75,227.1,9.6,34.03,0
39.19,0.0,43.54,204.75,-7.8,5.02,0
50.33,26.83,45.54,331.89,-10.79,24.79,0
35.07,1.99,53.3,141.46,3.22,9.63,0
39.69,7.28,50.88,229.42,4.41,12.02,0
70.43,57.27,71.02,404.99,7.3,65.63,1
87.98,109.45,59.77,423.14,10.87,80.87,1
12.85,6.86,62.53,122.9,3.66,14.23,0
43.09,15.71,61.83,220.05,2.15,27.03,0
10.98,20.65,63.32,135.98,-1.25,13.34,0
32.26,10.07,42.71,238.76,1.12,12.35,0
22.91,5.57,47.52,214.03,5.21,6.27,0
55.33,29.96,59.05,354.09,-0.99,33.59,0
25.36,12.56,54.32,236.61,-0.43,6.83,0
34.89,14.14,52.38,202.7,0.16,12.27,0
73.8,49.46,60.1,371.52,9.91,66.67,1
65.21,83.68,63.58,422.27,-2.4,55.18,1
12.55,0.0,47.9,139.72,-3.48,2.25,0
4.15,5.66,62.22,164.39,-7.54,0.0,0
67.13,44.75,56.58,339.22,5.07,51.56,1
69.36,43.07,44.08,382.95,-4.7,45.88,0
39.91,2.78,49.98,260.3,-0.8,7.94,0
29.69,23.82,49.65,239.43,7.81,13.94,0
58.0,45.01,55.0,321.63,-7.35,31.03,0
40.9,27.26,63.96,337.54,8.75,29.53,0
23.92,0.0,41.25,230.36,2.02,6.67,0
8.05,8.06,44.25,72.22,-3.0,0.0,0
40.25,33.93,60.08,361.81,-1.54,31.69,0
64.57,73.74,65.32,416.39,4.25,61.53,1
61.78,60.34,59.98,443.87,4.83,57.27,1
7.13,11.71,45.08,95.09,-1.99,3.29,0
30.68,70.01,62.02,289.46,7.6,37.68,0
63.23,62.31,71.71,312.7,-0.11,63.42,1
43.96,41.5,69.46,329.03,-1.86,28.45,0
80.22,123.58,63.26,539.65,14.09,85.44,1
10.48,33.09,48.8,161.03,7.85,17.26,0
19.08,8.57,62.82,240.48,6.55,11.08,0
8.3,24.03,43.62,204.63,2.51,7.34,0
21.0,1.62,52.22,137.66,-0.16,1.81,0
30.08,18.89,45.06,286.78,-1.8,7.31,0
9.1,0.0,42.53,204.46,1.58,2.14,0
36.97,15.29,63.45,284.44,3.21,21.92,0
45.62,15.87,45.61,278.51,0.98,16.75,0
38.41,9.6,57.84,210.23,2.3,7.72,0
49.19,38.76,50.62,360.13,-3.37,22.79,0
78.37,89.57,77.45,459.04,10.03,76.22,1
48.8,16.63,44.1,314.34,-1.15,17.64,0
88.33,163.14,79.14,577.59,8.54,87.06,1
68.59,85.04,68.15,445.84,6.39,63.57,1
23.17,10.07,66.46,181.88,-5.06,0.03,0
6.88,13.05,66.0,207.69,1.18,9.17,0
67.32,41.46,60.92,400.55,9.02,61.31,1
41.15,2.43,63.63,231.78,-1.62,19.96,0
82.85,144.32,68.21,508.94,12.02,83.19,1
9.44,0.86,50.04,93.62,0.48,0.0,0
96.54,79.22,52.07,466.71,14.93,76.3,1
30.05,4.01,52.69,267.59,2.02,10.43,0
53.48,32.51,64.37,293.33,-0.59,32.5,0
27.96,4.95,42.31,241.66,-0.11,3.28,0
72.33,58.99,50.58,418.76,8.33,62.09,1
50.8,46.53,51.04,348.74,-6.09,39.11,0
14.8,4.43,59.41,173.53,1.49,3.96,0
30.78,15.02,45.31,263.66,-2.79,18.48,0
14.59,21.54,52.93,279.33,-0.09,9.9,0
37.88,0.71,47.8,238.74,0.76,7.31,0
20.37,2.6,57.77,129.39,0.79,0.0,0
12.64,12.06,50.41,163.48,4.59,5.44,0
37.12,3.14,53.64,289.15,-7.0,1.07,0
34.8,13.42,44.12,271.69,-2.08,10.46,0
59.42,45.31,52.69,390.42,10.25,48.83,0
57.11,43.68,44.62,312.05,0.96,36.68,0
9.75,1.73,66.17,129.61,5.26,9.38,0
21.96,1.89,61.85,194.64,0.53,3.53,0
43.87,20.25,46.29,347.45,8.87,36.71,0
39.23,29.06,45.12,190.53,9.13,26.45,0
29.76,4.69,40.54,239.06,-0.17,1.27,0
17.68,2.92,46.79,197.88,6.7,0.8,0
27.99,2.0,62.44,240.36,3.98,8.53,0
72.41,69.39,68.02,394.78,2.59,66.54,1
56.01,31.64,69.56,315.23,-7.24,26.6,0
45.88,29.73,57.51,351.52,5.83,27.55,0
23.89,3.74,66.76,187.95,1.07,2.55,0
39.43,29.69,53.91,244.0,0.68,17.25,0
64.26,55.08,66.78,383.03,10.73,58.86,1
5.53,16.89,56.11,144.09,2.94,6.35,0
27.24,13.46,63.21,197.43,-4.97,13.6,0
21.33,10.29,49.48,272.95,6.58,11.35,0
13.14,26.29,44.45,274.81,4.83,11.52,0
21.87,6.36,53.19,177.72,10.6,6.46,0
17.62,26.35,45.11,195.91,4.81,8.62,0
35.74,15.66,63.4,226.26,-7.16,8.49,0
55.93,17.23,60.34,257.87,-2.09,25.81,0
29.64,0.05,53.41,170.82,-7.77,0.0,0
13.72,5.84,65.66,204.79,-7.64,1.44,0
35.5,6.74,53.81,311.79,6.78,17.65,0
35.22,3.59,49.65,248.3,-2.06,4.64,0
43.5,40.19,49.63,309.47,1.38,32.25,0
25.89,10.54,52.32,188.34,0.06,0.0,0
12.83,2.93,43.58,219.79,-1.43,2.98,0
70.33,82.45,52.89,423.05,11.99,67.12,1
13.81,10.71,42.89,230.71,2.8,9.96,0
9.1,22.83,63.06,185.41,3.84,15.1,0
26.0,0.61,51.68,231.08,-6.69,0.0,0
18.95,9.52,49.84,146.11,5.97,1.08,0
22.64,8.55,62.59,165.67,4.88,8.91,0
79.69,80.99,64.2,496.35,1.25,63.0,1
49.63,35.34,47.54,375.12,5.8,27.91,0
43.98,37.66,47.33,357.21,0.04,24.85,0
35.31,4.1,43.1,278.97,11.18,15.27,0
55.14,32.05,63.29,351.33,-6.08,31.69,0
34.88,21.84,52.45,243.67,10.26,29.26,0
88.73,94.6,65.89,456.85,3.48,71.48,1
11.6,8.18,54.27,154.68,1.19,0.7,0
29.13,17.07,51.28,238.94,3.87,6.14,0
58.56,49.54,70.99,349.13,7.87,50.49,1
82.62,116.4,67.13,471.03,8.3,80.79,1
20.99,6.54,47.17,211.44,-5.98,0.0,0
25.51,10.62,47.49,211.07,-0.84,6.71,0
36.68,45.63,63.68,210.58,0.59,28.63,0
14.6,3.67,54.45,123.54,-7.32,0.0,0
19.46,10.67,43.7,219.93,-5.32,3.11,0
17.71,0.0,44.06,201.18,-1.09,0.52,0
10.75,15.87,44.81,223.75,-2.97,5.29,0
9.18,12.45,53.56,107.34,-8.26,0.0,0
12.53,7.72,64.62,115.76,-2.94,5.8,0
17.26,0.11,45.11,107.48,-7.69,0.0,0
46.33,23.93,53.19,234.28,7.37,31.16,0
32.9,7.41,43.64,110.15,5.58,13.0,0
45.91,17.36,66.74,184.77,3.92,15.14,0
38.5,26.49,63.42,297.64,4.09,18.78,0
68.42,56.27,63.71,347.2,-4.03,51.76,1
21.07,4.38,49.93,132.8,4.11,0.0,0
43.13,34.5,64.89,338.85,0.46,29.5,0
58.96,39.03,66.16,356.18,3.63,43.35,0
62.55,77.92,68.42,486.58,14.9,63.24,1
68.09,78.76,63.44,441.86,12.96,64.96,1
14.58,5.71,49.18,200.4,-9.56,0.0,0
46.56,30.01,68.64,201.55,2.77,33.2,0
21.81,6.51,43.05,237.06,-8.34,0.0,0
37.4,7.07,63.93,283.1,0.05,10.55,0
54.77,30.43,44.63,313.65,2.61,34.3,0
37.5,40.5,46.62,242.67,-3.9,22.03,0
50.78,27.45,58.58,288.92,7.64,40.93,0
24.55,10.44,59.96,207.05,-2.44,4.38,0
38.47,10.31,61.17,232.6,2.12,19.55,0
39.04,43.36,70.76,218.2,0.09,36.13,0
26.03,0.0,58.34,177.71,5.6,7.22,0
10.12,4.02,64.87,214.25,2.85,8.46,0
14.14,0.47,66.81,249.42,-4.21,7.04,0
33.82,4.09,44.06,181.01,2.69,6.55,0
43.52,29.86,57.29,220.76,-1.71,20.42,0
33.05,1.14,39.05,254.03,-2.18,10.69,0
36.14,4.15,66.94,203.64,0.65,11.06,0
64.33,79.05,63.95,356.36,10.12,64.66,1
25.37,4.31,41.38,242.52,-1.51,3.1,0
36.27,1.58,60.77,236.09,-5.8,14.21,0
71.32,61.13,54.68,426.55,6.32,61.57,1
6.62,10.89,60.97,116.29,-3.25,10.91,0
89.38,135.14,65.43,545.21,9.95,81.23,1
17.2,15.57,51.94,240.27,1.0,11.65,0
23.82,7.02,49.93,115.15,2.72,5.17,0
32.34,4.67,43.8,268.69,9.92,14.78,0
58.69,39.07,57.98,373.44,10.98,46.32,0
64.44,93.09,56.15,499.27,8.64,61.01,1
30.33,9.41,62.05,232.97,4.96,18.33,0
56.74,21.28,62.9,276.75,2.79,37.24,0
66.49,62.11,54.89,410.17,2.42,58.14,1
49.39,34.3,62.42,251.17,1.35,30.2,0
34.8,24.83,58.27,214.01,-9.33,11.79,0
27.04,10.26,64.11,182.84,-3.66,6.08,0
63.3,76.42,50.68,334.02,15.05,57.96,1
62.3,40.31,47.94,415.35,2.04,52.35,1
62.92,40.99,69.42,312.48,3.81,53.86,1
71.71,110.4,52.08,414.14,-1.43,61.32,1
14.63,0.87,62.45,84.65,0.97,7.57,0
18.32,13.91,56.89,117.43,5.93,12.75,0
8.8,12.87,50.55,206.55,0.51,10.18,0
38.65,1.92,45.79,200.6,2.08,11.92,0
53.51,41.11,61.67,296.92,-0.73,39.3,0
14.4,7.88,65.09,110.06,6.09,10.43,0
25.92,1.96,52.94,216.31,2.6,6.46,0
38.11,30.06,65.37,282.48,2.95,23.95,0
33.37,40.73,63.76,277.65,-2.68,24.83,0
39.32,5.11,52.21,228.42,7.48,7.69,0
25.1,5.3,55.94,259.08,1.89,5.98,0
40.74,35.94,52.85,300.64,-11.8,18.66,0
12.61,2.05,45.95,203.48,0.51,5.55,0
21.95,25.16,60.2,267.74,-0.18,15.88,0
33.08,24.99,67.51,290.19,-4.46,23.16,0
35.75,8.5,52.98,259.48,5.25,13.3,0
12.42,9.82,57.09,242.41,-2.03,2.59,0
10.01,5.6,44.83,124.81,10.45,6.81,0
75.88,48.1,68.04,481.0,-0.4,60.36,1
11.3,11.45,52.05,230.03,1.52,3.44,0
7.07,5.45,48.81,225.33,-6.72,0.0,0
81.22,109.12,62.07,521.33,7.04,82.04,1
2.89,16.09,48.15,109.49,-4.71,2.83,0
76.32,155.73,74.42,474.85,11.08,84.93,1
18.81,2.27,43.15,153.63,4.15,0.0,0
18.02,17.23,48.88,160.65,-2.19,1.1,0
13.62,3.91,55.01,148.79,-3.43,1.33,0
36.01,9.92,44.99,231.04,-0.52,7.41,0
40.82,21.02,66.78,343.0,-1.61,24.22,0
22.15,20.83,46.31,233.25,-0.03,13.05,0
40.56,41.96,60.3,269.12,-3.43,31.43,0
36.41,32.07,56.15,240.92,-2.94,15.68,0
30.58,6.1,44.76,253.5,-0.12,9.72,0
55.47,35.11,65.9,377.51,5.6,42.86,0
48.29,14.71,48.2,258.63,7.35,22.48,0
62.88,66.55,67.05,339.4,3.77,58.95,1
65.82,43.32,49.13,435.23,3.08,48.74,0
47.1,29.32,68.65,296.44,0.79,24.72,0
30.88,6.57,49.35,234.46,0.53,12.21,0
36.0,0.19,48.35,167.97,-2.93,7.75,0
90.19,91.17,75.12,488.38,10.81,82.01,1
64.79,44.94,65.55,289.51,2.8,53.47,1
15.98,8.15,40.51,142.55,5.18,4.19,0
57.03,60.52,61.39,289.86,7.76,56.1,1
31.67,7.16,54.13,252.25,2.21,9.37,0
32.56,22.55,45.42,269.05,-3.63,16.74,0
25.32,15.61,41.43,143.0,0.1,5.32,0
42.24,37.49,58.27,271.81,-1.18,24.03,0
8.01,1.78,63.17,190.36,-3.74,4.73,0
13.0,16.19,43.25,261.63,10.79,18.9,0
30.55,4.79,64.25,257.89,1.31,10.6,0
27.31,18.13,44.83,253.99,8.33,17.47,0
24.39,5.66,47.65,180.46,3.5,2.57,0
51.6,41.15,66.05,301.74,2.51,41.32,0
47.24,38.5,48.52,302.98,2.49,23.57,0
12.78,4.36,45.17,143.57,-13.48,0.0,0
13.01,2.87,49.93,148.24,2.98,1.04,0
56.74,29.46,43.79,311.89,7.55,36.1,0
34.73,6.69,43.27,263.66,7.42,14.22,0
59.12,72.0,67.88,381.85,9.78,60.93,1
22.85,4.13,50.91,164.71,-2.68,0.0,0
54.95,30.65,50.07,341.32,-0.87,31.57,0
82.02,114.54,68.05,439.53,6.04,82.15,1
22.96,5.78,62.28,195.19,0.84,6.26,0
5.58,0.68,52.37,167.93,2.36,1.67,0
67.21,76.61,55.48,451.63,6.62,55.96,1
57.99,23.59,65.15,287.7,-0.82,36.59,0
93.21,149.29,73.98,620.82,6.66,83.37,1
59.84,46.47,60.04,350.79,-3.1,45.65,0
38.42,5.81,42.15,164.74,-1.62,6.73,0
13.76,4.08,45.49,193.94,9.79,5.6,0
34.29,1.24,61.17,214.4,-2.51,11.52,0
61.17,50.85,62.99,425.96,-3.27,55.56,1
11.12,1.0,59.09,111.83,0.51,0.0,0
81.41,175.32,65.43,551.06,8.17,88.99,1
34.07,2.91,45.08,195.75,-3.93,5.88,0
34.72,1.29,38.7,126.64,-4.76,6.82,0
50.36,44.74,47.33,389.86,6.89,43.83,0
55.11,55.13,56.65,374.91,1.88,41.08,0
92.42,145.05,74.83,538.84,-1.73,78.77,1
51.07,38.62,55.44,257.31,6.04,36.32,0
67.0,86.0,55.02,459.84,0.01,52.9,1
25.78,5.76,43.3,175.36,4.92,3.66,0
27.44,0.0,64.43,217.19,-2.1,8.63,0
20.07,8.64,52.79,236.93,-0.81,0.0,0
46.06,22.09,64.08,311.14,9.84,34.14,0
65.07,84.96,65.74,438.6,7.47,62.03,1
24.45,0.01,53.83,208.04,0.86,5.81,0
13.71,5.83,49.0,195.5,7.77,0.88,0
54.27,21.79,61.04,286.84,-4.28,34.53,0
19.22,2.57,47.69,239.1,-1.48,0.58,0
37.61,0.0,49.65,236.19,-4.96,10.27,0
68.59,82.13,53.56,417.32,9.83,62.52,1
21.96,11.62,63.86,180.64,2.03,10.7,0
16.1,4.94,44.56,145.0,3.46,1.11,0
15.94,2.78,50.85,124.8,-1.01,0.0,0
74.03,91.98,59.67,502.35,8.42,74.71,1
23.3,2.61,57.18,242.34,-1.21,0.51,0
26.94,23.14,50.74,300.34,-0.87,12.49,0
46.98,29.57,62.05,307.95,5.05,32.05,0
38.84,26.23,61.75,243.28,-3.25,28.23,0
71.99,53.13,72.03,411.54,5.96,70.81,1
34.78,8.04,59.73,200.69,-2.57,15.87,0
17.67,11.16,55.16,153.12,-0.63,6.03,0
5.26,17.77,58.65,225.22,-4.71,5.72,0
36.88,2.08,58.32,292.39,-2.08,8.88,0
30.06,1.73,62.47,183.3,-6.85,2.69,0
26.81,7.18,56.92,227.31,1.63,3.29,0
57.39,76.57,66.66,445.46,5.02,54.05,1
24.45,24.86,43.7,198.27,-2.51,6.45,0
23.12,2.34,61.12,147.24,6.09,14.43,0
26.12,1.43,50.3,262.89,0.31,0.57,0
6.36,0.81,56.04,127.62,-1.41,0.0,0
6.5,0.04,45.03,160.36,0.06,1.29,0
46.64,29.93,50.67,215.02,-1.26,22.08,0
5.16,6.27,56.23,202.25,2.43,7.08,0
17.44,2.09,54.28,126.34,6.11,0.82,0
8.78,8.49,63.45,153.37,6.7,7.81,0
36.14,10.79,50.13,325.2,-3.96,12.49,0
54.2,29.85,65.4,264.6,13.03,42.27,0
34.35,2.45,64.71,257.62,-6.86,7.12,0
22.75,0.0,58.16,238.79,2.44,2.55,0
20.74,11.99,62.29,138.75,-4.99,7.49,0
19.24,18.19,57.99,265.19,0.87,7.16,0
74.31,63.51,60.25,345.52,0.39,61.98,1
31.05,6.58,61.1,227.98,0.9,10.33,0
11.94,2.8,62.13,231.91,2.78,9.85,0
35.99,4.34,45.09,165.84,-1.32,3.74,0
74.18,71.74,59.52,383.0,3.83,67.75,1
40.79,39.94,46.27,327.51,2.91,27.91,0
65.79,92.39,58.4,405.78,7.39,62.93,1
22.77,7.48,56.94,234.8,-8.93,0.0,0
28.08,0.95,50.63,136.41,-1.82,0.0,0
34.05,14.78,64.05,173.96,-0.07,16.22,0
13.69,1.54,61.1,121.52,8.11,19.13,0
67.38,70.54,72.2,429.82,18.74,68.58,1
28.3,2.37,50.87,162.46,1.84,0.0,0
25.85,1.22,55.08,143.24,2.18,0.0,0
4.94,5.03,59.53,201.86,3.68,6.12,0
54.07,19.72,58.2,276.9,-2.67,27.85,0
19.17,5.75,44.73,264.42,0.94,2.92,0
48.33,23.61,57.34,233.99,-2.38,26.12,0
6.36,1.59,55.18,57.69,-1.18,0.73,0
31.06,20.75,64.5,186.34,5.37,18.8,0
50.59,28.1,51.01,360.43,8.1,42.17,0
39.49,23.24,64.74,232.82,11.9,31.41,0
64.09,39.66,59.84,399.83,5.11,46.83,0
49.35,38.86,49.92,284.01,5.99,30.51,0
15.03,6.58,57.36,198.61,-15.35,0.0,0
17.33,6.16,51.65,239.11,-2.55,4.19,0
29.73,0.0,62.21,153.86,7.5,6.74,0
66.77,49.41,48.94,309.05,1.31,44.96,0
21.02,4.2,51.59,170.05,-5.02,0.0,0
32.98,16.06,43.58,189.11,6.83,15.69,0
89.19,134.89,67.48,576.41,8.18,87.57,1
28.21,0.17,47.77,173.39,-0.09,0.0,0
70.44,85.4,67.02,392.16,-5.02,61.86,1
36.75,2.51,56.99,223.39,-7.74,0.13,0
64.26,62.45,65.81,351.5,8.38,71.33,1
33.63,0.0,57.57,244.39,7.43,15.83,0
30.55,23.16,45.22,242.16,-1.74,12.12,0
41.29,18.33,67.89,320.46,-1.87,22.06,0
13.91,7.19,63.44,188.0,0.54,0.0,0
33.03,9.32,63.73,216.48,-1.55,12.87,0
34.95,5.75,48.79,198.17,0.44,2.08,0
57.53,31.95,64.64,310.67,19.14,44.49,0
8.08,0.24,45.63,139.04,-0.2,6.04,0
26.39,11.75,46.51,169.1,0.39,2.25,0
3.86,27.79,59.27,230.86,6.22,18.39,0
29.75,2.5,51.73,192.44,-3.07,0.03,0
39.86,0.82,47.48,279.71,0.81,10.52,0
3.67,4.91,58.69,75.19,-1.08,1.24,0
43.85,19.55,47.13,182.23,4.96,13.51,0
37.3,5.58,49.35,236.04,3.67,11.18,0
16.14,4.25,47.94,165.68,2.77,5.29,0
16.1,6.12,48.54,185.16,1.33,3.73,0
64.71,78.98,74.61,429.74,12.65,70.39,1
15.05,5.87,42.59,173.4,1.68,0.0,0
20.65,1.59,63.68,219.18,-0.34,3.15,0
26.6,11.04,45.01,293.66,3.84,8.38,0
27.67,6.69,43.03,186.56,-7.1,0.0,0
75.28,67.86,61.17,485.59,7.71,73.47,1
36.97,5.22,43.69,169.68,3.97,8.8,0
61.16,55.69,69.2,319.93,13.23,58.85,1
41.75,39.67,50.75,221.2,2.54,20.58,0
51.7,33.59,59.13,274.04,-3.36,27.24,0
39.32,9.31,65.84,267.61,5.42,20.35,0
8.23,0.5,42.97,90.01,-3.61,0.42,0
50.88,39.67,47.78,397.12,3.06,36.05,0
28.64,7.17,61.43,109.18,-5.32,0.0,0
43.26,36.5,61.73,308.25,-1.56,30.6,0
9.83,4.77,62.25,229.49,-0.7,6.59,0
67.77,61.67,60.62,363.09,1.24,59.15,1
69.76,53.66,58.62,355.09,5.5,55.09,1
18.72,2.34,44.22,171.03,-3.97,2.69,0
34.31,7.29,66.23,225.8,-0.52,13.29,0
22.43,9.06,41.82,184.35,5.07,5.66,0
49.99,19.15,57.23,278.41,3.74,19.53,0
70.64,164.02,62.81,535.73,17.55,81.27,1
13.38,4.81,47.51,103.19,3.79,4.92,0
26.18,13.47,67.09,209.04,3.44,12.37,0
53.78,19.75,62.2,383.2,2.91,39.16,0
21.88,43.91,68.09,177.87,0.63,17.11,0
28.99,5.31,56.19,124.35,-0.94,0.0,0
11.88,5.53,54.65,171.76,-0.85,0.0,0
55.07,38.9,53.56,368.16,2.63,34.54,0
32.69,35.54,55.65,180.17,2.02,15.9,0
28.02,0.0,62.7,197.6,2.3,6.26,0
36.2,2.36,59.06,237.51,4.19,11.81,0
34.56,9.14,50.77,150.8,0.55,4.32,0
48.8,39.2,51.83,326.54,4.08,22.85,0
37.92,17.15,48.69,244.19,5.69,13.96,0
38.02,17.49,55.97,234.38,0.8,11.01,0
32.44,9.06,55.42,227.48,1.79,14.64,0
21.0,7.96,45.36,181.1,8.34,13.75,0
37.37,2.73,58.39,233.15,-4.4,6.98,0
39.17,4.6,40.63,183.24,-0.1,4.42,0
16.74,9.14,58.28,159.46,-0.44,0.0,0
52.94,38.09,50.32,307.51,1.66,30.08,0
12.3,2.97,45.64,205.79,-9.29,0.0,0
22.95,18.59,65.81,222.07,-2.09,11.74,0
13.36,17.87,51.34,181.95,1.09,1.09,0
29.16,1.64,40.8,211.37,-2.3,0.0,0
59.75,45.35,56.44,269.75,-0.62,36.21,0
6.41,4.8,48.07,68.56,2.38,0.0,0
73.99,66.9,72.06,385.35,8.32,78.44,1
71.95,84.53,63.4,484.91,6.97,74.54,1
15.62,0.42,60.65,194.54,-0.18,7.05,0
7.7,5.3,55.7,144.03,-9.27,0.0,0
14.93,1.14,59.93,88.3,-1.36,0.0,0
27.82,2.22,44.49,235.91,-6.73,0.0,0
18.19,3.25,53.21,195.98,-4.62,0.0,0
17.27,10.25,56.46,239.79,-8.8,2.29,0
8.77,11.22,57.31,93.65,5.86,7.35,0
25.29,2.75,61.44,131.64,9.31,14.51,0
10.88,0.26,60.48,147.04,-0.35,3.71,0
4.84,8.89,46.84,69.66,1.78,0.0,0
32.91,19.82,62.28,275.05,-0.55,17.81,0
71.49,63.61,61.71,452.51,5.24,70.13,1
41.77,20.49,61.53,230.11,0.27,24.21,0
35.6,41.15,67.95,367.55,2.97,26.65,0
29.76,19.97,42.57,169.43,-3.66,0.0,0
36.54,15.38,58.38,159.11,-5.4,9.87,0
12.58,5.25,53.99,187.89,1.22,0.0,0
65.05,72.69,60.34,443.57,12.37,64.95,1
12.64,7.67,58.59,153.29,3.11,0.0,0
39.98,15.49,42.69,245.0,9.58,23.67,0
8.36,1.76,55.83,144.91,8.4,6.5,0
36.63,0.0,51.69,285.93,3.5,9.87,0
8.29,10.29,53.02,104.61,3.58,6.2,0
62.4,67.78,71.72,377.56,14.24,77.03,1
9.41,7.38,46.93,190.69,-3.08,1.36,0
4.99,2.29,58.7,213.51,-1.05,0.48,0
13.1,10.08,56.81,131.09,-2.91,4.14,0
16.73,32.79,58.63,143.38,-3.95,9.71,0
28.42,14.46,55.51,251.03,-2.36,7.2,0
32.66,3.36,64.36,144.78,-5.73,5.0,0
38.97,8.27,67.03,198.21,4.17,12.49,0
29.21,8.22,63.93,147.14,-3.37,5.31,0
73.13,67.82,65.33,458.05,6.63,69.58,1
19.4,0.8,39.5,109.71,-7.88,0.0,0
9.52,0.0,47.69,109.26,-1.63,0.0,0
37.49,34.74,62.33,277.49,-1.79,22.64,0
36.47,7.81,50.6,282.32,-0.84,10.84,0
37.14,10.45,52.29,245.55,-4.62,14.89,0
30.95,26.1,52.69,230.11,-4.75,18.04,0
33.01,18.13,45.54,315.83,-1.0,11.4,0
94.95,146.97,63.21,620.8,16.47,89.33,1
52.68,26.59,50.81,367.66,-14.32,24.44,0
14.87,1.57,57.27,118.37,0.18,0.0,0
26.5,9.99,43.02,221.65,2.39,8.22,0
30.43,33.89,64.78,216.56,-0.86,24.79,0
71.04,45.61,51.52,310.97,-8.66,46.77,0
24.32,13.86,65.18,276.33,1.3,11.7,0
26.24,5.28,61.59,137.13,-0.97,5.47,0
21.37,11.14,59.18,247.82,1.68,4.39,0
37.88,1.35,57.74,209.21,0.31,4.68,0
71.38,107.32,67.85,479.84,10.56,75.19,1
38.61,8.28,45.53,207.89,3.39,12.77,0
10.05,6.56,63.39,194.69,-3.15,1.32,0
44.85,26.96,68.34,299.2,5.02,30.81,0
75.67,132.87,60.09,529.89,1.43,74.95,1
10.79,0.0,58.69,162.35,8.37,7.73,0
73.88,91.64,61.88,458.06,8.06,72.87,1
40.66,6.54,49.58,267.46,-2.33,18.44,0
34.53,2.25,56.41,243.54,-4.14,8.17,0
54.44,39.01,53.56,332.69,3.65,36.79,0
25.96,5.8,58.71,215.64,9.26,12.52,0
6.42,5.11,60.39,126.14,-4.44,2.17,0
27.49,3.32,55.29,211.19,1.46,0.0,0
28.89,2.11,56.49,150.22,0.91,3.84,0
16.72,39.74,60.07,276.21,0.9,15.66,0
10.52,5.79,48.3,163.05,-0.74,0.4,0
44.14,39.73,62.62,307.48,3.56,29.91,0
62.98,70.95,66.98,430.05,10.09,64.25,1
29.97,5.04,42.46,205.92,5.22,4.55,0
31.85,0.9,53.61,152.51,-2.71,4.62,0
26.36,9.6,49.75,168.76,-4.11,0.0,0
10.26,4.4,62.06,201.95,-1.69,8.92,0
72.63,68.41,56.88,428.93,4.54,62.92,1
17.79,16.79,62.18,161.94,-3.94,5.07,0
66.85,44.17,56.62,322.0,2.91,48.66,0
36.86,1.58,47.52,232.26,-2.46,7.47,0
41.75,32.99,45.08,252.96,1.16,20.46,0
51.44,16.83,56.99,243.32,8.45,33.51,0
23.13,17.12,65.8,151.58,-1.67,8.77,0
8.43,22.24,60.28,231.42,3.55,16.47,0
11.86,3.56,51.43,150.71,-5.51,0.0,0
56.26,25.99,52.57,296.64,-4.45,30.12,0
69.36,70.55,61.7,479.84,4.47,61.94,1
22.9,5.13,52.25,201.72,0.59,3.62,0
94.0,84.03,56.96,449.14,-1.95,68.21,1
10.09,9.3,51.92,170.59,-1.01,0.0,0
15.23,0.0,54.81,208.61,2.83,6.09,0
10.3,3.46,52.08,220.79,-1.38,0.78,0
51.04,35.58,47.05,312.05,-1.12,27.51,0
37.63,4.64,66.19,211.15,7.17,17.28,0
33.94,14.7,49.65,239.2,8.59,23.52,0
75.34,78.09,63.97,418.66,7.8,68.97,1
18.6,2.74,58.98,207.44,-0.55,3.6,0
62.46,62.29,67.72,368.7,14.5,67.92,1
72.37,79.86,72.82,405.49,14.44,79.8,1
70.68,107.98,61.65,448.75,5.3,73.83,1
12.54,2.46,56.23,147.22,5.5,6.53,0
67.56,56.91,65.04,459.75,7.62,57.23,1
24.76,9.61,61.3,260.51,5.06,12.11,0
14.96,2.75,45.59,229.15,7.16,6.31,0
23.26,9.33,64.16,111.84,5.29,12.65,0
19.82,2.89,45.43,175.96,1.12,0.0,0
68.58,48.21,56.28,419.82,-3.64,44.68,0
37.11,12.6,59.34,201.22,-3.24,14.73,0
16.85,6.77,53.62,149.44,1.6,2.36,0
17.15,4.1,44.68,195.06,7.07,11.07,0
40.59,17.46,55.74,183.88,7.43,22.68,0
30.31,1.92,44.09,191.52,-1.76,9.26,0
10.39,0.0,45.42,116.7,0.43,0.0,0
9.57,11.9,55.6,153.4,-4.45,3.13,0
47.36,46.03,50.01,290.8,-0.38,27.97,0
28.1,4.32,53.46,266.64,0.26,5.15,0
15.43,13.32,59.74,209.12,2.83,9.36,0
71.44,47.85,68.39,408.37,7.29,62.41,1
59.55,45.55,73.09,374.21,5.01,52.16,1
36.24,0.13,53.1,196.81,3.77,6.92,0
71.4,76.91,59.88,471.26,7.06,66.86,1
39.9,20.25,50.07,294.77,-3.68,16.49,0
11.0,10.79,43.36,177.24,-0.27,5.31,0
34.77,12.2,67.26,247.64,-1.37,15.03,0
14.2,3.37,49.8,210.09,3.45,5.39,0
7.59,4.01,41.97,175.2,0.87,0.52,0
61.59,58.71,49.59,338.88,5.42,47.05,0
31.6,3.74,56.46,179.57,4.97,6.5,0
37.6,12.61,47.89,213.32,4.81,16.78,0
2.78,0.0,58.82,90.83,0.15,0.0,0
39.52,42.5,63.7,303.65,0.56,26.84,0
13.32,15.23,53.19,157.96,-0.49,0.0,0
35.95,6.91,50.69,265.84,5.85,14.02,0
43.62,19.47,50.05,226.48,0.46,17.32,0
52.43,31.92,50.72,279.69,-4.84,34.25,0
14.36,8.08,52.2,239.27,-1.52,3.41,0
20.43,13.43,54.77,260.66,6.22,14.66,0
24.38,8.31,65.8,192.91,3.16,2.69,0
37.47,2.82,47.14,288.86,0.14,9.86,0
5.04,2.95,47.47,165.88,6.11,7.53,0
9.84,5.18,57.3,139.05,6.67,2.69,0
48.18,32.28,43.72,261.12,0.16,19.44,0
28.33,14.22,50.59,239.82,2.31,10.9,0
73.78,82.45,71.57,391.43,1.88,69.43,1
29.37,5.61,43.77,207.62,-7.42,0.0,0
31.68,3.85,57.03,217.83,8.27,12.4,0
6.93,22.75,56.43,177.42,-0.33,4.71,0
76.0,86.96,72.77,486.23,-4.35,69.03,1
18.62,19.78,52.59,233.58,-7.46,5.98,0
8.36,2.03,44.18,144.57,-4.99,1.25,0
75.61,74.56,65.96,375.97,9.94,72.76,1
17.93,15.28,42.05,231.99,0.33,3.86,0
52.46,22.58,46.42,356.04,0.56,36.78,0
37.62,0.0,57.43,224.29,-4.11,5.37,0
41.89,42.95,62.19,218.24,3.24,31.89,0
31.82,3.01,54.9,217.94,7.7,16.1,0
28.84,9.08,43.59,255.87,7.61,9.2,0
30.56,15.41,53.88,256.39,3.18,14.39,0
29.29,0.0,48.87,241.06,-3.87,0.0,0
58.24,83.44,66.17,344.57,7.23,48.58,0
57.83,41.18,52.02,393.97,-6.4,40.8,0
33.62,14.27,58.58,249.85,-3.79,12.55,0
14.52,11.1,63.72,257.66,2.18,15.29,0
36.41,2.75,62.06,246.92,4.73,15.61,0
39.96,28.29,46.72,270.93,2.26,17.05,0
36.71,5.27,59.17,227.54,-2.6,8.24,0
34.94,2.55,60.2,259.12,-5.9,10.41,0
43.3,27.7,60.19,220.66,2.47,28.29,0
38.46,42.27,47.84,254.54,-6.13,18.92,0
8.82,19.69,64.8,129.52,-6.58,5.52,0
20.57,1.68,56.23,118.96,-3.6,1.46,0
15.36,8.92,59.84,136.66,0.82,0.0,0
18.54,6.98,51.9,181.91,3.56,3.06,0
4.07,0.0,64.4,179.2,1.43,2.28,0
40.62,32.29,48.06,228.14,9.83,33.64,0
16.31,20.09,61.75,170.52,2.76,19.12,0
6.31,0.0,59.76,75.51,-0.51,0.0,0
31.69,17.41,58.54,297.01,-0.39,14.4,0
30.29,3.74,61.0,199.46,-2.53,17.5,0
7.28,3.21,63.08,186.38,-1.49,5.4,0
11.81,0.83,56.29,218.23,-1.73,3.86,0
14.31,4.85,37.28,118.1,-1.09,0.04,0
34.85,10.98,55.9,275.37,-2.51,11.8,0
18.09,12.18,64.64,233.73,0.51,6.79,0
18.61,0.0,54.91,94.02,2.83,0.0,0
36.91,0.45,55.2,246.71,-3.89,9.73,0
33.73,36.74,60.11,219.7,-0.12,23.55,0
56.34,63.85,52.69,420.41,-9.86,38.03,0
24.18,0.0,52.61,197.17,0.75,5.12,0
13.97,2.89,55.06,227.05,2.29,7.6,0
26.76,47.21,58.47,316.79,4.22,21.57,0
37.78,0.0,53.04,234.2,0.53,8.93,0
26.12,2.53,53.11,83.21,-1.23,0.0,0
9.8,2.17,39.54,95.06,-3.38,0.0,0
56.92,37.6,59.01,285.85,6.85,34.59,0
71.21,81.14,70.32,381.58,8.57,75.23,1
55.85,49.12,47.6,275.61,4.57,37.12,0
35.45,0.0,62.03,158.73,-7.79,5.45,0
50.35,36.22,59.84,310.24,12.09,36.68,0
54.0,41.29,56.49,290.97,1.05,39.12,0
55.86,45.69,53.89,303.21,-0.88,39.34,0
43.02,26.87,58.08,275.73,4.97,26.73,0
7.52,0.86,46.61,108.56,4.99,5.17,0
53.0,43.56,58.71,305.09,1.42,40.08,0
18.95,9.09,56.88,145.82,5.48,0.98,0
54.92,38.34,53.82,316.31,1.12,31.76,0
70.58,60.6,68.04,428.73,7.74,66.29,1
55.66,39.4,67.08,353.77,-2.18,34.76,0
50.79,46.1,63.02,343.76,0.31,38.16,0
13.69,11.09,47.39,142.01,-2.08,6.83,0
15.51,0.41,59.15,98.02,-0.94,0.0,0
66.04,86.19,68.16,405.84,6.29,61.78,1
11.18,6.79,52.08,102.05,-3.05,0.0,0
45.89,27.02,48.27,237.15,-6.19,17.18,0
30.32,7.21,60.42,183.13,-7.35,7.3,0
38.84,23.81,59.16,194.63,5.8,21.18,0
45.67,42.94,65.07,330.68,7.07,37.95,0
5.16,5.24,46.48,138.64,3.25,0.06,0
6.71,4.7,43.31,49.11,2.1,3.63,0
51.29,16.45,48.35,289.37,-1.01,27.2,0
64.05,55.14,61.0,371.77,8.23,60.09,1
26.44,9.92,45.56,238.81,6.4,7.24,0
15.73,8.3,59.14,128.41,-6.58,0.0,0
16.19,0.65,53.59,256.39,-3.28,2.49,0
43.54,16.65,48.96,253.4,1.15,18.9,0
37.34,25.61,49.56,270.45,-5.42,12.53,0
56.42,24.73,55.16,254.0,1.06,32.51,0
9.26,0.93,54.81,106.44,1.05,0.0,0
49.63,45.15,67.34,272.27,-3.74,34.53,0
77.75,121.16,57.96,529.68,6.17,74.83,1
10.87,20.47,53.09,192.08,10.98,13.71,0
17.67,0.0,41.97,169.94,-0.16,0.0,0
35.94,13.19,67.73,279.2,-4.49,19.55,0
17.8,2.37,57.87,104.48,4.03,5.73,0
10.0,1.52,47.16,145.13,1.94,0.0,0
9.49,0.0,46.89,180.54,-4.19,1.44,0
11.33,12.35,64.15,190.98,1.94,10.17,0
72.33,54.31,57.93,438.69,0.04,57.78,1
13.41,2.3,45.71,131.61,-2.28,0.0,0
18.52,30.3,41.58,188.31,-5.35,5.34,0
31.72,1.07,56.61,232.31,-9.32,1.05,0
21.25,2.79,63.44,223.34,-4.12,6.87,0
33.7,3.4,44.78,128.79,0.94,6.81,0
55.68,68.58,61.08,367.5,2.08,46.85,0
34.98,15.83,57.84,210.89,2.83,13.86,0
37.18,1.35,42.92,202.31,0.9,9.99,0
53.12,18.33,54.93,261.65,5.31,30.06,0
90.61,122.66,74.13,504.95,1.39,84.87,1
23.27,3.06,60.29,259.89,-1.45,4.67,0
24.18,3.34,59.32,183.53,-0.84,0.0,0
90.7,114.38,74.9,499.83,4.74,78.18,1
58.6,76.13,61.7,377.04,0.6,48.15,0
25.93,1.7,59.6,197.42,-4.75,0.0,0
23.45,0.23,38.36,170.82,0.79,4.24,0
12.25,6.73,56.1,188.21,-3.06,5.03,0
31.47,4.97,46.23,239.19,1.54,12.42,0
19.1,0.0,63.01,180.02,-0.48,4.64,0
33.14,0.0,38.73,240.68,1.79,10.02,0
72.54,54.46,50.57,416.15,7.91,61.77,1
7.5,4.65,63.98,134.68,-9.56,1.17,0
66.77,83.48,51.67,502.47,2.41,57.74,1
93.33,90.27,61.06,545.0,5.07,76.57,1
9.64,19.95,49.58,191.12,-6.35,0.0,0
5.45,4.58,41.12,137.19,0.44,0.0,0
62.82,74.22,58.87,418.46,1.52,50.53,1
10.93,2.84,49.27,86.96,4.77,3.83,0
38.65,26.94,60.3,281.35,-6.15,18.17,0
93.33,130.34,59.28,601.77,11.19,84.25,1
80.28,85.51,63.83,434.96,4.12,72.15,1
11.19,9.61,60.9,214.09,-0.31,4.3,0
40.78,40.34,45.19,317.07,8.76,36.65,0
52.24,38.24,54.28,372.51,-0.73,34.05,0
51.99,19.39,45.81,214.96,5.17,29.89,0
21.36,4.15,53.92,200.75,-1.62,1.2,0
17.98,6.69,59.24,204.0,-4.97,5.52,0
38.52,14.86,47.09,266.9,-2.55,14.64,0
70.78,51.84,55.19,440.27,-3.51,55.36,1
9.46,1.76,53.67,201.15,4.53,2.53,0
37.76,7.25,47.16,270.64,-1.0,6.79,0
43.03,28.95,64.84,219.27,7.98,32.81,0
34.51,2.79,48.05,292.93,6.57,16.92,0
19.35,0.0,54.6,121.74,-6.77,0.0,0
53.99,85.52,53.15,421.72,2.43,46.57,0
27.86,6.25,53.29,115.54,1.24,1.65,0
26.89,16.18,46.0,223.24,-6.98,2.68,0
7.77,4.33,44.98,156.02,1.1,0.0,0
14.31,3.21,55.81,226.77,-1.44,6.52,0
8.23,5.74,55.49,111.42,-0.4,0.0,0
33.23,1.64,62.76,168.82,3.38,11.63,0
21.82,16.43,42.88,197.95,-2.62,5.11,0
17.9,24.55,57.81,234.85,1.03,8.97,0
7.24,4.8,56.95,112.13,-12.4,0.0,0
13.53,10.59,60.58,148.72,3.91,8.04,0
31.2,16.37,53.4,224.42,-10.01,9.67,0
57.73,22.43,67.87,306.21,-2.74,33.61,0
50.6,26.52,58.49,244.96,15.3,41.08,0
30.18,2.58,62.38,223.68,-7.56,7.46,0
19.92,7.76,58.91,144.22,2.43,0.0,0
57.3,70.56,65.95,292.25,5.94,54.54,1
51.96,32.37,62.82,313.48,8.0,45.42,0
12.62,8.87,58.66,211.77,1.46,5.64,0
22.43,1.62,62.33,148.0,-2.55,1.87,0
72.68,60.19,51.33,329.87,14.89,67.48,1
24.41,15.12,47.61,158.08,0.5,5.13,0
33.14,0.0,51.74,162.82,-1.2,9.45,0
39.02,5.27,42.03,179.52,-6.23,0.0,0
27.67,2.24,61.54,143.16,-1.92,3.18,0
19.54,3.0,38.34,180.91,6.2,1.91,0
72.94,119.37,66.86,480.04,5.03,76.32,1
38.5,15.01,55.63,298.37,-0.47,9.07,0
36.35,14.2,63.68,209.01,-6.14,12.34,0
67.46,47.33,64.55,389.06,1.86,55.39,1
59.79,69.24,65.58,411.02,4.86,50.69,1
65.93,86.67,59.52,515.71,0.65,56.58,1
11.54,11.65,44.9,122.13,6.14,12.26,0
11.47,2.16,63.06,203.54,-6.47,1.98,0
9.05,11.48,57.71,198.54,-2.96,1.63,0
20.01,5.01,42.59,132.25,-0.89,0.16,0
46.52,25.28,47.18,325.3,-1.96,23.02,0
53.44,34.18,46.99,313.93,0.5,29.35,0
33.75,0.05,54.92,266.42,2.9,12.74,0
10.14,7.36,56.52,147.86,-5.56,0.0,0
17.07,1.51,43.14,247.76,-0.29,3.89,0
19.01,28.63,49.29,220.74,0.55,9.91,0
7.88,2.0,56.05,124.35,-1.24,0.0,0
52.46,37.97,49.99,379.32,5.16,41.78,0
51.39,44.99,56.18,320.89,-10.72,29.02,0
17.95,0.09,61.48,129.79,0.44,8.03,0
22.73,1.23,45.08,110.01,-0.33,0.0,0
74.34,65.37,48.61,460.09,6.59,66.39,1
58.37,62.36,62.86,445.55,9.67,55.78,1
7.82,3.54,46.23,119.45,0.55,2.4,0
9.14,4.41,40.37,148.04,1.78,0.0,0
24.2,10.48,41.98,154.48,3.77,7.12,0
35.31,2.78,61.87,251.69,9.6,21.04,0
14.96,2.16,43.71,199.49,-1.77,3.39,0
32.59,31.31,65.96,270.19,4.9,22.0,0
13.29,11.45,54.55,156.52,-5.15,0.0,0
71.71,91.68,68.14,471.55,6.72,66.59,1
63.23,63.2,69.18,454.88,3.2,63.36,1
45.13,35.47,51.53,200.4,1.98,23.42,0
30.85,3.29,64.84,231.41,-1.21,11.88,0
14.87,12.94,47.97,175.73,-0.88,0.61,0
22.99,5.06,55.55,275.93,7.47,11.45,0
35.89,9.55,61.8,197.6,9.64,21.76,0
14.68,2.67,44.63,119.53,4.88,4.29,0
14.48,4.46,50.46,110.72,2.01,1.8,0
36.22,29.83,69.17,188.92,-4.59,18.36,0
39.2,0.0,60.46,193.77,-3.29,8.66,0
33.32,4.6,59.04,236.96,2.92,12.27,0
53.88,43.05,46.07,326.66,-5.49,33.15,0
49.39,39.51,49.67,302.66,1.57,25.16,0
48.49,27.07,43.62,329.44,1.2,21.01,0
42.11,25.42,54.68,303.08,-1.03,23.8,0
24.43,12.17,55.23,237.63,4.99,7.73,0
64.29,41.32,45.26,319.98,0.68,46.51,0
71.52,55.75,66.52,441.05,4.31,63.11,1
61.67,56.65,70.74,280.7,12.8,63.04,1
19.27,0.0,65.28,121.13,7.89,3.7,0
7.77,23.63,50.35,141.7,6.05,13.36,0
16.02,20.07,47.9,195.17,2.11,10.55,0
25.68,28.0,62.96,192.54,-1.66,16.0,0
70.89,78.07,73.99,412.9,7.12,71.44,1
10.04,0.0,42.01,238.24,2.57,4.07,0
37.51,45.3,57.59,240.47,-10.47,16.76,0
35.73,19.48,59.79,190.19,7.56,13.42,0
26.36,0.31,42.61,246.69,-7.11,1.96,0
6.71,35.82,65.31,219.69,-6.52,5.87,0
56.58,59.99,61.54,351.71,9.25,55.98,1
38.63,15.0,45.7,237.16,0.68,19.42,0
23.99,5.46,64.42,201.19,0.74,8.81,0
35.93,6.05,50.6,262.96,1.99,9.98,0
52.82,20.32,55.52,256.32,2.37,27.61,0
6.44,22.1,61.15,123.18,-0.78,10.93,0
37.92,32.92,64.49,275.83,2.21,26.35,0
73.72,91.42,61.51,424.76,4.03,67.83,1
7.99,4.03,55.83,188.24,-10.01,0.0,0
52.17,28.21,44.38,279.43,-0.04,29.51,0
57.53,73.49,57.24,388.0,7.07,53.09,1
14.39,0.0,47.45,159.97,-0.37,0.0,0
50.69,29.33,47.44,347.12,0.31,32.35,0
7.98,22.7,50.0,217.41,-11.05,5.62,0
37.04,15.39,55.62,165.82,-6.46,8.84,0
11.08,19.96,55.87,230.05,0.81,2.77,0
62.99,82.8,53.77,434.39,8.25,61.62,1
46.19,37.85,57.71,312.85,-8.35,14.74,0
45.2,36.68,49.53,319.57,0.85,23.88,0
64.54,78.26,59.25,363.52,4.92,55.02,1
36.68,20.76,56.52,255.42,-3.39,19.3,0
23.74,1.3,49.31,216.88,-0.84,0.0,0
19.02,14.71,57.94,154.95,-0.12,5.21,0
16.32,3.85,40.52,145.94,0.94,0.0,0
9.81,0.0,49.56,226.98,-2.76,2.89,0
23.77,5.98,57.94,251.31,1.29,0.59,0
17.62,0.71,41.06,240.9,-1.47,2.48,0
69.76,70.49,69.92,404.0,12.11,64.69,1
35.91,10.79,52.3,151.89,1.74,15.02,0
87.07,179.58,69.26,653.87,11.87,86.76,1
10.95,4.78,59.75,106.27,0.66,0.0,0
34.53,0.49,63.39,227.98,-1.92,16.51,0
60.01,78.77,55.8,340.89,-3.34,54.06,1
67.79,50.97,58.91,413.89,10.18,58.98,1
42.6,23.38,55.94,342.17,3.35,23.41,0
30.56,6.2,49.54,198.92,-1.32,1.67,0
30.21,2.6,51.75,134.68,7.54,6.23,0
36.19,2.86,56.41,271.93,-5.67,7.23,0
73.28,80.84,69.91,370.38,12.71,73.18,1
27.9,0.0,57.84,123.04,6.43,8.56,0
35.99,1.57,48.61,218.26,-1.38,9.88,0
38.95,4.52,54.81,311.11,-1.35,13.13,0
35.72,8.62,39.5,157.41,-10.44,0.0,0
54.63,40.61,50.07,330.39,7.94,38.55,0
31.88,2.13,47.15,272.45,-3.5,12.11,0
22.03,8.84,47.3,228.32,2.69,2.83,0
21.42,6.45,59.26,192.58,0.18,0.0,0
59.02,54.01,62.22,390.56,-4.69,42.78,0
11.88,0.0,39.41,161.05,4.81,1.46,0
35.7,3.07,63.45,262.52,3.33,17.52,0
57.18,86.85,63.41,438.34,5.91,55.24,1
53.2,54.0,59.8,410.86,0.62,41.1,0
21.66,2.94,48.35,218.24,-2.04,4.87,0
41.21,24.59,64.78,267.03,-5.25,22.88,0
18.2,36.15,48.79,197.71,-0.48,6.9,0
17.41,4.26,44.48,172.3,-5.26,0.0,0
38.63,20.93,48.1,168.58,-3.63,16.3,0
17.1,6.73,48.48,258.0,-6.08,0.0,0
39.31,42.54,63.9,357.72,-3.88,29.65,0
29.59,1.78,43.21,174.39,-7.15,0.0,0
68.09,56.29,61.58,437.17,10.48,59.4,1
35.77,9.62,45.42,189.92,-5.38,2.89,0
50.51,17.35,43.4,297.08,-3.02,24.71,0
35.0,0.0,62.34,149.47,7.66,12.01,0
64.19,44.47,47.97,277.35,-4.81,40.13,0
63.2,67.93,53.04,437.08,1.75,56.74,1
32.73,9.28,44.44,184.11,1.46,0.0,0
27.68,28.3,59.27,289.81,0.85,15.03,0
44.45,33.71,43.67,297.02,-1.31,25.61,0
46.92,28.69,62.49,283.84,1.64,28.36,0
38.0,12.32,54.5,189.79,-4.48,10.37,0
37.83,38.6,55.33,237.6,-0.08,20.24,0
16.16,19.27,59.74,122.19,-2.18,2.38,0
20.72,0.0,56.09,225.88,0.6,0.09,0
39.53,1.35,46.59,294.9,1.1,7.7,0
82.41,120.88,76.84,521.16,3.63,85.62,1
25.89,13.03,50.43,260.09,11.43,18.39,0
55.94,30.59,62.68,363.33,-0.53,39.47,0
46.05,25.38,56.31,198.35,4.72,24.18,0
13.21,7.83,49.7,134.79,-6.64,0.0,0
53.03,18.99,65.34,337.45,3.62,25.3,0
51.21,15.29,49.79,330.29,2.07,25.71,0
31.14,4.33,47.15,237.4,-4.51,6.54,0
9.58,2.7,49.92,123.05,-3.05,3.34,0
11.87,0.34,39.67,182.12,-1.19,0.0,0
21.51,6.41,48.37,195.85,1.46,1.78,0
86.06,173.14,78.78,638.29,0.83,86.87,1
21.75,3.21,44.01,206.68,13.43,10.73,0
34.05,11.34,44.15,162.19,8.8,15.5,0
20.28,13.97,39.73,222.98,-2.11,8.01,0
70.93,62.11,70.82,357.78,5.99,73.11,1
41.47,13.61,44.52,183.85,7.12,22.59,0
39.7,34.07,63.84,184.62,5.41,22.61,0
27.22,14.05,55.31,141.58,6.82,8.83,0
10.98,5.52,45.71,121.51,-11.28,0.0,0
44.55,39.62,46.14,284.49,1.3,19.82,0
50.98,31.07,57.08,248.17,-2.74,30.8,0
16.56,0.0,44.22,147.54,4.95,0.0,0
7.77,0.0,56.49,98.4,1.62,0.43,0
55.77,76.49,71.34,372.89,6.67,57.78,1
10.71,2.93,51.7,113.28,5.62,6.29,0
28.52,26.85,47.46,164.13,-1.75,6.53,0
18.17,2.89,49.46,218.3,-2.67,6.13,0
14.21,1.91,45.21,192.06,3.9,0.0,0
28.34,7.3,52.06,255.89,2.99,0.33,0
57.07,86.63,63.9,369.29,11.36,56.67,1
46.73,33.25,56.31,344.98,-0.77,22.44,0
48.64,42.99,66.98,346.3,-7.79,26.85,0
19.15,6.04,54.5,270.84,-6.01,0.0,0
52.36,42.43,58.47,344.46,-4.64,36.17,0
19.38,1.66,47.51,177.41,-0.13,1.71,0
57.21,25.01,56.83,385.39,2.34,33.55,0
62.87,76.09,62.35,435.59,2.07,59.66,1
43.88,36.5,62.94,223.76,-2.47,24.98,0
33.61,26.51,44.76,309.21,-10.93,12.21,0
23.01,0.03,45.26,160.87,-3.17,0.0,0
22.83,2.52,39.74,226.86,-1.83,6.86,0
69.58,53.26,62.84,403.18,8.37,55.23,1
24.31,10.98,42.44,154.76,5.78,4.58,0
24.74,3.95,44.37,226.44,1.8,9.33,0
20.09,0.94,43.26,176.85,0.63,0.0,0
93.52,169.43,65.72,616.75,-4.21,79.86,1
35.77,3.45,47.44,167.63,-3.61,5.95,0
33.75,21.78,60.27,290.67,-3.82,18.35,0
71.23,42.99,60.25,388.57,7.84,67.46,1
71.94,89.59,76.85,447.28,2.8,75.58,1
33.23,6.27,58.84,180.3,-3.05,7.53,0
57.53,40.9,51.96,368.92,6.96,41.31,0
63.46,84.07,61.58,437.24,5.56,64.19,1
28.51,2.45,55.44,216.08,3.31,3.24,0
17.36,3.68,54.29,194.38,-0.41,0.0,0
63.74,70.91,68.18,361.98,6.78,61.61,1
57.41,69.78,58.64,428.88,15.31,55.8,1
67.91,45.66,68.25,410.27,8.47,60.65,1
17.96,13.27,54.59,119.73,10.38,12.3,0
10.43,3.2,43.25,180.13,-2.27,0.0,0
56.54,37.13,58.08,288.46,3.04,31.19,0
10.77,5.29,52.41,145.19,5.28,7.41,0
39.53,39.94,58.31,350.28,-5.27,12.35,0
39.61,41.95,57.46,342.63,9.57,32.24,0
27.19,11.32,60.17,271.16,-0.06,10.63,0
14.18,4.81,41.35,212.75,-0.76,3.26,0
75.07,110.68,69.21,454.42,6.34,76.51,1
35.46,6.47,44.31,271.87,5.55,14.39,0
25.81,6.19,58.38,149.14,-6.44,0.0,0
64.96,82.46,73.01,467.96,0.59,59.81,1
38.86,5.19,44.63,206.0,2.64,11.21,0
12.66,0.12,59.81,178.41,-1.92,1.92,0
32.31,2.09,54.06,243.18,-4.83,11.28,0
24.57,0.0,47.38,229.03,-5.86,0.0,0
40.26,0.0,54.15,217.39,0.78,19.46,0
16.03,5.22,47.23,226.5,-1.63,4.3,0
39.88,35.73,47.25,241.36,-3.95,12.64,0
8.92,0.34,51.31,194.92,1.06,0.0,0
6.47,13.36,56.75,114.81,0.25,3.52,0
23.93,18.14,49.42,210.79,7.1,10.85,0
37.84,7.72,49.51,170.6,3.09,7.44,0
41.88,29.22,47.02,298.66,-1.95,22.34,0
28.7,2.48,58.85,159.74,1.86,0.0,0
29.96,1.12,54.99,111.34,3.49,2.53,0
19.69,5.17,41.18,215.48,2.53,3.3,0
19.97,1.33,63.97,185.43,5.12,8.58,0
43.44,42.76,62.76,227.11,-2.33,25.82,0
16.39,0.0,44.87,170.9,-1.33,0.0,0
35.06,37.14,68.29,194.27,6.73,19.27,0
55.99,34.55,57.42,383.05,-4.88,33.9,0
38.5,1.82,59.52,231.29,7.41,13.63,0
11.01,20.43,57.14,248.41,-0.41,8.01,0
37.16,10.87,46.19,216.03,5.88,21.71,0
26.98,6.64,56.43,161.89,-7.88,0.0,0
83.48,173.5,86.73,636.18,17.76,93.33,1
35.68,3.5,56.0,241.4,-9.34,8.64,0
72.6,171.81,66.61,504.4,-5.09,68.19,1
48.16,24.83,61.24,345.59,2.05,29.65,0
9.65,7.42,53.13,247.16,-0.63,0.96,0
7.03,0.0,39.13,184.98,5.66,2.58,0
68.13,81.2,61.14,435.08,3.41,54.9,1
70.98,40.4,49.54,378.97,3.62,58.9,1
10.91,0.0,42.39,81.25,-6.22,0.0,0
43.84,44.44,64.66,236.59,2.67,40.78,0
11.42,16.58,58.68,98.26,4.46,3.83,0
13.2,5.03,51.75,78.28,-11.05,0.0,0
14.2,0.0,47.49,124.86,3.88,4.07,0
7.63,6.69,60.11,171.82,-10.71,0.28,0
55.43,45.36,56.37,273.73,-2.96,40.41,0
54.1,28.42,61.21,294.2,2.3,34.59,0
17.53,6.91,51.51,134.51,-1.57,0.69,0
46.63,27.17,50.43,374.99,-0.36,24.64,0
45.88,41.75,70.38,266.8,-3.94,33.27,0
29.17,3.85,59.42,273.68,4.51,3.44,0
25.42,0.88,58.98,272.3,2.13,9.02,0
51.19,30.86,62.74,299.58,5.93,39.47,0
24.47,1.9,42.66,127.71,2.96,6.96,0
36.9,3.9,62.84,266.19,1.33,14.53,0
14.33,0.0,48.41,142.44,-2.14,0.0,0
22.72,0.0,52.35,148.3,0.18,2.09,0
36.24,15.92,59.42,200.84,2.95,16.86,0
53.03,18.93,42.63,344.12,-2.9,27.16,0
28.07,8.1,41.83,185.36,1.87,1.48,0
6.39,9.2,48.8,192.55,4.73,6.44,0
5.47,0.83,47.36,117.25,-1.01,0.0,0
26.28,9.28,65.03,150.69,1.07,3.38,0
9.68,2.37,41.67,187.18,-0.19,0.0,0
13.03,9.66,48.24,238.3,1.88,2.41,0
23.82,3.54,55.65,265.75,-1.08,3.54,0
52.76,21.91,52.81,286.99,1.19,30.96,0
3.55,2.14,58.96,152.82,2.56,2.86,0
71.53,43.88,49.63,427.43,-1.12,57.52,1
28.84,1.24,56.89,255.84,-2.64,1.19,0
67.21,83.39,64.54,390.49,4.31,59.89,1
37.39,8.4,58.61,276.71,0.68,7.16,0
41.56,37.56,55.18,299.3,-6.59,16.16,0
30.25,72.01,59.76,316.39,9.79,37.69,0
60.81,79.16,69.38,341.47,4.53,58.73,1
26.39,4.75,54.72,191.89,-6.89,0.0,0
38.42,25.49,67.53,247.1,8.09,31.99,0
76.07,51.42,53.0,333.91,12.01,61.19,1
57.94,35.32,47.15,397.46,11.66,42.22,0
16.37,10.09,56.96,239.49,7.88,11.29,0
64.72,38.52,68.43,276.86,-1.51,44.55,0
38.53,24.88,53.31,319.27,-2.77,15.71,0
23.7,5.83,62.17,158.05,-6.82,0.0,0
8.7,0.89,52.53,176.04,2.89,1.2,0
20.53,4.49,42.4,153.4,-9.96,0.0,0
44.34,18.94,66.48,314.96,1.76,23.04,0
24.75,5.6,48.0,113.7,-10.89,0.0,0
35.75,8.36,58.12,197.62,2.86,8.28,0
31.95,53.08,62.89,250.52,8.75,34.23,0
21.29,0.05,43.65,205.06,-6.77,0.0,0
68.76,47.3,45.88,335.6,6.43,44.69,0
73.45,101.76,68.84,539.3,7.14,72.55,1
29.93,33.82,48.99,219.19,3.6,15.94,0
34.01,16.18,49.6,277.74,-0.01,12.81,0
23.35,1.86,61.31,223.75,-14.01,1.44,0
23.97,25.82,48.88,276.58,1.13,16.52,0
20.17,6.15,65.36,234.69,-8.95,6.4,0
10.28,6.95,45.47,141.53,-4.2,2.14,0
63.88,73.76,58.16,400.14,4.15,56.2,1
64.91,62.28,65.9,354.24,9.88,66.11,1
36.52,6.5,65.52,194.98,-2.15,7.03,0
53.71,27.61,56.68,251.47,-0.86,27.5,0
6.47,12.99,60.57,150.79,-2.55,7.5,0
18.99,21.46,55.36,232.78,4.14,11.37,0
48.08,34.24,61.89,247.59,3.33,25.65,0
57.58,58.93,52.61,444.3,5.53,48.71,0
67.45,64.02,68.12,420.15,16.3,66.15,1
36.96,20.33,57.86,210.31,-0.28,13.48,0
6.95,0.33,56.92,183.27,3.29,1.98,0
57.36,41.43,60.71,280.13,10.12,48.4,0
19.54,8.04,60.66,188.8,-1.72,5.02,0
63.9,56.21,60.05,357.06,3.0,51.24,1
68.28,61.67,63.68,360.17,5.86,61.53,1
93.33,109.36,70.63,618.13,-3.1,81.24,1
33.35,6.29,63.37,279.98,-4.19,11.96,0
60.02,31.21,55.7,248.33,8.52,48.08,0
33.19,12.33,58.95,236.2,0.54,16.47,0
20.35,3.49,44.91,256.45,-8.2,0.17,0
41.47,48.54,63.48,237.86,2.53,33.33,0
23.73,0.0,50.89,137.79,-3.3,0.0,0
2.55,0.0,45.28,108.05,-2.14,1.26,0
66.5,58.1,56.42,408.0,7.56,52.4,1
55.81,31.7,63.49,228.42,1.1,37.21,0
60.42,21.06,49.36,385.22,-14.83,39.16,0
74.45,48.62,50.62,431.52,2.18,61.24,1
42.17,33.38,56.38,314.41,-2.57,26.01,0
9.42,0.0,61.97,119.27,-2.06,7.38,0
10.99,1.45,53.77,155.94,4.17,3.96,0
27.77,10.35,54.61,259.78,-0.33,4.21,0
22.43,6.76,56.69,212.73,1.66,4.26,0
52.89,18.83,50.82,253.79,1.04,25.1,0
8.46,9.53,63.7,199.5,-2.43,2.46,0
57.74,43.19,55.6,305.93,8.63,46.25,0
16.97,0.0,53.34,125.95,9.87,7.55,0
32.62,14.72,42.42,228.88,3.72,17.09,0
64.5,82.4,68.44,419.74,8.18,67.85,1
13.06,25.04,69.21,164.95,0.31,12.36,0
69.91,44.27,51.66,439.79,4.5,49.82,0
10.1,9.13,61.79,208.53,-9.68,0.0,0
31.42,3.38,59.27,275.96,-3.04,7.18,0
52.81,16.4,54.72,257.36,-4.28,27.99,0
22.85,2.89,59.45,242.0,-0.34,7.33,0
78.28,133.34,76.67,517.79,7.0,80.7,1
40.83,17.3,45.38,286.4,-1.13,22.13,0
48.64,30.45,61.81,245.85,11.32,32.17,0
66.58,51.21,59.24,396.26,0.81,47.14,0
22.65,2.96,45.11,212.29,1.68,4.85,0
22.92,11.09,62.51,129.64,-6.23,3.47,0
29.16,11.09,43.75,171.34,5.73,14.44,0
19.68,15.99,48.0,235.72,2.4,9.51,0
20.71,9.35,42.88,132.49,-2.47,1.38,0
9.36,7.05,46.16,132.43,6.55,5.42,0
63.02,73.83,66.51,368.72,7.32,64.99,1
20.27,8.9,50.31,152.06,6.51,5.95,0
7.88,17.15,47.17,130.49,-1.29,2.51,0
26.87,0.0,41.46,241.6,-2.24,4.08,0
35.28,6.04,41.66,232.14,1.17,3.94,0
59.02,80.54,60.64,342.95,7.5,54.34,1
9.5,12.16,54.06,213.19,-2.66,5.82,0
52.53,28.04,67.59,254.87,3.81,36.79,0
34.45,0.18,52.67,228.05,-0.6,11.13,0
36.13,18.21,45.78,196.13,-6.82,5.77,0
19.59,7.75,62.58,218.28,1.28,3.59,0
61.96,41.02,49.35,406.2,5.66,53.65,1
5.31,16.05,65.51,209.06,1.96,10.34,0
37.63,10.84,53.48,157.31,5.27,13.16,0
68.36,84.13,58.1,460.26,17.4,65.12,1
39.11,37.11,61.84,344.86,6.13,28.3,0
48.23,42.39,57.31,298.09,3.12,30.9,0
47.87,36.46,45.53,254.88,1.0,21.96,0
35.39,5.33,55.59,218.54,-7.54,2.46,0
44.36,35.79,63.35,229.09,-5.26,21.16,0
16.91,23.57,55.77,166.29,-1.03,2.79,0
4.89,7.98,65.2,189.21,1.02,3.21,0
38.45,24.44,50.59,226.72,3.36,14.72,0
34.95,41.63,64.68,321.07,0.36,33.01,0
48.59,17.88,47.22,211.41,0.69,16.04,0
20.76,1.96,45.72,232.48,-3.21,0.2,0
89.23,130.09,74.32,539.66,5.87,89.48,1
12.9,10.63,41.38,80.65,-1.94,2.06,0
17.4,0.0,57.76,146.98,-1.78,1.92,0
53.89,20.89,58.36,261.2,6.69,34.74,0
34.71,2.8,43.08,230.41,-2.89,10.61,0
48.96,32.94,63.07,330.96,1.49,26.17,0
9.42,7.8,55.8,123.53,3.3,2.0,0
18.88,37.33,56.09,170.84,-1.73,8.81,0
12.13,7.77,47.83,173.01,-8.37,0.0,0
22.98,8.3,43.21,153.37,-3.01,6.08,0
52.94,26.11,43.83,313.08,1.69,34.87,0
24.0,3.77,60.04,148.23,0.47,5.25,0
65.02,47.23,62.78,390.66,8.51,61.06,1
38.5,24.36,60.8,280.96,2.39,24.99,0
32.98,11.55,67.32,268.68,7.52,18.01,0
81.65,174.05,74.43,577.41,-3.58,79.27,1
12.46,5.59,60.06,145.03,-1.6,1.84,0
13.15,9.19,46.29,204.86,7.48,8.47,0
49.07,26.12,52.25,339.16,9.74,28.24,0
65.0,82.29,72.95,431.44,1.03,64.56,1
30.24,3.06,47.96,125.21,11.97,13.84,0
95.55,131.47,65.59,596.72,9.29,81.86,1
6.65,14.18,44.91,113.08,6.02,6.92,0
31.1,5.62,62.71,247.84,-1.18,13.91,0
12.73,8.18,62.32,171.98,-3.31,2.93,0
69.3,68.99,65.46,400.97,8.29,66.6,1
31.04,15.38,48.36,254.62,1.0,10.96,0
41.58,34.87,67.28,301.69,-1.73,29.54,0
40.32,41.51,51.14,275.9,-7.82,24.75,0
5.18,12.86,67.49,174.01,-3.74,10.3,0
10.47,10.0,45.54,135.95,-0.74,5.9,0
8.28,36.87,60.34,253.7,-12.57,8.19,0
43.23,28.57,49.04,247.22,3.59,25.75,0
7.78,2.09,49.26,180.05,-6.18,0.0,0
22.32,14.81,65.99,197.66,0.35,9.87,0
21.7,1.82,52.25,218.51,-3.06,1.01,0
24.63,7.71,45.55,271.63,-5.18,0.0,0
68.89,58.46,48.43,335.3,3.28,45.05,0
33.73,20.4,53.24,225.72,2.11,22.4,0
13.01,16.57,50.47,147.86,2.0,3.56,0
75.03,73.2,62.7,431.26,3.47,67.72,1
88.14,117.57,61.77,506.99,5.41,83.49,1
6.51,3.29,49.63,175.9,2.84,2.72,0
39.56,6.66,41.72,192.08,4.53,8.21,0
23.32,6.84,48.36,232.19,1.42,1.34,0
22.37,11.16,52.11,224.93,-1.84,13.01,0
54.01,40.19,53.28,362.45,0.61,37.19,0
62.91,74.08,50.54,446.95,-3.18,53.21,1
35.74,5.66,48.85,155.46,10.02,17.51,0
13.84,5.35,55.13,124.12,-1.6,0.0,0
46.16,29.66,56.23,251.66,0.61,22.77,0
40.08,5.94,66.24,161.41,-0.04,17.47,0
55.87,17.47,46.03,324.17,-5.92,22.16,0
68.69,88.08,51.69,435.29,9.79,64.67,1
28.72,6.69,48.63,190.95,0.34,3.97,0
35.04,4.05,47.4,255.16,-6.72,9.74,0
73.26,66.84,53.24,364.26,10.1,71.56,1
16.53,5.11,50.86,171.54,-4.58,2.89,0
30.3,23.1,43.22,266.09,7.67,25.22,0
18.62,2.48,44.84,111.49,5.43,10.37,0
39.32,23.46,52.57,211.34,-0.25,15.65,0
19.8,3.86,39.58,176.48,1.75,2.69,0
59.8,46.24,51.07,327.47,8.08,44.92,0
30.99,0.32,58.16,225.11,6.28,12.44,0
40.53,16.05,57.55,300.01,-6.15,10.24,0
16.86,16.64,59.17,130.52,-0.6,1.63,0
24.08,4.22,52.28,248.76,-2.05,0.0,0
29.57,1.76,61.02,152.23,-3.94,1.39,0
55.35,41.91,61.49,322.13,-10.71,36.77,0
42.36,26.66,62.02,344.09,0.14,28.81,0
46.83,32.7,49.55,300.51,2.04,27.69,0
36.64,3.16,45.8,228.44,0.82,9.53,0
7.3,4.87,45.47,80.24,4.89,1.16,0
9.43,25.79,60.89,187.46,12.52,20.79,0
36.32,0.0,49.93,137.02,-5.66,1.77,0
55.91,45.64,66.24,313.84,0.36,39.52,0
14.67,9.08,50.59,163.9,-5.91,0.0,0
73.47,41.24,58.3,373.06,-1.64,49.87,0
38.43,0.0,51.81,299.42,-4.86,9.39,0
55.7,23.04,67.53,261.63,4.18,30.64,0
11.84,0.27,46.46,120.29,4.25,0.8,0
9.72,0.99,40.11,103.55,-1.81,1.48,0
73.62,149.75,69.71,514.65,9.15,80.17,1
28.46,0.8,46.41,139.77,-7.3,0.0,0
20.5,0.0,42.82,149.36,4.52,0.67,0
73.55,86.28,54.72,434.73,13.8,69.64,1
40.09,46.92,66.93,303.09,8.82,36.64,0
15.24,18.71,66.35,198.04,-3.57,8.48,0
49.8,39.68,57.96,315.84,10.25,31.85,0
55.79,44.38,52.45,349.76,-6.15,34.48,0
57.48,30.84,59.44,300.69,7.68,36.9,0
25.77,6.99,57.03,186.6,10.61,6.23,0
37.36,28.45,57.25,228.43,3.17,20.91,0
36.61,0.0,49.23,250.9,-1.84,8.39,0
4.76,5.41,64.21,106.25,7.22,5.28,0
17.06,14.57,58.93,179.89,1.69,6.03,0
10.29,3.88,44.88,96.52,1.02,0.0,0
8.67,2.28,55.37,163.93,2.31,2.68,0
15.56,13.89,57.57,212.87,4.26,8.08,0
69.37,70.25,66.96,357.02,5.09,66.09,1
32.86,0.93,56.26,173.78,0.24,8.6,0
56.54,75.74,67.4,316.42,9.37,55.06,1
58.94,50.95,61.32,436.12,18.63,49.59,0
37.41,14.41,61.15,159.65,1.22,14.96,0
23.75,0.0,42.18,201.98,-3.71,1.79,0
40.98,29.22,69.01,208.65,0.8,26.8,0
14.32,4.02,52.37,180.06,-9.35,0.0,0
16.16,15.03,64.62,240.49,2.94,13.06,0
10.56,0.0,66.57,225.25,3.15,12.12,0
71.52,54.29,65.36,400.87,6.39,61.5,1
33.34,9.07,48.29,281.8,-8.98,4.96,0
11.66,0.0,43.61,78.64,6.23,6.56,0
36.68,28.27,56.52,213.15,6.66,23.17,0
7.32,0.0,47.55,131.07,-2.12,0.52,0
38.13,20.81,66.22,227.7,-1.37,20.99,0
36.34,19.02,61.35,186.84,1.35,13.85,0
50.49,20.28,60.66,354.6,7.05,41.27,0
63.93,51.86,59.33,410.92,7.13,55.44,1
88.23,131.39,63.69,466.48,12.7,80.26,1
54.95,32.69,52.13,342.92,2.82,34.69,0
32.55,2.56,42.93,151.57,-10.51,3.8,0
67.38,45.62,59.96,358.14,0.04,47.33,0
41.33,44.99,69.09,378.3,0.58,41.98,0
41.03,22.49,50.8,177.8,-2.33,19.71,0
51.45,35.2,53.86,300.25,1.39,32.34,0
92.04,163.75,78.08,548.21,8.65,85.84,1
41.7,32.03,48.35,200.95,-8.99,24.73,0
48.52,23.35,45.3,248.08,11.79,26.83,0
45.37,19.09,50.11,299.49,-5.01,16.44,0
34.38,6.89,64.68,174.9,-0.54,11.8,0
40.22,45.46,70.15,328.75,-6.3,31.9,0
31.71,7.67,52.75,151.34,-1.83,7.87,0
94.86,153.61,66.18,570.86,1.75,75.92,1
14.84,13.54,60.12,198.39,-1.34,10.4,0
38.49,3.52,52.13,202.43,0.39,6.59,0
33.02,0.18,57.54,191.15,-2.99,12.75,0
4.95,0.0,56.39,158.47,3.39,4.47,0
11.82,5.96,46.34,170.55,-3.01,1.38,0
38.81,0.0,58.34,247.84,-2.32,14.99,0
41.37,18.55,43.26,322.1,2.3,18.56,0
22.44,20.4,66.43,232.22,-0.74,18.57,0
33.92,34.75,45.5,267.35,7.53,20.65,0
4.53,0.0,41.86,102.49,-3.78,1.32,0
89.89,97.33,53.18,419.88,3.95,64.65,1
5.01,5.96,46.66,70.88,-7.23,0.96,0
35.71,37.24,48.98,315.22,-7.54,9.84,0
87.78,122.43,69.68,588.63,-0.51,78.43,1
37.57,0.72,58.42,135.53,1.27,4.47,0
72.09,79.16,71.28,385.45,5.39,75.17,1
17.04,17.81,58.39,149.84,-4.35,2.9,0
7.62,11.38,62.47,150.7,-4.42,8.69,0
34.42,4.2,47.25,158.59,-0.76,6.67,0
71.67,67.73,56.26,464.05,4.8,61.5,1
6.74,5.7,57.61,163.71,2.57,2.44,0
74.08,59.47,51.94,461.44,-2.76,58.53,1
17.29,31.28,53.56,269.09,-4.46,13.91,0
32.16,17.9,58.53,307.94,0.73,10.62,0
35.47,0.0,59.03,234.28,-5.52,6.1,0
34.23,19.09,48.63,263.6,0.41,12.18,0
12.07,0.0,45.77,183.56,-10.36,0.0,0
55.01,22.68,63.16,337.4,6.67,43.24,0
47.91,36.67,68.27,392.59,-5.56,22.29,0
46.07,20.1,61.93,282.38,3.55,30.88,0
21.55,0.0,52.85,129.58,0.78,0.0,0
10.45,0.0,56.22,191.77,6.37,5.91,0
19.32,10.18,58.05,231.15,-4.48,3.05,0
29.54,6.17,45.31,170.92,5.09,4.13,0
4.43,7.45,51.04,99.52,-2.49,0.0,0
69.63,79.37,61.02,478.49,10.47,64.04,1
39.94,5.53,45.21,273.79,-1.82,7.59,0
50.8,35.35,66.88,250.57,7.37,38.14,0
65.88,72.0,69.22,403.83,16.57,69.14,1
91.97,163.88,67.89,543.6,4.5,80.43,1
9.86,19.73,63.25,141.1,4.99,13.8,0
28.05,6.19,46.39,248.46,-9.95,0.0,0
32.49,5.77,57.13,224.99,-4.78,7.56,0
66.68,61.96,67.68,446.98,4.71,60.36,1
77.24,81.12,70.9,364.35,4.26,74.16,1
39.17,40.17,59.12,325.14,1.17,22.29,0
47.35,23.84,52.44,213.0,6.4,28.23,0
31.67,11.27,47.31,187.24,3.69,7.84,0
7.11,5.02,65.12,201.28,1.66,2.9,0
6.54,0.09,57.94,184.66,0.97,0.0,0
29.71,6.75,53.43,212.02,-1.65,4.88,0
15.93,1.65,56.08,116.13,0.7,3.93,0
31.66,6.7,51.12,238.91,-2.44,9.78,0
20.75,11.56,50.11,217.6,-4.82,3.6,0
21.93,1.5,61.2,177.9,3.34,9.31,0
25.51,38.11,56.27,330.57,0.93,11.62,0
22.96,7.05,54.87,112.93,-1.61,0.0,0
44.76,16.09,54.75,328.89,1.41,17.56,0
12.74,5.87,47.55,223.24,8.78,9.87,0
4.01,10.47,46.58,156.13,4.59,4.69,0
35.47,38.14,53.73,219.43,-5.64,15.39,0
77.2,168.56,62.89,617.71,0.09,73.03,1
13.67,3.65,56.92,81.44,-2.36,3.07,0
21.89,4.85,47.62,231.96,7.38,3.07,0
31.81,11.96,55.87,191.52,-5.03,6.93,0
35.55,32.4,53.49,310.2,7.47,19.88,0
15.39,18.78,45.42,218.57,0.51,7.78,0
37.05,37.24,58.78,286.69,3.0,19.74,0
36.36,22.98,50.41,303.2,-12.0,11.02,0
68.97,41.31,71.78,431.11,8.57,65.9,1
40.07,23.01,60.24,320.05,12.88,31.94,0
38.87,8.57,59.99,271.18,4.55,12.4,0
10.5,9.54,45.85,170.18,3.43,4.24,0
47.63,37.87,46.39,303.61,6.21,28.64,0
16.42,4.33,43.9,218.22,1.2,3.57,0
11.93,13.59,54.63,169.89,-7.27,0.0,0
71.89,150.95,72.27,555.52,19.45,86.87,1
40.19,5.78,54.32,195.51,4.72,9.87,0
37.83,19.26,42.62,175.87,-9.23,5.18,0
57.17,88.06,54.22,425.42,4.63,50.52,1
31.08,0.0,48.41,156.96,-6.35,0.0,0
49.2,40.49,53.35,281.24,-12.5,26.6,0
50.55,31.36,59.39,284.32,1.49,29.75,0
75.5,166.53,82.64,610.19,6.51,84.76,1
60.98,70.53,71.79,404.32,-0.73,60.46,1
41.88,41.02,58.81,256.45,5.17,32.99,0
45.23,15.47,66.32,255.59,6.8,30.04,0
29.6,6.64,62.54,147.84,-5.99,0.0,0
14.79,6.3,58.32,155.36,4.98,2.26,0
72.59,60.1,57.66,454.23,10.21,68.31,1
71.0,59.47,67.57,310.95,13.74,64.28,1
4.81,3.69,51.3,205.83,-2.08,2.46,0
52.02,22.4,54.22,327.89,-0.11,30.98,0
48.6,35.44,45.14,269.74,-8.86,17.97,0
13.18,7.51,48.5,221.45,4.06,5.5,0
73.18,76.19,52.98,464.7,10.99,66.68,1
35.0,26.31,66.57,209.02,-4.15,20.17,0
23.62,1.22,56.61,176.32,-0.47,1.46,0
34.87,1.67,47.29,182.46,-0.74,6.39,0
14.39,11.49,46.47,122.43,-8.36,3.45,0
10.01,0.0,40.51,92.03,4.8,5.82,0
50.16,34.77,65.03,343.68,-1.96,34.98,0
55.4,26.78,58.92,373.37,4.46,33.9,0
40.6,18.87,64.37,252.54,5.99,29.17,0
27.93,1.46,64.12,175.75,3.51,6.56,0
55.43,34.11,62.72,355.2,-5.7,34.19,0
30.51,3.96,43.28,177.37,1.19,5.05,0
11.74,3.55,51.11,166.39,-1.12,2.89,0
19.59,2.19,38.82,256.15,2.27,3.47,0
19.81,2.35,63.62,146.82,4.34,2.87,0
75.99,147.05,74.17,520.82,-9.0,69.92,1
41.1,5.68,64.93,159.57,8.61,21.11,0
10.02,8.52,55.43,124.76,-3.34,0.0,0
21.06,5.03,56.55,141.22,-0.09,1.37,0
53.62,70.06,61.21,335.33,10.3,54.47,1
24.47,3.55,56.2,245.05,3.29,7.43,0
68.63,76.15,51.85,345.49,10.95,57.2,1
30.67,14.59,52.6,216.01,9.75,22.32,0
39.07,28.41,48.0,246.02,-3.32,15.47,0
43.1,18.11,46.79,268.52,-6.16,13.25,0
44.32,32.8,47.82,295.62,0.75,21.86,0
16.54,2.84,66.71,124.42,-5.77,0.03,0
32.85,16.79,64.45,218.73,5.81,19.76,0
65.31,50.64,51.04,316.51,9.94,51.33,1
34.34,13.78,64.61,303.69,0.58,17.21,0
57.36,49.81,57.04,309.3,4.33,42.81,0
12.36,16.64,67.02,108.83,5.79,10.61,0
27.78,0.0,60.15,171.24,-9.06,0.0,0
55.35,69.9,70.77,387.66,8.67,61.37,1
8.81,4.42,43.87,133.73,1.62,0.0,0
27.72,13.06,55.36,268.79,1.89,6.34,0
45.79,26.23,52.45,278.89,10.11,33.36,0
12.91,15.41,42.66,189.99,3.93,7.2,0
73.43,89.47,53.77,356.8,-0.58,56.06,1
56.54,20.54,53.08,238.82,7.71,36.9,0
6.59,1.9,42.06,178.07,1.09,0.0,0
9.98,3.3,52.34,183.77,-4.11,0.0,0
38.39,10.74,45.48,223.47,-3.98,15.72,0
13.5,3.21,45.96,149.73,-6.77,0.0,0
43.19,33.66,52.42,320.04,-7.68,21.86,0
14.22,13.04,63.23,253.75,13.69,22.67,0
12.87,1.35,59.08,67.18,-1.03,0.0,0
9.2,2.6,45.35,175.83,6.72,7.47,0
24.08,6.38,62.37,227.62,-1.98,7.35,0
67.31,44.06,57.47,324.27,3.48,47.26,0
45.31,39.14,53.45,330.12,8.12,33.56,0
38.24,19.57,59.89,217.82,-0.86,11.72,0
6.16,3.34,65.09,124.96,-4.22,6.25,0
73.96,143.85,57.29,550.28,6.28,72.19,1
45.67,36.41,48.54,278.51,3.69,21.94,0
32.64,19.31,45.74,168.67,2.17,10.45,0
34.42,6.64,45.83,198.15,-2.8,5.69,0
44.27,36.75,59.69,300.36,0.98,20.38,0
59.17,81.57,59.55,453.22,4.24,51.75,1
41.71,14.33,49.17,224.55,-12.16,11.29,0
27.44,3.59,61.92,223.73,1.65,7.69,0
43.63,45.29,60.48,249.96,-3.65,35.53,0
57.75,44.13,63.89,281.64,2.56,47.86,0
26.31,17.36,58.47,254.32,-1.13,10.41,0
43.6,21.93,44.28,234.0,-8.71,15.74,0
31.12,11.59,50.93,175.21,-4.95,7.15,0
37.27,30.38,51.07,211.66,-9.99,10.04,0
62.24,67.56,66.66,336.21,-6.12,47.88,0
24.18,1.52,65.13,226.08,-5.58,0.51,0
38.12,4.64,60.54,172.95,3.37,11.63,0
25.92,20.82,42.4,150.33,1.09,7.81,0
31.11,0.0,46.07,229.73,4.24,11.55,0
41.14,27.07,57.83,347.51,-2.58,22.66,0
55.1,43.83,58.69,314.67,6.67,40.49,0
40.81,10.19,48.69,299.42,-3.99,17.57,0
37.34,4.25,64.4,252.05,0.06,11.92,0
17.03,6.27,51.19,153.61,-10.72,0.0,0
34.84,3.36,60.56,150.53,6.58,15.3,0
31.35,2.05,46.77,216.73,-8.01,4.32,0
73.39,43.99,70.02,297.95,9.34,66.87,1
15.4,9.71,64.46,247.28,2.35,7.33,0
58.08,47.58,44.6,283.85,-6.92,31.11,0
26.13,41.96,66.16,328.65,-5.45,15.62,0
40.68,25.85,54.75,263.47,8.21,25.62,0
37.25,41.29,63.27,318.04,7.1,29.29,0
29.63,16.75,59.19,188.27,-1.48,0.45,0
15.85,12.73,67.84,124.68,3.18,10.8,0
14.36,9.95,50.92,164.94,-0.44,0.0,0
7.26,2.21,39.79,122.47,7.73,3.53,0
14.32,2.1,63.53,153.38,8.43,9.92,0
74.28,39.98,59.99,389.12,2.24,50.24,1
19.18,0.0,56.35,128.97,4.64,4.02,0
12.52,8.25,61.53,166.02,8.98,14.83,0
66.13,80.77,51.0,435.81,4.7,52.99,1
38.87,40.98,45.29,301.82,-8.06,17.2,0
5.9,14.5,57.42,187.38,2.72,8.84,0
13.63,10.75,48.7,151.39,8.28,9.56,0
38.53,37.47,47.9,271.68,-0.98,18.73,0
18.9,9.64,55.49,148.31,-6.7,0.0,0
17.39,3.87,57.67,195.49,-0.36,3.85,0
53.08,27.27,47.33,361.73,-2.05,33.39,0
36.14,1.25,63.98,243.13,6.47,22.29,0
17.09,0.0,54.78,218.19,-5.08,0.0,0
39.38,31.65,50.84,369.23,10.34,28.83,0
56.64,57.63,57.82,426.79,0.53,42.43,0
70.13,74.38,73.3,411.51,1.8,71.21,1
23.05,0.99,53.88,224.39,-0.36,5.05,0
27.77,15.01,66.99,255.21,-6.75,3.98,0
35.58,4.39,40.49,278.38,1.77,11.4,0
49.9,32.94,68.77,292.94,9.0,32.9,0
38.35,13.16,61.33,218.74,1.45,13.51,0
5.6,3.32,55.23,86.57,-4.4,1.71,0
18.16,2.98,57.83,198.95,2.3,1.73,0
31.09,13.01,45.29,212.11,8.04,19.5,0
39.04,34.73,60.85,321.12,-4.93,23.02,0
6.35,2.9,56.96,119.93,-3.87,1.13,0
25.45,0.0,62.09,182.34,2.98,5.15,0
30.16,18.2,45.53,216.18,4.23,14.29,0
74.27,73.37,46.77,419.88,11.49,66.58,1
40.45,4.62,40.63,179.38,6.7,15.82,0
57.17,42.94,64.66,339.67,11.1,48.65,0
15.15,5.78,62.4,186.51,-3.41,0.0,0
67.66,87.19,66.57,411.29,5.22,62.43,1
9.02,11.74,65.84,111.78,1.88,6.42,0
35.74,4.19,65.49,251.05,-4.68,9.49,0
8.0,60.7,47.36,227.79,6.68,24.49,0
6.62,4.77,42.53,185.44,11.88,7.16,0
16.99,0.0,58.09,100.21,4.03,3.89,0
28.29,12.32,60.55,170.56,-1.08,8.77,0
36.54,3.83,50.99,239.04,-1.6,6.2,0
66.51,41.92,60.49,392.57,4.67,60.77,1
35.04,1.83,63.12,196.53,2.29,6.35,0
22.59,1.25,68.35,168.61,-11.36,0.0,0
5.21,3.07,62.85,180.77,4.02,5.55,0
58.55,64.46,48.78,318.83,8.93,49.75,0
17.33,1.1,41.98,90.48,8.28,6.35,0
15.58,11.06,52.14,153.62,-5.19,0.0,0
84.4,118.45,59.17,497.1,9.69,77.12,1
70.49,85.27,64.09,367.08,8.67,73.03,1
56.07,41.73,45.75,360.56,-6.43,33.73,0
89.33,132.34,77.52,487.97,15.87,91.43,1
31.54,0.7,55.03,148.63,-3.0,7.08,0
43.73,25.56,65.77,304.84,-2.69,23.71,0
16.99,0.0,48.64,137.35,11.37,7.3,0
47.37,29.22,54.6,249.68,7.51,25.42,0
19.66,7.13,61.46,248.5,5.55,12.92,0
55.26,28.67,67.31,318.54,1.06,32.16,0
27.27,1.51,47.51,260.53,-3.21,0.5,0
11.71,12.02,42.15,202.21,2.33,12.09,0
7.51,3.75,61.55,114.06,6.64,8.29,0
34.4,1.46,42.88,248.23,-4.12,12.96,0
76.24,82.21,71.42,416.99,-2.24,72.05,1
24.88,0.0,46.23,166.03,-0.08,1.82,0
31.39,7.88,50.95,178.53,8.11,11.98,0
40.43,12.06,64.86,254.86,-2.73,18.73,0
9.07,5.61,60.39,145.62,5.14,9.75,0
14.37,25.19,64.37,190.41,2.06,13.15,0
56.94,35.8,52.2,227.9,-2.92,31.87,0
10.59,29.83,47.14,175.58,0.78,6.52,0
14.32,5.19,66.63,105.69,3.1,6.65,0
21.98,4.43,55.98,234.48,3.36,7.21,0
73.81,84.85,65.3,449.0,12.62,76.16,1
39.31,10.37,65.2,232.4,-7.19,15.8,0
30.45,1.31,53.48,279.65,-6.37,0.25,0
20.32,8.98,60.96,210.28,-8.42,7.43,0
10.37,5.19,51.84,159.03,0.75,0.0,0
34.72,4.02,50.16,160.77,5.09,8.78,0
37.75,36.88,55.24,282.28,20.0,24.56,0
48.04,38.61,52.97,344.75,-1.45,19.96,0
86.0,127.78,57.37,487.36,5.37,76.5,1
8.84,5.96,61.8,101.63,4.64,9.86,0
6.72,16.35,51.77,101.53,-10.13,0.0,0
5.85,14.26,61.93,135.28,5.0,12.46,0
13.66,0.0,42.63,140.22,3.59,4.57,0
23.51,2.18,51.98,230.89,0.48,0.0,0
38.77,7.92,50.8,212.96,1.18,4.68,0
58.67,36.89,51.77,219.6,1.42,31.04,0
8.87,9.2,61.73,210.79,-4.94,4.34,0
55.65,22.65,52.52,337.11,3.65,29.52,0
21.73,18.22,60.14,285.06,4.77,10.35,0
7.27,4.6,55.65,208.92,1.03,2.57,0
22.33,14.3,42.84,131.04,3.78,6.15,0
13.81,0.66,47.79,185.41,-8.11,0.0,0
49.56,18.11,64.12,294.59,-2.4,23.02,0
22.82,0.29,50.97,129.37,-3.39,1.58,0
69.95,175.72,66.73,617.89,2.14,65.53,1
42.53,24.31,57.37,330.33,1.93,22.58,0
33.74,0.0,47.29,263.42,7.36,18.45,0
76.33,93.39,53.08,494.55,-0.83,59.83,1
37.21,5.11,47.07,285.54,5.47,11.98,0
18.38,8.03,63.76,180.38,4.19,4.92,0
62.18,75.42,66.84,323.75,7.33,62.05,1
16.27,1.0,45.96,137.39,8.88,10.65,0
37.63,24.69,55.7,340.03,3.53,21.56,0
32.32,2.93,54.11,242.59,-1.01,11.16,0
30.35,25.75,50.57,307.68,5.71,23.52,0
31.12,5.0,49.6,167.73,-1.98,9.94,0
82.23,122.55,69.49,550.01,1.52,79.2,1
52.95,35.78,68.53,289.21,-4.96,39.24,0
39.49,6.46,52.49,182.3,3.16,5.92,0
43.12,19.84,56.15,331.89,-2.16,21.66,0
8.88,2.12,48.81,143.85,-4.41,0.1,0
47.31,36.61,63.16,252.18,7.11,32.37,0
14.69,31.59,58.98,116.72,0.29,9.19,0
19.02,11.8,55.77,190.01,-3.17,2.57,0
39.7,5.51,53.86,260.11,0.92,7.0,0
12.18,15.57,43.49,240.85,2.2,12.19,0
56.32,67.79,63.51,337.71,2.11,48.5,0
27.15,20.52,53.83,243.1,-1.04,14.3,0
27.14,0.0,45.39,152.05,-3.06,0.0,0
12.7,3.88,40.61,194.34,2.07,0.09,0
62.18,81.82,70.81,439.09,13.3,73.57,1
18.54,10.61,41.35,271.04,4.08,10.44,0
12.26,1.37,63.32,137.42,1.05,0.07,0
10.84,5.53,55.9,121.97,-1.51,0.0,0
44.87,36.07,54.08,368.69,-0.58,27.01,0
13.64,0.0,57.61,225.33,7.98,2.74,0
7.38,2.13,59.35,96.11,0.85,1.95,0
9.87,7.06,51.18,133.46,7.17,2.01,0
42.84,18.45,50.51,310.03,-0.79,19.36,0
9.72,5.22,46.4,179.26,-5.48,0.0,0
26.92,1.89,48.07,207.57,-6.07,0.0,0
13.81,0.4,48.39,110.52,-12.4,0.0,0
63.07,47.72,50.88,363.64,4.12,49.35,0
69.89,59.23,57.65,385.0,12.27,54.52,1
49.97,37.78,53.84,353.64,-5.48,23.39,0
47.74,22.23,64.1,340.48,-4.98,22.74,0
75.19,84.05,57.7,359.43,9.11,71.14,1
40.98,25.3,56.53,194.27,1.99,20.43,0
53.3,14.46,51.53,217.93,-6.36,24.73,0
5.26,33.13,61.9,167.85,-3.14,13.55,0
56.03,58.37,55.75,363.84,12.5,52.81,1
45.47,16.83,54.15,297.32,-4.95,20.65,0
64.27,89.2,55.01,424.62,17.56,64.37,1
40.32,2.41,61.08,246.36,-3.72,18.55,0
20.83,24.66,55.57,180.18,-2.99,6.72,0
71.06,55.67,51.13,363.92,6.5,60.14,1
48.21,44.52,48.62,371.05,16.41,42.1,0
18.87,18.06,52.21,143.88,-1.3,6.31,0
30.5,7.49,49.66,241.13,5.68,12.83,0
36.06,8.75,41.68,200.93,-1.68,6.44,0
39.51,4.94,53.43,177.08,2.1,9.91,0
26.39,10.03,51.95,123.41,-8.42,0.0,0
7.59,7.9,64.96,88.44,2.26,8.74,0
53.84,46.36,45.99,301.53,2.19,41.67,0
9.52,4.29,47.49,119.0,-1.64,0.0,0
36.91,6.16,60.92,172.96,-3.74,8.05,0
13.98,9.26,42.23,215.18,-9.71,0.0,0
37.92,2.56,56.61,192.25,-4.73,1.23,0
32.32,2.74,50.35,211.54,-7.8,6.08,0
51.49,42.0,68.03,338.48,2.07,38.61,0
46.44,22.27,52.91,279.56,4.18,22.58,0
10.15,18.67,62.52,211.16,3.29,11.25,0
52.29,38.09,52.27,318.42,-3.95,33.43,0
21.91,20.89,56.79,191.45,6.51,15.44,0
67.55,84.16,73.59,389.19,12.54,69.15,1
17.55,5.21,52.89,226.31,3.16,8.71,0
35.32,6.97,47.73,178.57,7.52,16.62,0
15.14,3.15,43.02,95.22,-2.0,0.0,0
20.1,2.62,54.68,208.78,1.81,3.74,0
70.95,46.9,70.32,437.72,4.72,65.24,1
36.3,0.0,47.91,154.03,5.48,13.26,0
55.81,34.27,49.3,354.9,-5.69,27.73,0
55.7,22.78,48.45,288.15,1.22,27.75,0
11.77,13.86,54.27,219.33,2.17,8.84,0
27.34,0.39,46.17,230.33,2.9,6.73,0
58.1,55.71,67.49,355.59,9.23,49.92,0
20.97,3.11,56.06,121.02,-0.94,0.0,0
26.51,13.29,55.35,208.96,3.16,5.7,0
26.49,3.06,57.76,233.15,6.71,10.87,0
55.87,20.51,64.86,281.8,1.68,39.14,0
57.3,33.93,59.35,318.83,-1.25,30.24,0
14.97,35.41,55.56,264.34,-1.72,9.19,0
55.79,73.23,67.07,394.85,-0.13,50.93,1
35.29,0.02,57.93,202.88,13.35,18.17,0
38.27,31.39,63.18,290.29,-3.43,24.02,0
19.9,6.76,62.19,166.68,-0.68,5.31,0
51.66,38.98,51.08,303.11,-5.08,24.4,0
48.77,40.94,50.03,289.49,-3.02,26.88,0
20.56,6.64,47.66,195.49,-1.95,1.69,0
35.18,18.51,56.1,176.71,2.31,13.69,0
37.91,16.45,63.41,301.28,4.27,20.28,0
56.39,44.89,59.6,322.88,3.17,40.72,0
40.72,2.81,57.2,163.6,0.85,9.24,0
48.96,38.58,59.27,277.35,7.87,35.45,0
58.6,83.13,58.66,319.08,5.61,42.69,0
56.91,27.91,55.77,271.85,3.48,32.49,0
32.38,9.51,63.71,160.27,-2.99,10.45,0
9.73,5.47,49.55,170.45,-0.83,0.0,0
31.38,1.71,46.14,225.49,-2.38,9.2,0
2.9,9.13,61.9,224.94,0.47,6.36,0
11.59,8.05,51.08,90.86,-5.9,0.0,0
23.78,2.61,41.45,188.92,3.45,0.78,0
60.61,41.99,70.04,347.82,-1.32,54.94,1
17.12,0.0,53.57,215.19,3.31,4.48,0
26.9,17.29,53.83,230.3,-1.31,7.78,0
22.09,9.33,47.11,165.01,0.49,0.0,0
29.91,3.12,57.93,173.92,-8.78,0.0,0
10.82,31.3,54.2,255.58,7.61,14.26,0
37.84,28.28,58.87,195.43,1.1,11.28,0
7.25,12.88,49.33,132.16,1.9,7.83,0
36.43,7.69,53.9,235.49,-5.11,1.8,0
14.08,14.63,56.97,204.38,-7.23,0.0,0
29.48,3.95,65.02,284.84,13.06,19.84,0
76.94,167.16,83.69,628.74,9.91,89.67,1
31.48,9.29,65.77,176.35,-6.55,6.47,0
15.16,3.59,59.83,232.88,8.1,14.37,0
48.82,34.7,63.45,321.52,-1.59,25.63,0
39.84,43.78,63.48,289.45,13.11,39.21,0
33.93,16.51,48.58,266.85,-0.3,14.64,0
56.21,47.0,58.39,396.95,-6.52,37.11,0
28.31,8.86,40.69,146.69,6.33,3.8,0
85.2,123.96,66.45,574.7,9.94,88.21,1
56.76,80.88,72.02,452.2,-1.71,60.02,1
12.24,2.7,53.79,75.2,3.64,0.85,0
61.73,51.37,61.28,406.4,-4.86,55.03,1
77.01,152.22,71.27,523.1,12.35,85.81,1
27.03,10.79,56.17,244.91,-0.5,5.15,0
24.68,3.1,43.11,157.6,-1.73,0.0,0
55.2,40.23,53.17,330.3,8.83,43.14,0
15.74,11.87,50.65,191.93,6.14,7.66,0
26.66,2.55,57.8,246.07,-2.3,0.62,0
25.24,0.0,52.96,250.79,-2.42,0.0,0
31.42,7.84,59.02,205.64,-2.66,10.21,0
20.85,4.75,48.44,175.14,-6.59,0.0,0
51.49,44.22,64.68,297.12,9.19,45.4,0
15.02,7.48,62.82,196.14,-6.13,3.49,0
21.61,0.0,55.78,194.51,0.27,0.0,0
28.07,4.74,49.37,143.53,3.25,1.56,0
14.76,14.98,54.61,125.09,-4.55,11.22,0
62.11,66.85,51.32,315.35,1.82,50.82,1
12.22,10.57,54.76,206.81,4.65,12.73,0
10.55,8.12,51.75,238.15,-5.87,0.36,0
9.61,2.2,61.61,188.07,5.24,8.67,0
36.74,3.62,50.86,304.69,2.8,11.19,0
90.29,155.33,62.3,500.04,2.81,74.99,1
51.48,31.45,47.33,245.39,4.24,33.69,0
81.53,143.11,59.84,512.21,8.71,81.87,1
40.21,33.32,68.73,244.88,-0.31,30.41,0
71.63,143.88,66.77,497.18,12.71,84.64,1
23.44,6.34,51.05,163.06,-10.21,0.0,0
62.67,80.04,53.24,330.51,5.06,51.67,1
13.45,9.19,59.08,183.17,3.25,4.78,0
27.12,0.0,55.75,207.79,0.46,1.79,0
86.69,144.48,70.8,552.64,4.3,84.39,1
37.5,42.27,48.21,311.67,-10.78,18.34,0
54.24,18.16,42.61,331.59,2.47,28.39,0
22.1,2.96,56.31,106.34,0.59,0.0,0
43.25,17.48,56.09,239.67,11.46,23.35,0
55.79,24.93,48.04,302.69,-0.71,35.15,0
38.92,41.63,60.87,227.92,10.3,33.04,0
32.41,9.63,55.39,247.2,-2.97,12.02,0
56.08,15.66,67.1,189.51,-2.99,27.61,0
13.36,19.64,65.74,203.15,3.86,17.86,0
69.59,50.45,46.97,345.22,9.9,53.37,1
48.9,27.28,60.71,247.66,-4.08,26.8,0
71.8,60.5,55.44,377.49,-3.41,60.55,1
14.35,11.74,56.27,262.38,4.31,11.02,0
36.82,31.61,65.57,224.23,-3.0,22.17,0
23.5,6.72,60.41,165.69,3.49,5.13,0
35.75,32.8,65.23,266.61,-8.21,17.8,0
19.99,17.3,62.39,246.69,-1.43,6.79,0
62.72,60.43,53.59,374.2,11.39,59.85,1
66.15,66.72,58.09,379.89,15.42,61.0,1
64.83,84.46,52.86,405.52,14.03,62.83,1
22.26,11.7,47.31,157.94,10.55,13.7,0
16.58,5.42,50.42,176.24,-2.15,0.0,0
40.99,13.65,50.64,244.94,9.26,26.01,0
22.38,10.43,52.05,141.68,1.28,5.59,0
33.96,0.0,52.22,198.68,1.23,1.18,0
31.69,24.46,44.19,196.94,7.11,17.07,0
57.0,52.55,47.99,284.78,12.49,38.58,0
5.72,10.57,58.9,220.47,9.67,15.64,0
31.64,3.75,61.66,244.16,-1.19,9.55,0
41.46,7.34,45.01,209.39,-2.74,19.26,0
9.91,4.67,52.56,120.85,-1.85,7.36,0
30.6,7.96,59.4,189.95,-1.93,4.42,0
37.68,3.82,58.05,186.76,0.69,4.9,0
31.2,16.67,62.23,213.4,-5.41,8.87,0
63.01,76.2,57.51,383.3,5.23,59.85,1
49.39,26.08,47.79,327.79,9.4,31.42,0
70.89,56.96,62.02,338.03,12.99,66.06,1
40.73,11.37,66.16,225.71,5.95,27.34,0
55.01,26.85,48.27,357.58,1.58,32.01,0
71.72,51.9,68.61,424.39,4.26,61.23,1
55.14,41.11,69.06,333.66,6.76,47.35,0
69.72,47.54,65.21,407.37,9.88,57.95,1
49.02,30.14,45.57,240.58,14.5,34.28,0
21.73,8.0,46.34,218.04,-10.17,0.0,0
5.31,0.04,44.98,189.58,-7.04,0.0,0
32.62,0.0,56.78,164.87,-6.33,4.09,0
12.37,3.57,51.38,172.68,-3.25,3.37,0
52.17,19.94,41.05,252.95,0.0,22.25,0
71.18,81.97,55.95,498.72,4.13,64.2,1
22.43,0.44,57.09,120.45,-3.52,0.0,0
28.89,6.3,44.39,215.98,3.96,7.97,0
51.49,14.41,58.47,260.26,-7.01,18.16,0
27.93,1.26,49.02,238.13,2.75,8.68,0
47.37,30.33,56.14,312.58,-3.1,22.9,0
9.57,3.45,60.23,127.73,-3.13,4.45,0
25.19,4.76,41.7,239.52,0.11,1.89,0
61.57,62.19,51.27,322.64,9.42,58.07,1
34.27,0.0,46.0,187.95,0.8,3.65,0
8.92,7.88,62.15,144.86,8.39,12.51,0
36.34,9.2,52.56,298.37,-0.44,8.58,0
4.74,0.5,42.87,110.17,-0.99,1.87,0
15.68,4.24,54.89,140.18,-3.02,0.0,0
20.53,9.84,58.53,256.94,-3.37,4.77,0
84.72,135.46,76.45,478.79,7.71,83.52,1
25.45,6.74,56.24,219.17,9.23,11.27,0
29.46,4.59,65.24,240.18,3.56,10.17,0
43.18,30.79,56.33,283.85,4.11,27.93,0
67.41,44.95,68.0,396.01,5.2,56.38,1
40.93,16.38,51.28,337.09,-9.65,13.67,0
14.33,0.0,39.97,199.15,0.8,0.31,0
1.84,1.31,55.44,87.81,1.05,1.72,0
32.86,0.0,45.26,216.65,6.72,14.61,0
78.43,92.66,60.65,439.73,10.05,70.73,1
33.72,13.09,66.79,225.7,0.75,21.09,0
53.06,17.49,55.65,296.75,2.68,32.94,0
28.24,12.85,56.11,122.93,0.76,4.85,0
53.14,19.43,65.5,300.11,-0.06,34.01,0
47.29,20.85,57.44,322.02,7.85,29.53,0
28.56,6.35,51.27,208.6,-2.09,1.44,0
30.58,0.73,60.03,197.68,-5.16,2.41,0
61.32,80.84,51.1,415.68,9.79,66.08,1
34.24,19.3,57.49,212.21,-0.8,11.87,0
64.01,71.62,59.9,313.71,4.25,50.89,1
55.18,29.72,56.75,242.16,1.35,29.94,0
26.06,0.34,50.49,200.34,-5.04,0.0,0
22.38,0.04,40.52,215.0,1.17,3.87,0
37.47,13.57,56.02,182.96,-3.54,10.25,0
78.19,68.78,51.78,476.18,7.59,67.4,1
60.28,63.35,71.18,407.33,8.08,69.69,1
50.54,21.14,60.13,215.01,3.34,29.8,0
13.34,2.23,47.57,246.96,-3.01,6.13,0
31.19,10.5,53.97,296.45,2.05,15.42,0
44.99,22.26,66.81,357.14,4.11,33.4,0
31.49,7.62,57.16,209.48,-12.54,3.58,0
12.86,2.77,50.51,105.53,-7.24,0.0,0
40.17,3.77,49.52,196.44,-1.11,11.64,0
48.41,35.29,57.81,260.3,13.17,29.94,0
23.51,3.19,56.61,257.77,-3.39,4.78,0
29.05,3.08,50.34,141.02,8.34,9.03,0
27.31,3.49,51.01,128.5,6.29,0.26,0
48.93,16.98,51.05,335.22,-3.93,13.66,0
5.84,1.54,58.86,151.5,3.9,0.0,0
61.62,56.83,71.85,425.1,-5.48,49.8,0
37.29,13.81,48.39,275.08,2.07,17.41,0
17.59,6.99,55.62,233.45,-4.38,0.0,0
65.39,73.14,57.88,459.46,2.06,54.35,1
24.01,8.92,63.33,149.17,2.97,4.19,0
13.79,0.24,48.53,182.07,3.02,3.87,0
18.45,5.34,62.71,251.62,6.07,16.11,0
65.2,72.95,47.51,383.18,9.62,60.4,1
34.59,4.81,65.14,295.06,-8.03,9.27,0
42.79,15.32,53.41,330.05,0.85,21.67,0
28.1,0.78,56.97,207.15,-1.32,2.65,0
21.48,4.13,46.85,212.89,3.36,4.53,0
47.02,41.0,69.09,243.22,0.59,30.06,0
47.73,32.7,63.0,255.51,0.16,26.25,0
23.38,1.1,48.74,225.86,-4.2,2.59,0
42.99,27.08,60.31,251.8,1.52,24.09,0
21.4,1.43,61.93,196.88,-3.73,0.96,0
10.3,0.14,63.51,142.81,-2.1,0.28,0
35.38,33.56,57.2,207.46,4.28,22.72,0
20.44,30.81,61.52,188.46,0.58,13.21,0
23.67,9.58,47.07,149.19,-5.6,0.0,0
61.94,56.1,64.83,305.72,5.05,53.0,1
46.03,26.45,50.09,247.83,2.53,26.04,0
59.55,65.28,75.22,421.84,2.02,52.58,1
27.87,9.52,58.28,182.95,-0.27,0.0,0
64.54,76.13,63.15,357.0,-6.92,51.94,1
32.78,16.44,64.42,266.03,-4.18,16.08,0
7.46,22.59,68.52,128.15,-1.76,11.91,0
20.46,3.31,41.92,198.53,-7.9,0.0,0
22.71,0.0,56.44,105.8,-0.33,0.0,0
9.28,10.11,52.55,138.16,-0.25,2.89,0
10.5,5.79,64.33,162.28,-4.84,2.7,0
20.13,4.07,45.94,113.33,6.23,6.2,0
20.82,10.02,64.83,249.52,-2.68,9.74,0
46.97,19.34,58.1,255.43,0.98,19.32,0
24.32,0.0,51.2,151.53,2.16,0.0,0
27.3,4.04,57.5,177.04,-0.65,0.0,0
57.41,57.81,49.37,320.51,8.08,44.58,0
13.17,0.42,41.25,212.23,-8.76,0.0,0
36.55,13.75,58.73,258.31,8.85,21.14,0
37.73,17.44,52.28,342.48,-7.44,9.83,0
4.5,9.36,62.43,113.26,0.07,3.53,0
13.47,10.02,49.2,155.32,3.78,5.45,0
35.57,5.23,52.3,199.23,2.42,7.7,0
10.34,5.18,56.28,200.67,-7.28,0.0,0
6.53,15.59,42.85,210.02,0.88,12.67,0
54.14,30.04,63.67,235.54,-5.62,26.51,0
24.46,12.88,61.15,204.27,-3.15,15.16,0
68.81,65.18,49.1,367.18,2.57,53.98,1
34.62,42.17,44.26,275.76,6.25,28.18,0
22.45,6.95,47.75,152.57,2.92,0.0,0
21.05,12.23,50.88,197.02,2.33,9.27,0
31.74,0.58,58.84,270.07,1.45,7.54,0
18.07,11.48,52.65,177.9,-0.23,6.96,0
24.54,3.38,57.49,187.56,0.41,0.82,0
33.71,5.1,54.31,159.57,2.69,9.63,0
9.42,3.84,56.06,134.24,5.96,2.35,0
30.97,8.77,59.65,234.65,8.84,18.53,0
36.96,20.67,45.04,203.38,-9.73,8.38,0
11.94,26.97,51.13,201.83,4.46,14.24,0
56.45,36.16,63.83,320.76,-3.2,35.62,0
22.34,5.33,52.09,177.79,-1.31,0.85,0
50.7,23.15,55.34,238.09,-8.56,26.65,0
36.87,3.17,66.14,240.87,1.07,11.25,0
11.89,0.0,50.31,146.57,1.2,2.91,0
78.16,164.53,64.3,628.21,3.93,69.97,1
70.11,45.21,43.23,288.27,9.24,60.03,1
30.78,14.61,52.59,205.2,3.91,13.36,0
56.6,15.05,61.31,308.68,-0.48,28.58,0
8.13,13.04,53.81,202.08,2.56,11.65,0
46.9,15.67,58.66,190.98,-1.36,16.88,0
8.22,1.52,63.71,134.88,9.4,14.1,0
35.5,5.61,49.55,187.14,1.83,8.65,0
71.36,73.48,71.99,410.21,12.11,77.79,1
56.19,42.97,67.21,365.72,-1.0,47.54,0
35.49,2.55,61.49,217.83,9.32,16.6,0
10.97,7.51,46.62,111.6,2.36,0.0,0
52.4,40.99,57.49,272.03,-2.99,38.36,0
37.82,0.0,66.08,278.26,-1.56,12.77,0
56.05,29.72,65.5,334.01,3.99,36.66,0
40.11,2.21,53.88,207.18,-2.67,15.58,0
36.19,2.51,54.11,185.83,4.62,4.04,0
72.17,40.19,58.02,435.66,5.75,60.89,1
27.54,3.33,58.38,142.29,-11.05,0.0,0
25.34,16.4,49.82,244.52,-1.78,11.02,0
55.93,32.49,60.64,256.71,-7.35,28.44,0
36.9,38.2,50.38,326.03,-5.56,11.92,0
36.55,3.45,52.27,256.17,-8.71,0.75,0
13.61,15.2,56.31,146.44,-3.11,0.0,0
38.93,29.39,58.62,264.35,9.17,26.35,0
60.96,73.28,57.6,413.16,10.06,61.62,1
13.83,3.52,46.03,176.44,-9.15,0.0,0
30.16,2.48,61.11,189.88,-7.83,6.25,0
24.36,2.19,65.22,206.74,1.91,8.49,0
57.9,44.8,48.77,287.74,1.12,35.08,0
39.97,0.0,51.96,269.19,5.06,18.21,0
16.25,3.13,58.72,109.01,2.01,0.0,0
35.7,3.65,45.17,263.01,3.08,19.57,0
4.88,5.54,62.65,143.34,-2.61,4.41,0
81.19,88.81,76.56,443.1,7.72,81.67,1
52.08,30.72,53.99,264.39,-4.55,29.02,0
14.6,5.07,54.86,91.44,-0.17,0.0,0
9.27,0.99,47.38,109.7,-0.25,0.0,0
37.79,0.0,59.87,179.27,7.06,10.53,0
37.44,24.11,50.03,234.02,-0.65,19.84,0
36.9,5.47,47.47,285.67,0.16,9.13,0
88.33,97.12,63.75,467.29,6.95,74.38,1
22.01,16.95,44.32,233.16,8.85,14.63,0
17.94,2.2,58.22,71.04,-3.77,0.48,0
7.84,4.05,56.36,142.11,-6.89,0.0,0
56.63,40.4,54.8,353.76,7.21,46.77,0
16.18,1.93,63.21,129.72,1.62,0.0,0
59.68,44.74,65.98,308.6,7.67,47.27,0
39.4,19.42,45.64,265.74,13.64,19.5,0
24.15,4.48,58.69,171.87,0.6,0.69,0
19.44,5.85,42.62,235.71,5.58,6.36,0
72.51,86.58,55.39,494.65,0.93,59.06,1
11.12,5.36,57.17,113.34,0.06,6.15,0
63.69,88.86,75.79,443.53,3.43,67.74,1
32.94,6.53,49.72,205.03,15.0,21.25,0
33.22,0.0,63.86,130.07,0.52,11.47,0
5.17,13.29,43.66,216.6,2.81,9.1,0
76.97,143.5,81.6,610.23,4.0,81.68,1
28.14,4.2,42.68,261.34,-2.99,0.0,0
28.87,19.94,65.55,237.32,0.97,12.17,0
8.09,9.23,45.11,69.08,3.38,4.63,0
56.54,55.19,47.68,354.09,6.39,48.9,0
33.48,13.42,41.89,312.17,7.94,16.2,0
10.01,1.13,52.47,153.48,-2.18,3.17,0
22.84,5.75,47.72,255.45,8.82,13.28,0
43.6,41.28,68.2,279.29,-4.06,30.92,0
64.32,70.38,51.82,390.33,1.8,53.12,1
37.33,22.78,43.96,229.8,-5.76,10.3,0
20.6,5.81,46.41,260.99,-6.06,0.0,0
20.45,0.14,41.72,217.27,-2.22,0.0,0
13.25,2.55,50.15,91.89,3.1,2.82,0
37.97,40.25,63.11,257.63,3.5,24.79,0
40.19,34.82,50.37,229.34,5.33,24.97,0
25.46,9.23,44.16,212.88,-1.66,3.63,0
35.6,7.78,60.56,207.74,4.6,17.82,0
57.55,73.91,61.8,341.18,3.74,49.32,0
53.55,24.29,42.25,345.25,-3.87,29.86,0
43.75,12.72,57.3,263.71,-5.26,15.16,0
71.53,46.48,60.19,318.59,-3.01,59.84,1
73.69,64.22,53.86,427.49,-5.82,59.12,1
44.83,43.64,53.8,250.07,3.35,32.57,0
69.65,63.9,57.12,422.05,16.82,63.42,1
42.71,20.07,65.03,235.86,5.89,27.53,0
14.85,5.94,55.26,149.75,4.7,4.77,0
5.87,5.38,48.34,196.18,-3.47,0.3,0
12.19,4.59,55.29,179.65,-1.98,0.0,0
27.82,5.82,61.69,141.79,-9.51,0.0,0
30.12,3.4,56.27,151.7,5.22,14.59,0
62.47,81.71,66.05,376.86,16.29,69.54,1
79.3,141.48,69.94,481.16,5.47,75.1,1
16.88,2.81,45.26,207.39,2.79,4.49,0
38.45,46.0,46.66,278.21,1.54,24.4,0
18.01,1.8,53.23,115.02,-3.3,0.0,0
33.41,4.64,58.52,224.71,0.68,6.92,0
56.19,83.18,52.74,442.12,4.16,49.42,0
72.29,106.22,74.13,452.8,6.5,75.93,1
21.59,20.85,60.73,224.22,7.31,18.63,0
18.8,4.23,53.07,118.72,1.43,0.0,0
43.83,41.6,55.74,300.81,2.84,28.2,0
86.45,171.07,68.18,583.58,5.29,80.93,1
12.77,1.2,64.47,200.0,0.12,8.0,0
66.19,41.61,68.17,290.56,-0.74,41.77,0
35.33,18.66,46.92,191.27,0.21,15.21,0
26.42,13.74,58.85,200.81,3.06,6.96,0
9.29,0.27,52.02,217.26,-4.5,6.46,0
73.12,178.2,83.52,512.47,4.88,83.25,1
40.53,33.11,65.51,274.36,-1.26,26.02,0
17.91,1.79,56.55,154.4,4.89,5.91,0
17.13,15.04,46.1,239.76,1.58,6.12,0
64.7,70.95,56.8,408.53,6.14,62.18,1
52.95,34.71,46.13,297.24,-1.39,26.03,0
47.92,30.24,55.06,237.9,-5.53,16.7,0
48.9,46.83,56.35,357.12,-0.64,34.42,0
65.94,68.51,51.31,418.33,3.72,57.32,1
15.63,15.36,42.41,221.71,-0.16,2.09,0
24.05,0.09,49.13,145.68,-0.6,1.08,0
49.75,36.17,44.8,297.52,-1.05,24.41,0
55.14,38.99,68.27,362.46,-11.73,31.41,0
17.06,26.01,63.71,155.3,-4.52,10.32,0
57.89,48.26,68.35,352.24,-1.45,41.35,0
29.1,0.0,64.03,182.13,1.32,3.76,0
42.05,33.47,53.7,292.74,-3.88,20.21,0
13.27,0.0,44.79,87.02,5.76,2.99,0
18.13,22.9,68.53,144.91,-8.45,6.75,0
34.14,5.71,59.16,200.9,-1.57,12.92,0
11.32,1.24,53.32,73.03,1.16,0.0,0
6.48,3.71,44.53,105.09,1.31,0.0,0
39.48,15.33,59.92,323.59,6.59,19.39,0
9.06,0.0,43.08,79.05,0.47,2.9,0
38.51,23.36,65.53,305.31,9.35,30.23,0
28.81,4.6,55.68,256.96,-6.14,0.0,0
62.55,56.33,62.14,421.92,8.92,57.33,1
73.37,42.17,65.27,319.15,0.2,51.43,1
32.5,2.51,58.76,158.7,-10.55,2.58,0
41.55,27.98,62.61,284.75,-3.59,28.95,0
7.61,4.15,55.96,174.05,3.81,2.69,0
37.47,22.02,47.88,213.78,2.87,19.51,0
74.38,55.29,48.51,406.75,4.09,57.16,1
51.16,26.54,49.18,249.83,-0.4,32.54,0
38.94,12.88,47.19,237.48,-4.95,12.98,0
38.99,3.47,59.28,242.22,-1.24,7.14,0
36.19,6.71,40.2,295.22,3.7,6.94,0
9.5,0.05,42.24,160.91,8.26,9.79,0
9.35,22.53,62.72,226.75,7.82,24.0,0
18.45,7.97,58.62,196.79,-1.27,4.23,0
49.67,36.19,65.67,335.89,4.48,32.3,0
29.58,6.7,58.95,244.01,-2.08,0.0,0
24.7,3.31,47.82,120.07,4.8,3.88,0
60.04,56.1,67.72,386.91,9.94,55.12,1
24.54,13.34,64.04,159.62,-4.06,8.55,0
61.61,55.23,59.41,338.72,7.08,55.43,1
90.89,96.69,69.37,447.93,7.27,76.23,1
30.69,10.65,62.3,270.69,5.14,23.63,0
63.7,48.24,71.94,351.69,4.66,59.58,1
70.69,71.19,59.49,494.6,8.32,68.73,1
53.32,30.53,67.41,253.52,5.61,40.98,0
48.85,40.22,62.55,376.27,3.69,38.96,0
44.83,22.56,50.84,273.67,-6.49,19.1,0
54.36,37.7,67.01,299.01,1.68,38.5,0
58.52,38.89,63.22,343.35,-14.06,33.81,0
24.61,16.89,59.28,204.94,3.72,8.06,0
28.48,11.8,60.89,227.78,7.47,19.77,0
22.61,4.68,47.93,253.06,5.82,1.92,0
11.27,2.39,45.78,114.55,10.2,6.3,0
56.7,38.33,48.86,289.14,3.99,34.44,0
82.0,151.32,65.98,522.95,12.05,87.39,1
68.8,69.06,53.85,390.94,6.82,55.64,1
23.15,14.99,54.05,170.29,3.97,8.26,0
9.94,6.69,63.13,212.01,0.66,3.9,0
56.61,44.73,56.84,321.64,11.34,44.72,0
20.57,3.21,55.71,154.19,6.02,9.45,0
13.91,0.0,61.86,179.61,-1.0,2.92,0
62.12,69.46,61.65,322.73,-3.97,49.92,0
79.76,162.74,82.02,532.5,0.08,80.75,1
14.11,0.21,55.22,123.15,1.63,0.0,0
10.55,2.17,60.03,219.03,-6.42,4.75,0
27.07,0.68,56.26,216.02,-3.41,2.78,0
66.08,55.1,68.82,298.08,3.69,48.22,0
54.8,24.63,47.35,236.62,5.22,37.7,0
31.77,0.0,56.39,160.47,3.84,8.04,0
11.86,1.46,56.79,126.95,2.78,2.57,0
67.24,66.52,63.23,362.1,3.4,61.57,1
13.72,11.26,56.77,207.77,0.22,5.31,0
19.63,4.83,65.04,235.18,3.12,9.07,0
44.1,30.31,54.57,254.24,13.22,31.98,0
27.2,2.17,51.69,283.63,-1.94,3.93,0
24.08,5.45,59.07,132.81,2.07,1.52,0
38.64,21.81,58.14,200.39,-1.97,17.14,0
7.38,7.97,49.13,92.93,-4.44,0.0,0
64.83,38.15,51.71,322.45,-2.86,44.1,0
75.52,90.23,72.01,443.38,-6.49,63.37,1
53.36,42.52,49.22,381.55,0.7,38.14,0
81.93,90.17,59.8,550.13,-0.45,65.8,1
23.45,3.48,64.73,255.49,-4.06,6.32,0
26.23,8.85,50.78,151.18,5.58,8.26,0
19.8,9.25,54.32,173.68,-6.05,0.0,0
34.4,4.75,43.72,234.33,0.49,10.12,0
55.23,89.41,60.97,440.39,2.14,52.72,1
25.86,17.16,65.49,138.9,6.01,10.32,0
40.09,19.19,49.74,279.8,4.64,23.9,0
45.12,20.19,43.07,253.7,2.6,20.8,0
5.74,19.05,59.12,205.57,-0.3,6.17,0
15.57,8.4,58.06,134.36,-6.88,0.0,0
61.75,63.86,57.02,303.44,18.59,57.61,1
69.27,67.93,55.81,458.05,3.78,55.82,1
15.39,0.28,55.34,185.2,2.2,0.63,0
21.35,2.23,45.63,229.88,7.2,8.66,0
61.39,63.02,66.9,416.18,-0.93,58.31,1
38.29,1.33,50.8,239.24,2.47,12.89,0
59.15,45.24,71.59,376.6,8.14,55.07,1
5.24,4.27,57.94,107.47,-0.68,0.72,0
49.0,44.46,66.55,281.19,-2.11,35.54,0
39.49,25.45,60.06,268.66,3.22,22.01,0
24.45,11.65,40.49,205.55,5.07,9.52,0
72.93,60.25,49.75,469.3,-6.22,56.04,1
20.1,13.25,65.08,133.22,-2.44,4.35,0
28.41,4.16,51.54,137.17,-0.34,4.38,0
50.63,17.28,45.04,211.51,5.72,32.03,0
38.46,5.65,49.82,178.09,-6.23,3.67,0
40.29,13.27,50.48,297.49,0.29,14.19,0
69.58,96.7,72.98,505.28,-12.43,61.68,1
18.97,4.07,51.16,135.3,-4.46,2.03,0
6.04,5.83,43.01,195.97,-14.38,0.0,0
69.48,86.61,63.01,355.78,-3.15,61.63,1
39.06,41.41,51.76,329.58,-2.93,20.15,0
23.26,8.12,53.86,193.3,0.8,0.0,0
22.25,27.74,63.01,313.57,0.73,16.87,0
35.84,19.56,61.3,277.3,0.9,18.37,0
39.62,12.6,64.7,307.13,-4.12,14.09,0
37.71,20.33,47.43,227.36,1.25,17.28,0
27.85,20.65,69.85,235.67,7.99,19.31,0
28.76,11.23,56.44,187.34,-8.36,0.0,0
20.93,9.49,58.77,187.57,-7.52,0.0,0
11.83,4.19,45.39,96.23,1.72,2.25,0
65.07,66.9,52.04,432.75,12.27,62.11,1
35.94,2.38,58.27,114.34,-8.15,5.06,0
16.11,19.26,61.08,227.47,0.01,10.03,0
51.09,36.5,53.09,376.64,1.5,36.04,0
22.88,2.91,65.42,192.92,-5.21,2.26,0
11.52,4.41,45.76,139.9,7.22,5.06,0
14.52,0.0,62.52,223.17,-7.84,0.77,0
21.69,2.42,45.75,137.51,0.7,3.46,0
52.09,20.91,62.57,299.54,-2.35,34.41,0
41.21,25.72,57.95,300.23,-1.02,19.04,0
77.72,164.43,75.95,572.14,14.62,85.7,1
74.15,59.79,65.81,398.51,7.45,64.83,1
23.27,1.68,47.89,164.92,0.94,0.0,0
58.27,45.11,69.73,336.72,2.09,44.0,0
22.09,10.95,42.95,281.82,0.11,9.11,0
34.66,3.55,63.77,288.0,4.0,21.25,0
68.05,64.94,59.15,354.86,0.4,54.02,1
7.9,10.69,59.9,177.47,-10.93,3.62,0
34.91,2.67,58.68,259.97,0.95,10.51,0
42.83,37.89,49.1,283.08,-0.05,19.29,0
86.35,145.04,59.73,552.13,1.27,68.26,1
23.84,0.0,43.62,201.38,-8.27,0.0,0
61.99,80.42,62.66,357.68,6.38,58.47,1
30.37,12.57,51.69,173.25,-3.58,9.9,0
14.9,16.7,48.76,148.91,-4.5,7.23,0
47.37,40.43,58.21,334.72,2.74,28.97,0
49.36,41.5,65.31,325.6,-3.23,30.53,0
22.66,3.51,61.92,128.92,-0.72,7.12,0
54.13,87.4,70.22,468.58,8.51,61.84,1
55.05,43.74,59.08,346.44,6.92,44.98,0
9.94,4.22,43.62,223.76,2.67,6.17,0
12.93,1.57,56.12,226.58,-3.58,4.51,0
29.72,1.86,60.97,181.8,-2.72,2.72,0
20.96,3.32,46.97,199.49,-4.87,0.0,0
53.79,22.26,51.36,253.77,4.51,31.2,0
8.78,4.75,65.28,205.07,3.29,8.51,0
58.22,46.22,53.5,444.87,2.2,42.01,0
42.37,28.54,64.65,328.0,8.24,36.22,0
62.03,74.27,54.53,335.79,2.5,52.21,1
31.67,9.81,62.38,218.13,2.6,16.18,0
62.97,61.44,67.25,313.47,4.56,59.84,1
32.01,0.0,59.92,198.41,7.18,13.76,0
32.1,13.35,57.19,263.27,-1.52,7.4,0
5.12,2.06,41.33,156.45,-1.07,0.0,0
50.4,15.6,50.85,284.98,-1.05,26.24,0
31.61,0.0,64.02,212.97,-4.5,11.45,0
72.41,65.05,61.85,452.99,3.12,62.48,1
53.48,20.6,48.72,258.43,4.85,35.01,0
32.08,35.39,55.97,202.29,4.65,21.68,0
50.67,42.29,60.91,385.29,2.34,46.66,0
4.24,15.99,63.72,217.17,3.16,9.66,0
58.1,29.78,50.08,286.92,2.21,36.08,0
70.3,83.09,64.76,430.06,9.04,75.21,1
74.31,48.12,57.8,442.77,1.57,53.51,1
29.57,3.66,62.88,196.54,-0.07,4.25,0
45.92,31.21,43.84,305.18,-3.24,25.35,0
66.24,81.23,67.51,386.26,3.58,59.62,1
56.58,67.23,74.01,305.85,3.2,49.41,0
28.26,6.02,44.44,144.22,-0.55,6.0,0
30.99,13.04,55.86,182.24,14.14,21.48,0
46.58,33.01,51.45,236.82,3.33,26.77,0
18.71,10.91,62.16,231.51,0.87,9.36,0
41.09,4.56,53.44,255.58,-10.28,3.62,0
93.69,109.31,55.91,537.42,13.65,81.03,1
23.59,3.04,59.67,191.8,1.87,0.0,0
27.27,6.85,52.1,271.14,-15.04,0.0,0
35.01,9.15,52.42,241.19,1.16,5.12,0
39.66,23.42,64.01,202.8,-4.96,22.89,0
23.62,14.07,56.24,189.35,1.13,5.48,0
61.81,50.46,71.36,327.21,-7.4,48.92,0
95.69,157.96,84.55,673.45,8.82,94.39,1
18.6,1.53,60.72,177.97,-8.35,0.0,0
30.24,2.92,64.08,185.55,-9.9,5.59,0
62.25,61.09,65.15,387.12,-2.56,58.45,1
74.02,78.02,52.71,437.11,11.41,71.49,1
65.51,51.32,53.86,346.65,10.2,54.95,1
31.03,0.98,58.12,153.99,0.61,4.08,0
89.11,99.57,59.46,511.07,6.62,68.4,1
22.96,5.65,54.53,193.35,1.29,0.0,0
19.74,2.14,46.17,126.75,-3.99,0.0,0
31.35,14.27,50.31,293.76,-2.62,14.16,0
6.5,15.79,44.52,122.24,0.27,0.0,0
75.79,153.33,73.87,534.59,10.78,80.05,1
46.5,14.28,47.82,307.22,-4.0,19.0,0
22.94,1.97,50.21,231.93,4.31,6.68,0
6.32,0.0,61.75,144.2,2.09,6.09,0
15.27,0.57,54.52,241.51,6.84,11.42,0
36.78,34.74,60.42,254.07,-2.79,18.36,0
20.04,0.0,55.65,141.92,-2.13,0.0,0
55.75,71.25,59.6,448.23,4.41,43.6,0
17.0,15.69,44.03,88.09,2.27,7.54,0
38.09,9.43,43.68,207.58,3.06,11.19,0
14.47,17.26,65.78,195.06,-3.2,6.57,0
23.82,0.0,45.53,154.24,6.31,1.88,0
51.37,27.42,43.37,281.4,13.64,39.7,0
40.63,22.6,47.53,208.85,4.76,25.14,0
56.66,88.06,66.01,449.47,3.42,47.6,0
27.4,1.42,49.27,174.35,1.04,1.82,0
23.26,5.08,53.33,126.92,7.45,5.26,0
9.96,3.29,53.63,234.69,-0.96,3.24,0
38.97,36.12,46.94,254.63,4.69,19.04,0
34.65,2.92,55.95,195.36,-0.88,11.29,0
5.66,0.57,63.7,164.05,4.32,5.76,0
28.61,6.11,49.31,197.01,-1.63,0.0,0
33.1,1.38,43.29,173.35,-0.48,5.57,0
25.18,0.0,64.06,132.59,0.81,8.51,0
45.41,18.01,58.27,263.11,0.05,21.89,0
22.48,21.71,67.03,163.05,6.16,17.03,0
31.71,13.25,47.03,239.0,2.79,15.96,0
59.34,28.07,69.45,304.44,0.09,35.11,0
5.89,5.74,54.28,129.09,-3.31,1.05,0
63.09,86.7,67.29,360.81,6.62,64.15,1
36.0,12.08,58.1,175.63,-1.41,10.0,0
51.28,38.16,59.24,374.11,-0.75,38.23,0
20.72,15.85,63.25,118.39,4.3,13.55,0
32.47,16.75,47.94,258.42,-8.68,7.0,0
71.5,80.34,72.33,428.83,8.27,74.78,1
40.87,36.44,56.0,330.02,-2.89,25.22,0
51.61,30.91,44.78,327.01,2.11,33.8,0
22.98,7.71,57.01,202.76,0.23,3.33,0
39.86,17.13,44.43,275.46,-0.98,14.48,0
33.91,5.67,65.45,126.42,-1.65,14.54,0
16.53,11.49,41.01,229.41,3.62,11.22,0
42.27,21.98,52.11,239.0,2.33,24.3,0
9.02,20.05,58.6,213.32,4.39,13.01,0
30.09,23.52,66.48,219.09,-2.63,21.98,0
11.69,2.6,47.41,219.4,-6.95,0.0,0
71.47,71.0,66.82,424.84,-0.82,68.87,1
22.8,2.04,55.0,154.33,-2.38,0.5,0
10.62,2.93,49.11,157.95,-1.58,0.0,0
53.79,44.37,47.1,339.59,6.87,41.33,0
23.67,2.54,60.6,116.35,3.75,3.91,0
13.82,0.47,46.32,238.11,6.97,11.95,0
54.44,77.78,53.96,418.31,5.97,49.48,0
53.28,31.97,55.56,348.76,-2.18,29.22,0
68.9,55.45,57.51,351.04,8.88,58.69,1
17.93,20.11,60.64,231.68,-2.82,12.19,0
23.36,5.38,52.31,223.94,-8.1,0.0,0
13.85,4.21,41.35,191.49,0.37,0.0,0
54.86,69.17,53.94,329.98,1.1,42.81,0
31.49,2.56,47.73,255.79,8.78,15.36,0
16.45,0.82,57.97,85.66,5.01,4.81,0
5.9,0.0,50.09,142.9,2.97,5.95,0
23.22,14.97,63.2,183.48,-3.69,3.28,0
9.43,1.51,43.17,114.48,-5.05,0.0,0
14.91,9.55,44.68,177.01,7.45,4.13,0
24.33,25.96,45.48,256.07,-0.23,16.71,0
56.88,79.33,74.43,331.06,3.49,55.23,1
24.43,8.37,61.65,180.89,-4.86,0.37,0
25.43,4.23,53.86,198.63,-4.25,0.0,0
26.1,9.11,38.77,215.64,3.59,7.74,0
37.8,1.59,60.46,236.03,4.83,13.66,0
57.52,63.5,69.54,413.12,1.56,52.16,1
55.66,83.38,74.87,346.07,0.25,48.02,0
10.41,4.42,60.89,213.0,3.52,3.63,0
6.79,3.78,57.11,145.6,3.38,3.02,0
38.88,3.76,46.68,277.93,4.29,8.84,0
12.79,25.05,51.14,188.96,-0.86,11.34,0
11.57,20.64,40.81,256.88,-4.82,13.66,0
35.23,14.91,58.19,251.84,-0.2,14.36,0
46.56,29.88,60.02,246.36,8.69,35.66,0
33.18,7.53,51.9,181.45,-3.26,10.71,0
46.11,34.02,52.65,312.33,-2.59,19.72,0
68.47,86.27,54.56,396.09,10.87,59.4,1
14.19,3.25,42.9,119.89,7.67,4.82,0
70.36,162.76,83.24,542.99,12.71,87.2,1
21.21,17.24,63.27,218.04,-0.48,13.63,0
24.75,2.18,54.69,262.09,-6.65,0.0,0
53.24,27.0,59.02,299.91,4.58,34.21,0
51.2,37.12,66.54,337.56,2.94,36.82,0
4.93,7.14,60.14,188.75,-3.5,2.08,0
23.9,20.67,61.49,246.35,1.11,13.92,0
21.75,4.54,42.65,169.12,4.87,2.85,0
25.07,8.32,63.05,173.28,-2.79,8.04,0
32.32,2.53,64.16,170.08,-5.47,2.9,0
48.75,41.01,55.11,334.89,0.34,25.94,0
33.98,10.36,53.14,174.53,-1.81,10.62,0
60.44,45.61,51.19,351.81,-2.28,47.41,0
22.18,1.07,49.28,198.73,1.86,4.9,0
33.21,19.26,51.39,193.79,2.77,12.27,0
50.54,29.38,47.8,231.21,3.67,29.39,0
76.53,160.61,63.76,552.44,6.93,77.59,1
82.42,81.36,54.63,423.33,12.55,76.46,1
59.68,77.06,49.23,399.44,0.36,45.23,0
49.19,24.55,53.48,256.23,1.99,26.35,0
41.8,19.8,56.73,316.71,8.28,26.58,0
71.71,76.42,70.76,342.8,6.95,70.87,1
76.06,126.15,63.43,588.02,9.35,75.87,1
50.68,33.5,58.89,349.26,-0.33,27.18,0
29.25,18.9,45.63,206.6,-1.17,5.71,0
38.69,31.45,61.62,200.13,5.97,25.43,0
26.29,2.9,52.34,234.98,5.7,6.72,0
57.48,84.22,69.41,423.33,5.28,51.13,1
55.84,42.3,62.9,374.38,-4.2,42.59,0
31.98,12.39,51.8,158.49,-7.59,5.12,0
72.97,83.62,72.1,465.49,7.07,75.2,1
52.69,41.86,67.08,291.53,-0.88,43.8,0
74.58,55.34,69.54,397.06,8.09,69.04,1
20.13,7.09,54.33,235.71,-0.37,5.63,0
15.35,3.43,62.45,216.06,1.16,7.93,0
25.83,5.41,60.59,192.92,-4.47,2.46,0
9.92,0.0,52.5,141.77,-2.06,0.0,0
38.08,7.0,61.35,230.84,-0.37,14.29,0
35.9,6.83,58.41,164.47,-3.2,6.31,0
54.42,19.53,48.87,219.5,-3.27,29.01,0
66.11,41.96,61.02,393.09,1.95,56.16,1
57.3,47.46,57.42,355.71,2.34,45.51,0
46.2,34.36,48.19,355.97,6.38,32.65,0
59.8,40.48,47.84,364.19,-3.38,36.57,0
7.24,2.41,52.66,159.95,-0.53,1.41,0
20.58,0.0,62.35,158.82,-5.07,1.21,0
48.8,24.36,43.64,242.44,8.26,29.21,0
71.92,76.1,69.33,433.27,4.14,70.41,1
18.29,28.45,58.45,132.97,4.2,8.5,0
9.52,18.66,46.94,252.67,8.66,12.69,0
18.78,4.05,43.15,131.63,-0.14,0.07,0
19.44,8.02,51.75,240.69,-1.22,4.16,0
39.26,41.21,64.81,307.09,-6.18,18.22,0
12.02,3.57,48.21,162.36,-6.41,0.0,0
53.51,46.52,48.19,410.27,-8.69,37.01,0
15.06,8.41,58.37,180.54,-0.88,0.0,0
4.55,1.3,39.69,171.22,7.22,5.19,0
59.05,31.41,57.37,306.16,0.96,30.29,0
42.19,33.12,50.47,273.93,-2.56,17.68,0
39.65,17.92,66.82,192.19,0.65,12.34,0
48.5,20.58,52.03,205.13,5.45,25.64,0
13.97,16.94,58.91,238.62,3.55,7.84,0
23.16,15.95,46.63,174.89,-2.25,6.37,0
42.46,33.74,56.15,257.52,10.38,31.54,0
39.95,33.85,49.37,290.25,-6.83,11.02,0
16.56,5.86,45.09,195.1,-4.33,4.31,0
56.65,44.52,55.74,431.75,-4.88,40.98,0
42.48,33.68,60.39,305.51,8.95,36.57,0
36.94,13.71,60.77,198.39,-4.29,16.95,0
7.83,3.23,61.16,160.47,11.54,13.69,0
21.27,12.14,64.06,129.01,10.97,12.37,0
7.05,1.46,48.1,187.71,2.47,1.5,0
12.67,6.42,57.02,165.08,2.9,2.57,0
25.69,0.23,44.13,109.7,-0.82,0.0,0
34.82,25.69,57.05,281.8,10.38,24.41,0
21.8,7.14,62.43,185.53,5.61,3.69,0
38.1,44.83,54.24,360.79,5.7,28.63,0
31.96,7.21,63.5,181.92,7.01,10.38,0
66.81,86.67,69.01,439.21,-4.19,57.38,1
14.1,2.22,54.2,135.62,-3.41,1.93,0
7.77,11.76,61.55,120.92,0.68,11.33,0
43.85,40.51,54.99,262.34,0.01,30.44,0
35.74,28.53,59.0,217.48,7.7,21.21,0
34.65,0.0,60.39,238.05,-4.9,13.98,0
24.75,0.0,60.65,207.18,6.55,12.64,0
38.04,20.38,46.95,305.11,-7.85,12.6,0
8.9,4.22,56.11,181.98,-6.98,0.0,0
45.04,30.68,51.56,213.98,1.38,26.39,0
5.09,13.06,41.01,164.67,-4.46,0.02,0
73.57,88.36,66.77,446.0,0.09,69.57,1
43.54,23.78,45.43,205.01,5.28,24.65,0
10.79,4.74,38.51,176.57,1.3,0.0,0
6.23,1.89,64.8,59.15,-1.95,2.94,0
4.42,2.01,52.51,158.81,-0.07,0.74,0
37.67,6.83,64.68,234.61,-7.51,6.8,0
25.43,0.41,64.88,142.56,-4.48,1.45,0
16.26,5.4,45.18,155.92,5.79,7.08,0
46.54,41.26,69.67,346.81,4.17,30.96,0
66.4,74.45,63.61,399.81,4.37,60.77,1
8.21,10.21,52.86,221.87,-9.4,4.88,0
6.5,14.93,48.83,141.41,7.8,13.61,0
10.48,18.34,58.14,251.03,-4.86,7.44,0
8.45,24.17,60.21,111.07,-7.24,7.83,0
11.1,9.21,50.42,198.53,0.22,0.0,0
56.03,40.13,65.62,321.41,5.88,48.51,0
13.96,1.04,59.65,161.74,-1.05,0.0,0
94.0,147.43,64.53,565.21,-5.0,75.78,1
40.13,33.63,67.97,284.8,7.62,28.29,0
11.26,0.0,55.01,166.16,-1.45,0.75,0
8.34,9.32,53.55,98.72,2.7,5.83,0
7.77,2.62,61.67,234.4,-6.81,2.75,0
27.75,2.15,64.8,126.24,3.61,5.24,0
32.77,3.91,61.15,165.12,5.56,12.0,0
10.99,1.47,51.55,148.29,-5.93,0.0,0
37.43,0.19,40.95,203.32,-1.64,9.33,0
24.09,31.55,57.65,282.75,-1.05,11.41,0
5.98,6.74,50.24,171.69,-8.31,0.0,0
48.79,39.39,53.61,236.38,7.27,26.67,0
33.05,2.36,59.15,207.45,-0.88,10.86,0
30.38,8.58,53.49,260.4,3.15,8.42,0
15.34,5.12,39.66,180.21,4.06,4.24,0
40.82,26.32,48.64,267.11,0.72,23.56,0
7.9,0.0,46.15,170.08,0.32,0.0,0
21.87,2.68,46.84,221.16,2.44,2.3,0
14.45,0.0,42.83,210.89,-0.31,2.12,0
36.35,20.4,64.23,272.19,4.22,24.58,0
75.28,133.76,79.45,433.55,7.91,76.87,1
31.82,1.85,45.36,178.54,-2.81,4.89,0
7.22,0.16,59.63,196.29,-0.39,0.0,0
48.01,38.37,62.22,344.12,2.04,28.22,0
41.01,12.02,45.97,255.92,4.19,22.51,0
29.34,2.02,61.19,279.66,2.31,12.18,0
68.3,76.66,64.21,403.54,6.95,63.72,1
84.77,142.03,82.07,593.55,1.76,85.7,1
13.84,4.85,60.15,200.35,3.25,10.51,0
13.63,15.44,55.42,156.56,-1.79,7.73,0
31.21,2.05,40.83,255.66,0.5,6.84,0
27.65,0.0,67.37,235.51,3.41,9.0,0
46.77,37.68,65.69,287.77,4.3,27.03,0
88.29,158.22,73.02,590.26,1.43,76.98,1
54.28,25.88,43.88,232.43,-1.6,28.1,0
21.17,8.7,46.91,116.86,-0.39,0.0,0
37.08,18.35,60.04,254.17,13.06,23.77,0
36.61,35.96,51.66,260.99,-2.4,14.93,0
14.09,1.43,56.57,215.29,-5.44,0.0,0
35.66,18.71,49.55,306.32,9.11,18.84,0
89.35,170.76,78.33,659.26,14.09,94.5,1
7.45,8.51,55.14,88.11,6.69,3.3,0
28.62,0.0,46.66,124.16,0.08,2.84,0
14.59,58.61,72.84,256.18,12.16,36.07,0
37.79,9.52,58.32,221.98,-2.18,7.99,0
72.97,83.05,62.8,420.23,-2.06,65.75,1
31.9,0.0,46.83,256.65,4.11,12.15,0
24.52,18.36,64.57,249.67,9.04,21.13,0
32.79,10.51,45.24,243.41,6.36,17.56,0
25.33,6.92,47.27,115.97,3.37,0.0,0
20.54,9.12,61.56,220.51,-13.07,4.31,0
50.54,41.65,55.67,312.63,-4.27,36.97,0
22.57,2.97,52.07,126.17,-2.56,3.11,0
32.85,32.92,55.93,194.58,-0.03,15.94,0
71.47,38.39,69.97,265.97,-2.05,46.9,0
74.41,93.01,53.55,357.02,5.23,66.14,1
34.37,0.0,63.35,164.74,9.78,13.17,0
27.36,21.94,53.45,151.21,3.25,5.1,0
71.96,162.4,81.5,495.29,10.65,86.07,1
26.09,2.48,51.7,298.88,6.32,5.32,0
41.32,38.03,46.5,267.08,0.33,22.98,0
17.37,2.24,59.22,194.45,-6.96,0.0,0
16.0,5.26,48.65,182.94,-6.04,0.0,0
29.74,6.34,41.76,206.83,8.99,12.12,0
74.26,124.19,72.86,522.72,0.88,78.48,1
23.61,3.84,42.5,214.67,-6.84,0.0,0
47.18,22.51,48.02,277.7,-5.72,15.17,0
63.89,55.1,58.89,357.17,11.3,61.99,1
16.74,12.51,48.64,237.71,1.05,1.17,0
15.21,9.32,40.48,196.0,-3.84,0.0,0
22.29,3.34,64.42,99.23,3.26,7.63,0
23.92,0.0,64.39,124.63,-1.25,5.48,0
14.16,19.4,58.25,133.32,0.95,5.09,0
20.97,19.06,58.29,257.9,4.71,6.97,0
27.33,9.51,56.08,132.55,5.19,4.84,0
16.74,0.0,58.81,181.39,-1.37,0.94,0
68.69,78.91,63.67,474.74,0.39,58.29,1
34.73,11.17,49.49,197.62,6.16,14.09,0
18.35,3.07,49.85,148.68,-4.76,0.11,0
49.81,17.12,66.37,325.88,0.59,24.81,0
33.87,6.62,49.92,147.41,1.88,6.27,0
39.11,8.1,46.65,234.6,-6.3,3.37,0
52.6,21.96,44.05,216.78,-11.55,25.48,0
44.04,16.76,44.82,246.54,-0.77,18.84,0
6.31,16.41,63.76,255.15,3.52,10.88,0
15.72,18.34,61.82,130.98,-0.14,4.7,0
32.39,0.0,63.73,145.48,3.26,8.17,0
10.32,8.91,54.38,113.17,-10.26,0.0,0
76.15,54.82,57.88,434.14,-1.84,52.71,1
91.75,150.55,76.41,548.54,14.79,88.37,1
44.97,45.02,48.01,337.3,2.64,24.23,0
39.57,19.5,64.16,257.6,-2.77,18.68,0
41.56,27.56,62.88,317.81,-3.0,23.66,0
15.88,27.94,51.21,234.14,6.73,14.75,0
7.36,28.03,49.39,226.0,-0.62,8.77,0
30.03,3.0,59.27,143.39,-5.01,0.0,0
70.59,67.93,63.65,412.89,5.46,70.74,1
57.54,40.72,52.73,342.8,0.11,38.24,0
66.97,65.25,55.02,354.48,3.75,56.61,1
33.03,7.9,56.45,181.1,-7.03,0.0,0
65.18,42.81,50.58,284.38,8.13,49.38,0
56.08,61.43,48.79,366.46,8.91,51.56,1
21.59,5.58,51.84,230.92,5.9,7.4,0
26.96,8.71,40.57,229.19,1.78,1.99,0
55.81,22.14,47.92,270.67,-5.64,24.08,0
21.95,7.2,57.54,241.31,-6.1,0.0,0
35.96,19.51,66.01,295.99,-5.45,11.91,0
37.61,25.66,46.63,253.6,6.05,19.95,0
36.1,6.62,58.81,283.38,0.83,7.37,0
56.6,46.43,52.03,327.83,9.33,43.35,0
43.26,25.56,53.99,249.21,3.83,21.09,0
40.31,1.11,57.12,278.31,-1.95,14.19,0
19.97,7.76,46.78,163.85,5.82,5.76,0
54.69,90.06,66.89,401.33,4.95,51.24,1
27.93,3.16,50.31,176.03,4.96,2.34,0
20.7,9.32,55.33,188.33,2.6,9.31,0
84.79,81.89,49.13,441.56,11.4,73.55,1
56.19,44.04,64.66,249.23,15.43,50.21,1
24.65,13.65,46.98,229.4,3.55,7.73,0
14.76,6.24,65.93,101.89,-3.21,6.35,0
29.86,8.57,50.46,268.35,7.26,10.18,0
33.6,38.88,43.55,371.96,9.73,28.77,0
54.94,19.72,64.5,340.17,-0.03,30.08,0
66.6,66.13,62.62,348.88,5.9,57.06,1
37.34,21.85,62.07,223.13,5.48,26.56,0
14.25,6.25,50.62,276.71,6.53,12.43,0
24.87,13.29,49.36,246.42,6.49,8.09,0
55.41,60.61,49.16,451.59,9.11,53.95,1
12.56,10.18,64.38,172.64,5.69,8.47,0
56.49,72.27,64.96,405.78,11.1,57.4,1
9.61,17.03,49.09,110.4,5.43,7.84,0
12.94,0.0,57.29,123.65,4.19,1.63,0
16.7,0.0,39.73,199.13,-2.17,0.0,0
19.05,0.0,62.9,101.3,4.83,5.54,0
5.63,5.28,41.5,105.44,-2.81,0.0,0
50.39,42.15,64.22,366.42,4.95,47.32,0
50.97,44.05,51.12,236.64,-2.0,34.13,0
56.09,41.69,55.23,352.05,7.73,46.52,0
52.37,34.83,69.99,272.27,-3.19,32.69,0
44.4,35.74,68.6,346.13,5.63,35.37,0
35.9,6.64,63.66,224.1,-0.39,17.78,0
43.93,40.29,46.94,292.42,-0.66,30.03,0
72.77,38.87,65.75,364.04,4.86,55.04,1
5.85,0.0,43.5,117.5,-2.2,0.0,0
46.33,33.43,53.5,350.95,0.34,27.81,0
15.46,17.6,45.42,199.5,3.77,7.47,0
68.82,55.59,57.04,427.49,-1.98,42.55,0
17.43,2.51,45.57,149.45,7.57,6.46,0
94.15,151.36,73.6,613.09,14.49,89.72,1
41.22,31.43,62.36,252.75,-0.58,25.36,0
37.88,0.0,44.56,234.55,-3.03,12.33,0
43.49,21.91,57.09,247.01,1.94,24.38,0
7.35,8.83,45.75,210.92,-0.8,2.36,0
37.0,26.52,56.56,183.81,1.06,21.46,0
43.43,30.85,49.52,295.27,-4.83,24.87,0
12.24,11.01,58.3,148.74,-0.36,5.39,0
39.62,34.11,65.05,233.87,6.26,26.04,0
17.59,6.34,49.16,138.19,-5.33,0.0,0
32.64,26.85,65.93,287.48,-7.96,14.86,0
19.21,0.0,49.42,143.63,0.06,1.02,0
6.85,0.0,54.66,53.69,-0.64,0.0,0
37.89,18.42,61.57,303.1,2.81,21.82,0
52.47,40.28,48.33,308.32,-1.28,33.5,0
25.49,5.46,43.86,190.21,5.28,4.62,0
37.08,14.68,67.31,166.24,-4.28,14.0,0
7.68,8.35,58.73,219.22,-10.32,0.0,0
11.73,0.0,48.27,154.91,2.81,2.71,0
26.77,4.77,64.98,147.68,-3.59,0.0,0
14.26,33.2,65.73,242.78,-10.49,13.54,0
58.58,40.41,58.76,394.51,-0.38,40.44,0
45.88,39.7,49.54,263.47,4.67,27.39,0
14.79,8.45,44.05,191.02,4.24,0.22,0
19.76,17.83,58.08,261.9,6.93,13.47,0
34.27,21.76,57.42,307.26,9.36,25.12,0
42.37,40.13,48.09,235.15,-4.82,30.46,0
54.43,21.02,59.1,235.75,-8.0,28.19,0
31.43,4.5,62.13,220.62,-6.57,13.11,0
57.65,73.79,52.36,312.2,10.25,49.34,0
20.84,0.36,47.45,177.05,0.77,0.0,0
23.5,11.48,55.31,218.34,-10.13,3.95,0
37.72,2.13,45.24,208.41,-4.14,5.61,0
40.92,24.31,49.16,290.19,0.88,20.57,0
9.21,17.1,60.32,80.9,-0.26,8.7,0
42.85,30.02,45.0,273.26,12.58,33.39,0
72.05,63.23,70.67,373.89,8.35,74.24,1
49.22,32.42,57.13,258.31,3.01,27.17,0
30.95,5.52,42.11,194.39,8.16,16.48,0
10.4,5.97,60.37,74.7,0.81,1.88,0
38.6,15.94,45.82,199.06,-6.57,7.9,0
69.86,71.9,68.79,369.99,3.83,65.96,1
74.01,143.94,69.61,491.87,0.22,71.05,1
35.38,24.98,42.87,282.98,3.11,19.67,0
40.01,5.58,46.12,178.11,7.04,16.54,0
90.61,173.89,71.62,665.68,2.11,84.22,1
73.31,159.37,73.57,583.22,7.54,84.78,1
9.18,20.2,64.75,227.36,4.79,18.11,0
16.14,3.59,44.57,135.19,1.09,2.49,0
39.76,23.09,49.85,308.37,-4.58,18.47,0
41.87,24.27,60.63,272.39,4.1,26.96,0
71.02,57.26,64.11,374.6,4.58,59.91,1
25.53,41.38,56.65,177.51,19.3,26.86,0
10.8,9.47,51.93,168.62,5.13,12.36,0
70.55,48.45,67.02,429.5,2.22,60.64,1
39.98,12.09,64.17,188.43,-2.1,15.67,0
14.39,5.45,54.11,120.09,10.58,7.08,0
59.91,75.9,56.1,328.17,6.52,48.22,0
22.26,9.9,57.64,175.15,4.51,3.12,0
31.68,8.32,56.32,178.11,5.39,12.86,0
35.38,0.0,57.75,187.26,0.22,2.72,0
14.69,3.54,45.77,146.5,-1.25,1.47,0
59.82,41.08,47.59,298.25,7.79,36.15,0
14.45,10.67,46.66,211.21,9.0,16.57,0
24.08,15.43,51.91,215.48,3.89,7.26,0
83.25,80.96,60.31,423.28,0.2,69.58,1
31.54,1.39,60.4,157.36,0.57,13.59,0
33.36,8.44,40.43,264.29,-0.42,11.84,0
17.75,39.53,66.56,172.62,-10.4,4.41,0
74.24,58.97,64.03,449.52,9.7,62.43,1
41.98,17.69,62.55,286.76,-4.19,24.79,0
12.09,3.42,58.99,115.16,-1.52,0.0,0
29.18,9.04,47.76,181.16,-0.47,2.33,0
38.95,4.65,54.0,181.49,1.27,6.78,0
8.36,3.83,55.64,159.23,-3.52,0.0,0
52.22,17.32,48.79,280.71,-0.97,27.69,0
10.87,11.17,60.93,173.65,-0.69,10.4,0
56.46,72.79,68.51,326.39,8.0,56.88,1
9.13,11.83,44.31,144.18,7.01,8.16,0
76.68,67.05,54.89,382.29,0.88,58.99,1
9.89,5.34,44.28,210.31,-5.6,1.01,0
22.79,4.52,63.9,198.48,9.16,13.91,0
41.91,31.81,49.78,324.69,0.2,24.99,0
61.15,47.36,60.84,412.64,-2.2,55.14,1
34.46,3.6,43.94,227.67,1.3,12.56,0
5.83,2.8,52.29,120.92,0.75,0.0,0
39.31,11.32,47.13,309.39,3.0,11.54,0
34.74,7.41,61.02,139.16,4.88,13.78,0
32.3,0.41,55.13,147.91,-5.68,0.0,0
55.37,34.01,66.8,321.74,6.49,35.61,0
9.86,2.85,64.36,224.01,4.96,14.63,0
22.03,3.96,50.81,235.75,1.26,1.77,0
20.1,0.58,56.83,248.55,-5.89,0.0,0
38.44,36.89,53.45,266.43,-2.87,15.77,0
64.28,63.49,70.22,486.72,8.54,72.92,1
29.1,7.51,53.21,265.93,1.11,2.38,0
11.48,17.22,53.19,168.92,-9.63,0.68,0
17.51,4.41,52.82,192.51,-1.49,0.0,0
58.52,79.25,74.42,457.24,6.15,57.04,1
70.44,62.3,59.42,462.07,13.22,69.6,1
60.1,64.1,58.81,322.04,0.82,49.2,0
20.49,24.6,57.19,203.19,-0.55,10.51,0
15.63,8.88,64.01,225.67,1.43,8.79,0
57.18,78.33,56.88,347.74,5.0,49.94,0
35.81,0.0,45.1,185.17,-2.41,7.96,0
74.66,91.59,62.61,449.62,4.03,65.24,1
58.83,79.19,71.5,395.96,13.95,63.15,1
9.49,2.46,44.42,171.33,0.69,0.0,0
25.59,14.58,44.08,159.44,-2.14,3.37,0
28.5,5.19,56.02,198.76,11.52,11.72,0
38.44,0.0,64.08,186.44,-3.29,11.97,0
84.8,137.14,57.87,516.38,9.2,82.41,1
2.31,0.76,59.14,172.21,5.19,4.11,0
41.23,24.66,46.3,268.32,7.38,24.25,0
32.55,8.69,61.03,231.19,7.24,13.29,0
66.21,70.83,59.13,408.31,-2.39,51.47,1
52.65,32.84,56.69,278.29,5.25,37.57,0
34.44,3.24,47.53,176.34,0.31,6.91,0
56.86,39.79,56.6,301.9,2.26,32.75,0
5.72,1.91,43.56,83.18,10.71,8.25,0
16.05,0.82,48.02,108.41,1.59,3.33,0
37.41,37.39,62.73,193.97,7.97,25.47,0
49.13,44.55,60.21,285.94,9.1,44.67,0
16.8,0.0,52.14,154.36,10.27,5.46,0
61.48,70.39,68.2,464.4,7.06,61.08,1
39.66,0.0,52.18,205.51,3.4,15.23,0
5.82,0.6,42.05,134.87,0.53,0.66,0
8.09,5.42,56.27,97.84,6.79,9.87,0
2.84,0.0,56.44,210.21,1.25,1.51,0
57.06,24.13,64.66,356.41,14.85,48.05,0
56.87,78.21,53.32,396.26,7.87,50.89,1
36.85,31.14,58.07,313.44,-1.57,13.26,0
25.55,5.15,62.29,141.3,-5.53,1.02,0
35.19,3.35,61.27,274.18,-1.77,13.57,0
25.07,9.89,63.42,152.33,3.26,6.14,0
21.5,11.63,57.45,184.84,9.07,11.8,0
41.38,32.62,68.12,281.66,6.01,31.58,0
33.25,6.35,43.3,294.22,2.23,10.69,0
34.58,7.83,61.49,198.7,-0.2,10.44,0
16.5,9.71,45.24,210.57,-10.09,0.0,0
66.31,50.04,50.62,295.44,1.39,44.98,0
83.1,151.68,73.53,551.76,0.98,82.07,1
59.88,77.58,51.52,407.68,-1.98,43.95,0
26.01,6.15,47.91,235.85,-0.78,1.58,0
95.75,100.26,70.74,561.44,18.43,90.16,1
66.0,53.15,53.08,428.7,6.61,47.08,0
11.39,8.3,42.95,181.31,-3.22,3.32,0
61.73,53.61,63.43,421.25,5.76,59.22,1
50.34,39.66,63.34,363.09,-3.17,41.77,0
15.36,0.0,63.4,151.71,-5.04,0.73,0
34.42,4.0,49.07,251.18,-5.98,2.65,0
48.37,40.72,55.5,256.27,-8.17,25.87,0
39.74,35.43,52.05,240.02,11.26,28.81,0
36.05,0.0,61.86,182.13,-4.56,14.01,0
24.54,13.96,50.95,281.84,8.95,14.81,0
11.41,8.78,48.46,159.68,-1.59,3.03,0
14.5,9.2,60.6,190.61,1.76,0.59,0
35.31,6.39,55.26,279.83,-5.63,4.58,0
37.61,0.0,53.54,208.85,-6.37,4.44,0
13.75,11.55,61.55,129.72,4.36,8.85,0
76.03,142.45,63.05,574.23,10.38,82.83,1
19.99,7.44,57.2,199.4,-9.86,0.0,0
19.96,6.23,41.95,211.81,6.27,4.68,0
44.21,16.22,65.66,265.04,0.27,25.65,0
65.1,63.19,46.87,469.73,-0.96,54.99,1
57.56,24.31,57.82,281.51,-9.29,26.81,0
9.56,5.63,47.99,171.28,1.7,0.0,0
69.76,41.61,68.77,443.78,8.01,64.61,1
63.33,43.44,69.41,403.89,15.93,65.93,1
47.23,31.1,70.61,199.91,8.05,38.1,0
27.39,0.0,55.64,153.59,-8.85,0.0,0
25.7,4.21,57.13,178.0,0.92,5.69,0
68.32,49.6,61.13,401.36,-7.54,45.06,0
35.26,0.0,41.98,155.94,-5.44,0.0,0
23.2,2.1,48.06,115.07,8.52,10.09,0
40.19,4.49,41.91,281.14,7.0,17.9,0
21.53,13.64,48.07,128.13,0.35,5.54,0
9.9,4.63,50.48,155.77,4.4,3.31,0
19.7,0.66,43.31,115.73,-2.67,0.52,0
48.79,28.13,64.95,339.95,4.21,28.93,0
22.81,0.0,56.76,150.53,10.18,9.13,0
68.47,94.07,59.57,475.67,9.06,61.53,1
31.93,18.51,42.68,176.4,3.3,12.74,0
23.03,15.84,44.31,162.9,1.6,1.78,0
5.11,0.0,40.66,195.42,9.83,7.8,0
67.51,46.95,51.16,464.65,4.32,46.91,0
13.72,7.33,47.27,193.04,-0.33,0.0,0
94.17,97.2,76.27,453.48,2.7,78.73,1
71.98,63.4,72.24,390.09,1.04,70.88,1
52.2,29.58,63.09,309.12,-2.5,32.34,0
16.69,4.17,43.54,97.07,1.92,2.98,0
65.15,86.56,63.94,433.49,5.03,64.73,1
39.86,19.63,48.73,220.81,6.74,19.09,0
28.93,13.81,54.76,140.57,5.07,7.77,0
57.86,54.48,55.84,344.86,10.8,45.01,0
37.89,9.39,62.52,272.94,-6.01,4.85,0
68.58,43.48,58.76,403.14,6.5,52.37,1
68.78,51.86,72.99,426.28,-4.54,59.74,1
9.12,3.14,64.73,68.53,-4.92,5.73,0
34.55,17.77,60.96,223.41,2.11,24.05,0
28.96,0.0,47.5,200.25,0.65,0.0,0
56.44,38.51,53.24,342.66,0.94,27.99,0
6.53,3.18,62.08,203.71,0.5,8.58,0
6.48,9.67,42.92,105.17,2.52,2.47,0
76.25,80.76,50.91,385.52,0.46,62.35,1
50.35,39.3,50.11,293.96,7.18,30.29,0
14.99,10.97,49.93,216.99,-4.49,6.59,0
42.89,41.17,48.79,265.34,10.95,32.19,0
26.2,0.0,48.99,131.12,3.59,2.62,0
38.77,5.05,49.56,253.81,-0.25,6.76,0
26.69,8.93,65.24,278.83,10.8,14.08,0
56.07,38.94,56.71,285.42,-6.05,32.16,0
21.34,0.5,49.32,140.51,8.61,6.72,0
17.95,5.7,52.93,228.35,3.68,2.08,0
33.45,4.31,60.25,164.13,3.96,11.45,0
25.19,12.84,49.22,260.11,1.38,7.53,0
8.71,2.89,55.14,179.36,0.04,0.25,0
28.96,0.0,43.83,256.74,-3.92,1.21,0
8.35,2.64,47.95,178.67,5.88,5.86,0
29.91,11.85,49.7,248.02,-4.46,3.01,0
34.16,11.15,49.45,176.63,5.73,14.25,0
55.52,56.31,55.75,327.73,8.82,42.48,0
13.42,9.62,51.41,139.0,1.21,1.02,0
47.32,23.84,61.12,349.07,0.1,25.57,0
15.29,8.26,58.33,258.3,-9.46,0.0,0
8.5,2.78,56.82,208.14,-6.98,0.0,0
10.59,2.96,61.83,135.35,-1.17,1.84,0
35.62,35.21,62.75,214.73,0.14,22.38,0
73.81,168.71,71.63,569.1,3.2,77.6,1
10.6,8.82,54.93,128.09,-6.88,0.0,0
27.15,2.56,49.79,150.33,-4.99,3.99,0
46.81,18.82,59.42,290.49,-0.1,18.79,0
26.95,1.81,64.65,219.63,-2.09,7.71,0
47.21,27.08,45.37,284.42,0.14,22.53,0
21.09,8.03,47.15,155.63,-5.88,0.0,0
8.75,7.61,43.96,201.36,0.46,0.0,0
38.42,0.0,55.83,175.07,-0.77,6.63,0
27.27,3.03,47.03,173.13,-2.52,4.9,0
23.82,15.81,58.77,213.04,-5.44,1.14,0
37.14,28.93,64.05,285.11,0.05,22.56,0
22.49,5.67,53.67,199.98,0.28,0.0,0
7.57,4.76,58.71,67.36,-2.34,1.67,0
7.5,13.0,60.62,109.1,-1.77,7.47,0
66.4,61.13,57.72,435.14,10.4,60.28,1
71.06,87.26,50.25,418.45,8.32,70.46,1
39.3,34.32,46.67,302.62,-9.43,14.88,0
40.98,29.93,52.26,342.51,-3.03,21.35,0
32.7,13.51,60.46,266.33,-1.0,15.28,0
38.43,34.23,46.79,260.29,-5.08,6.09,0
50.47,32.58,58.1,308.98,0.28,31.38,0
45.12,15.57,60.15,290.52,1.48,22.38,0
51.23,25.09,44.31,274.07,1.43,29.56,0
35.23,8.05,52.47,263.98,2.05,6.31,0
24.84,18.23,54.53,134.88,2.42,1.39,0
95.84,157.09,82.56,567.56,3.77,89.84,1
13.0,0.0,46.6,157.12,-5.73,0.0,0
44.84,22.16,52.65,266.29,9.48,29.97,0
14.3,7.55,50.38,140.35,3.74,0.47,0
44.92,23.43,67.12,308.25,-8.34,25.95,0
79.3,109.56,57.02,448.06,10.54,75.87,1
41.24,1.03,60.19,308.93,4.51,17.62,0
38.55,0.38,43.51,303.47,6.47,14.7,0
28.43,34.37,50.09,269.2,12.5,23.88,0
32.96,7.61,45.54,175.46,0.46,6.75,0
42.15,39.83,45.14,306.09,-4.56,22.18,0
25.25,1.24,47.24,249.56,-3.34,3.02,0
56.76,47.69,54.83,278.59,12.42,48.77,0
21.01,0.0,52.89,127.96,3.78,1.82,0
18.11,0.0,59.84,105.78,4.83,1.44,0
15.13,1.94,49.22,142.96,0.22,0.11,0
31.56,6.96,49.2,232.17,-1.88,12.07,0
63.36,48.67,47.98,319.24,-1.17,46.23,0
75.75,86.23,60.62,388.74,0.87,66.69,1
18.65,14.92,56.63,175.4,-6.01,4.05,0
69.19,83.96,61.32,494.06,6.93,66.29,1
12.24,0.0,62.08,144.22,2.25,10.76,0
38.62,7.38,64.87,214.22,0.29,13.41,0
17.22,1.03,56.12,201.58,4.4,5.96,0
23.35,12.83,49.55,206.91,4.91,4.58,0
73.89,87.78,73.41,443.12,-0.82,69.02,1
35.02,5.94,62.98,232.27,7.68,19.31,0
28.31,5.86,61.25,215.15,5.79,14.4,0
65.69,44.74,48.15,330.88,-6.56,37.37,0
49.16,29.47,56.48,307.78,1.85,21.57,0
33.6,5.71,49.46,250.82,-0.91,9.32,0
33.68,13.58,58.05,276.55,10.15,22.17,0
28.42,8.45,62.31,133.7,-6.67,0.0,0
17.79,0.0,53.89,100.74,5.75,1.25,0
55.77,21.03,66.25,344.18,-1.64,39.0,0
64.65,58.41,60.37,391.15,10.09,56.07,1
67.56,48.84,66.75,327.06,2.3,51.63,1
10.12,2.06,43.56,211.13,1.54,11.37,0
9.96,13.1,58.47,85.05,0.87,4.39,0
32.61,17.6,43.57,261.76,-3.46,12.49,0
38.48,19.28,59.76,182.35,-5.15,3.6,0
27.94,34.75,52.03,254.8,-2.46,8.73,0
26.66,7.67,46.72,186.51,0.79,0.0,0
40.0,21.46,65.11,315.97,-7.41,16.0,0
24.29,0.0,64.74,214.77,4.31,9.3,0
70.34,78.79,54.25,421.84,9.82,69.73,1
9.34,23.89,47.85,169.81,-3.04,3.68,0
68.26,64.01,74.15,349.74,0.52,59.35,1
34.45,33.07,58.51,245.97,6.57,21.24,0
56.58,76.75,66.47,369.82,1.39,51.45,1
25.04,2.67,44.99,145.29,-4.28,0.0,0
33.82,6.77,44.1,165.98,6.79,11.23,0
41.58,35.84,50.55,263.51,8.64,30.04,0
34.99,0.0,57.05,269.23,9.04,15.83,0
34.64,1.67,49.39,212.19,1.67,11.64,0
21.07,0.0,61.23,222.39,-9.86,0.44,0
16.72,20.09,52.23,149.65,3.28,9.43,0
14.34,14.55,57.33,119.93,-2.63,0.0,0
19.87,11.83,49.67,198.21,-6.27,0.93,0
71.99,49.18,56.2,422.76,0.67,55.02,1
10.12,15.64,38.66,194.33,-2.87,0.66,0
48.55,22.5,58.19,218.52,13.72,32.65,0
4.58,19.48,64.67,203.95,0.75,8.4,0
7.41,3.22,42.14,124.44,-3.91,0.0,0
8.77,5.98,58.88,158.25,1.15,0.0,0
30.67,3.42,46.5,156.42,-1.06,6.13,0
52.36,30.2,54.0,233.37,0.62,31.25,0
39.56,21.23,51.27,241.97,3.49,21.8,0
5.96,44.46,60.64,151.56,-2.07,15.88,0
21.28,0.78,64.03,201.77,0.41,5.56,0
38.81,35.78,50.83,293.64,3.0,19.13,0
48.44,15.94,66.11,277.54,-5.6,16.67,0
30.45,19.71,53.18,219.83,8.39,24.23,0
81.33,149.13,69.28,485.39,8.85,82.95,1
35.13,2.85,51.77,221.88,-1.73,8.89,0
60.7,58.05,55.51,302.56,2.48,50.11,1
10.37,6.77,63.19,119.75,1.49,2.02,0
10.78,18.76,42.92,162.71,1.48,0.0,0
23.52,2.4,43.95,222.74,0.21,4.06,0
53.23,40.53,54.22,292.12,0.76,40.08,0
62.86,76.01,70.78,478.05,1.23,64.67,1
7.45,4.97,62.18,96.62,-1.66,6.95,0
15.25,0.27,62.1,66.88,0.73,3.7,0
13.49,34.49,67.39,263.91,-0.2,11.87,0
23.31,6.05,49.79,130.06,3.07,3.89,0
45.54,18.79,42.21,320.62,-4.81,17.15,0
7.65,14.04,55.94,211.63,2.87,8.05,0
59.65,51.7,53.75,361.58,6.12,50.07,1
67.95,78.1,51.47,454.27,7.16,59.41,1
42.79,25.49,46.06,249.99,5.62,22.72,0
69.24,56.34,60.44,318.7,14.64,56.69,1
37.99,7.48,53.28,310.49,-1.97,7.41,0
66.53,75.44,51.82,451.31,1.45,56.69,1
20.82,2.73,39.46,222.27,4.59,3.54,0
62.51,66.78,51.79,383.68,-4.48,50.54,1
9.71,7.3,41.27,122.45,-1.73,2.6,0
26.43,5.35,68.84,183.17,6.58,10.81,0
7.59,3.98,44.94,224.41,13.29,13.37,0
38.78,33.4,50.83,246.76,7.34,23.75,0
50.55,38.45,48.72,366.05,1.98,30.92,0
94.35,146.78,71.69,521.58,10.01,89.7,1
75.09,133.34,75.49,482.72,0.22,70.21,1
18.24,17.18,61.25,136.73,-2.24,8.94,0
15.68,1.82,53.17,175.18,6.83,0.97,0
65.65,80.55,62.62,415.08,0.36,60.47,1
24.37,8.32,49.88,221.22,8.87,12.13,0
36.11,13.41,57.84,306.72,9.4,23.01,0
5.58,7.93,54.69,113.63,4.24,1.58,0
37.11,15.12,62.4,180.13,-4.67,12.39,0
26.03,5.19,43.77,267.22,4.98,5.61,0
13.91,0.0,59.22,98.88,0.9,0.32,0
49.68,23.37,46.51,222.68,3.37,25.46,0
29.63,3.37,53.84,173.53,-7.62,0.0,0
10.19,6.67,53.06,130.07,10.33,6.29,0
73.64,110.58,76.29,398.15,6.16,81.61,1
91.28,137.72,62.54,603.85,8.09,85.1,1
27.33,5.1,51.94,271.45,0.92,2.37,0
28.4,29.58,65.52,308.25,-5.36,14.37,0
5.14,21.01,45.27,234.18,12.37,16.49,0
16.61,22.98,63.09,208.67,1.49,15.69,0
54.74,50.45,44.54,352.94,6.84,48.29,0
81.7,164.94,61.42,600.45,15.32,86.38,1
45.56,21.29,65.06,354.9,7.34,35.61,0
19.76,14.63,47.99,185.36,2.49,10.09,0
64.09,64.82,58.1,311.62,2.83,53.38,1
5.48,25.25,43.17,122.58,6.44,13.49,0
5.99,24.01,65.04,251.71,3.04,14.85,0
34.07,8.02,42.01,174.73,-3.96,4.01,0
73.04,38.81,48.55,352.95,-3.55,48.34,0
33.77,23.21,67.55,185.0,-0.03,15.4,0
83.46,139.08,66.25,496.13,10.47,83.76,1
66.4,46.15,52.38,410.57,-8.04,40.86,0
56.15,42.63,60.22,388.62,-2.99,46.13,0
18.22,0.46,49.86,136.39,-5.91,0.0,0
72.29,88.59,70.56,508.26,-1.45,68.17,1
38.2,3.77,47.29,256.84,-6.13,4.85,0
34.8,0.78,63.65,244.54,1.95,16.21,0
35.43,38.43,48.55,225.73,-2.2,20.65,0
64.33,75.11,61.27,411.48,-3.5,61.08,1
69.98,46.78,49.62,307.48,1.83,43.44,0
4.66,10.61,61.05,78.7,-5.34,6.67,0
45.72,29.51,64.64,299.1,-7.53,19.61,0
20.37,7.97,43.75,264.1,7.42,7.15,0
31.85,0.74,63.41,187.06,-10.52,2.39,0
43.36,39.2,53.58,367.25,5.17,30.54,0
64.79,70.34,55.17,386.6,7.93,58.81,1
60.96,52.65,60.59,416.09,7.91,60.18,1
31.1,12.93,65.18,255.89,-9.43,9.85,0
7.83,25.0,45.39,213.27,-5.54,10.59,0
29.01,3.7,49.66,214.12,3.82,1.46,0
16.48,8.13,64.97,154.71,7.58,8.7,0
42.66,33.73,43.71,227.27,1.29,17.8,0
18.49,0.0,62.18,204.02,1.21,3.76,0
38.58,6.36,44.93,218.06,-2.65,7.08,0
81.78,173.01,75.49,549.46,8.89,88.52,1
65.14,76.0,48.12,409.62,11.98,60.5,1
30.43,6.22,54.61,165.68,-14.85,2.52,0
31.29,6.04,46.48,260.98,1.86,8.43,0
28.08,9.42,58.49,173.01,-0.84,0.0,0
24.84,14.31,51.66,212.16,3.24,10.08,0
39.88,34.57,63.85,327.1,-6.92,18.93,0
38.89,15.98,49.51,278.97,-1.18,18.55,0
16.28,7.65,40.46,254.29,0.78,5.05,0
59.71,72.88,68.97,415.89,3.35,49.55,0
54.07,41.29,68.61,344.78,2.58,40.87,0
68.28,60.92,53.84,315.37,9.72,58.96,1
39.43,20.7,62.7,197.32,1.79,20.75,0
21.89,5.44,64.11,146.39,6.19,12.58,0
24.35,0.0,62.4,118.23,-0.83,9.75,0
55.46,59.21,67.2,313.03,8.23,46.67,0
24.56,7.89,48.3,227.18,6.75,8.12,0
26.36,0.04,52.88,175.51,-6.43,0.0,0
83.96,84.45,76.14,506.89,-1.39,77.34,1
30.34,0.0,59.63,211.55,-0.16,10.54,0
64.99,80.03,69.99,438.59,4.65,59.3,1
19.7,0.0,58.46,172.35,-6.7,0.0,0
31.0,2.12,57.25,209.83,12.4,19.81,0
55.09,40.82,53.25,393.8,0.0,39.67,0
52.41,30.16,68.74,219.79,11.87,43.64,0
37.04,9.09,43.41,285.28,-5.17,2.66,0
19.26,11.05,57.33,134.94,7.44,4.74,0
33.65,6.71,48.65,264.52,-6.86,8.85,0
28.95,4.06,41.12,126.14,-5.41,0.0,0
26.13,11.05,55.32,267.87,-5.59,7.81,0
56.18,22.48,48.98,364.65,-0.51,32.8,0
7.08,0.0,49.76,122.48,-3.8,0.0,0
49.96,19.27,57.05,371.99,2.61,24.05,0
55.23,21.09,61.91,360.63,3.16,41.7,0
12.32,4.73,54.04,144.59,-2.54,0.35,0
34.42,4.51,55.37,246.27,9.53,18.72,0
1.91,4.94,49.88,88.08,-4.6,4.06,0
37.92,44.94,46.42,286.46,0.99,25.31,0
83.6,96.96,75.06,506.49,-1.39,74.21,1
10.69,5.59,44.57,150.55,6.54,3.45,0
37.73,17.34,53.65,228.48,-8.39,5.07,0
23.62,3.6,58.54,130.28,-4.66,0.0,0
32.61,0.11,54.47,256.24,4.86,8.48,0
39.27,38.96,52.57,288.62,8.03,27.32,0
36.41,4.02,63.85,226.58,11.79,21.29,0
14.74,20.65,46.65,125.65,1.7,9.93,0
26.83,13.73,46.73,266.33,4.1,10.17,0
27.72,12.37,60.89,263.22,1.08,6.88,0
33.78,0.0,64.3,208.52,-7.82,5.8,0
37.43,29.36,62.96,295.26,-1.14,19.95,0
66.14,52.9,68.19,333.96,8.89,56.75,1
29.77,2.09,53.58,135.75,-8.54,0.0,0
45.23,41.92,59.81,324.16,-0.79,28.99,0
62.71,57.01,50.43,338.03,11.3,56.24,1
35.37,10.37,56.12,268.25,2.08,14.45,0
12.33,4.8,56.6,224.49,-4.67,5.14,0
4.81,36.81,59.09,228.61,15.4,19.25,0
70.14,83.86,52.06,393.99,15.05,69.13,1
25.98,2.53,54.96,215.26,2.6,1.91,0
15.41,7.77,59.67,191.7,-10.85,0.0,0
13.16,0.57,39.53,141.66,7.96,5.26,0
19.43,9.82,62.25,185.77,0.12,6.82,0
53.52,33.25,45.02,353.85,3.8,36.34,0
36.92,6.58,55.35,258.63,-1.58,8.29,0
32.35,3.49,47.05,208.85,-8.85,5.34,0
43.28,16.02,61.21,184.43,-2.37,17.47,0
61.28,46.24,54.08,305.55,-2.8,43.79,0
48.2,20.23,57.68,203.63,-9.66,20.4,0
5.11,23.87,49.22,91.22,-0.32,8.68,0
38.47,10.23,62.54,241.46,1.73,17.79,0
26.47,10.79,48.78,202.09,0.53,6.46,0
11.25,29.55,43.66,214.15,5.32,15.04,0
35.46,28.85,44.67,235.0,-2.76,20.51,0
89.32,120.46,67.95,517.46,4.79,78.43,1
34.86,9.65,58.9,155.67,3.14,6.26,0
7.36,11.79,64.18,101.43,-3.07,8.7,0
30.88,5.83,51.45,156.27,-3.53,3.92,0
30.89,6.53,66.91,141.13,-4.81,8.21,0
29.79,16.87,55.73,170.11,-4.95,5.94,0
11.61,1.33,39.06,182.87,-4.9,0.0,0
22.9,12.76,67.68,187.02,8.88,14.76,0
35.7,1.87,53.39,205.7,5.15,12.26,0
65.18,63.8,70.04,386.41,14.27,69.02,1
72.85,86.0,59.04,468.8,14.03,65.64,1
72.04,67.97,54.84,453.97,13.16,69.38,1
57.04,44.03,66.79,418.9,14.7,50.3,1
19.58,9.37,52.62,162.02,-2.63,6.2,0
35.85,33.45,52.72,283.14,-2.15,17.08,0
17.97,5.95,49.12,171.95,-2.61,0.29,0
47.32,30.01,62.33,334.6,7.81,38.09,0
32.26,0.0,56.91,172.48,-9.13,4.71,0
50.85,39.88,60.22,256.62,-3.31,35.82,0
70.64,84.15,65.82,376.43,-0.46,64.68,1
26.82,12.66,48.87,216.68,2.6,12.21,0
57.71,75.84,47.62,386.22,1.87,42.76,0
54.12,28.47,50.14,250.37,1.45,31.84,0
37.91,6.21,55.25,220.73,3.74,10.28,0
26.55,1.88,54.2,257.68,2.22,5.01,0
31.62,17.08,56.86,272.74,-4.69,11.84,0
34.16,30.36,47.38,192.05,8.38,24.7,0
93.15,94.4,60.37,556.89,12.04,83.7,1
20.78,19.72,48.4,176.74,-2.41,1.73,0
8.1,9.36,60.79,187.09,1.93,5.59,0
43.5,18.41,63.19,253.87,-2.45,27.07,0
70.11,83.11,51.85,429.66,8.63,67.05,1
55.9,60.81,55.62,415.31,1.87,48.02,0
20.84,1.66,44.69,288.74,-8.65,1.35,0
55.75,40.51,66.21,290.2,5.01,46.3,0
11.38,0.73,58.4,146.7,-2.4,0.0,0
36.47,20.86,50.04,298.84,-5.53,14.83,0
23.4,0.85,46.65,136.21,-5.46,0.0,0
37.61,20.1,55.64,244.79,-5.25,15.52,0
57.14,23.51,44.26,228.73,-2.94,35.0,0
25.34,3.81,54.7,122.2,-3.74,1.04,0
57.87,30.72,61.97,359.12,7.14,42.81,0
33.65,7.89,42.77,203.41,-1.34,9.54,0
11.36,8.27,47.38,137.61,-1.48,2.55,0
15.68,4.2,44.44,227.46,3.28,6.47,0
31.65,13.37,50.45,177.08,-3.59,11.35,0
10.41,0.74,44.8,181.78,-0.87,0.0,0
67.84,70.46,70.8,453.15,3.5,65.11,1
34.53,5.73,62.28,140.1,1.79,8.74,0
7.09,24.09,59.35,258.38,7.48,17.81,0
28.89,3.63,57.86,152.81,-2.39,0.78,0
32.6,1.94,53.89,269.07,1.15,9.97,0
7.03,2.55,64.32,138.76,-1.48,4.85,0
14.58,1.42,57.38,90.58,-0.48,0.0,0
20.36,5.21,48.24,178.28,-3.12,0.0,0
67.08,42.83,52.64,437.57,-0.68,47.52,0
43.03,7.82,60.51,278.58,-3.01,20.14,0
21.23,3.02,52.84,116.06,-4.36,0.0,0
84.23,94.86,72.59,464.39,0.16,78.4,1
5.92,12.76,43.35,195.0,-4.07,2.46,0
32.28,5.31,56.74,281.71,-4.45,6.41,0
10.02,10.13,39.04,183.6,-1.08,7.26,0
31.53,2.49,60.38,194.1,4.98,9.06,0
33.47,6.68,63.22,305.77,2.96,13.93,0
34.37,6.26,46.39,178.04,-1.26,6.15,0
41.77,30.9,50.36,201.05,-3.45,23.19,0
64.63,51.62,54.66,417.58,10.98,56.42,1
64.54,61.55,65.74,423.8,0.63,54.65,1
55.7,44.68,69.07,318.39,-8.76,35.49,0
27.72,0.0,53.21,191.71,-0.7,4.76,0
30.2,7.36,50.06,195.0,1.68,6.77,0
17.84,9.66,58.1,217.67,-0.12,3.31,0
7.81,0.2,53.6,162.07,-2.3,1.56,0
32.86,0.0,55.64,296.11,5.89,12.44,0
24.17,11.51,53.15,174.77,3.06,8.6,0
24.3,20.51,47.96,198.49,-1.58,4.05,0
7.15,8.17,60.45,196.07,1.65,6.84,0
50.41,24.35,45.7,297.36,-13.8,24.72,0
19.69,3.95,63.04,197.55,-7.86,0.0,0
8.47,10.33,53.31,187.49,-3.58,0.61,0
74.75,143.86,83.76,616.29,4.18,85.67,1
19.24,0.41,40.33,141.95,4.24,1.63,0
22.88,18.93,47.78,244.84,-1.63,8.53,0
36.78,6.98,61.34,225.46,-4.18,12.18,0
9.15,14.53,65.58,135.36,5.02,13.34,0
22.65,13.76,54.12,256.02,1.39,2.03,0
54.38,55.88,48.49,303.1,3.26,41.63,0
14.55,8.2,49.32,149.75,-2.2,0.0,0
25.55,2.36,56.75,241.23,4.69,1.02,0
11.73,7.62,57.52,183.42,-7.5,0.0,0
38.71,4.27,52.31,297.99,0.05,4.35,0
13.44,19.55,46.57,172.39,3.89,6.59,0
46.29,44.51,55.15,245.44,3.87,31.45,0
52.25,23.89,64.06,360.51,11.95,46.0,0
18.87,0.0,59.28,192.86,3.09,1.39,0
17.49,3.06,59.12,204.89,-2.79,2.45,0
19.65,10.13,43.72,139.9,-5.91,0.0,0
41.97,12.85,61.56,204.82,0.65,24.9,0
48.63,30.62,51.42,257.54,2.05,27.59,0
67.1,80.79,53.29,467.21,3.34,57.21,1
36.9,3.88,62.15,276.47,-7.59,9.63,0
24.1,27.21,57.3,219.9,-3.42,11.62,0
78.41,154.77,72.81,528.2,4.9,74.2,1
39.62,37.96,44.34,221.94,0.52,15.44,0
27.1,3.16,55.62,182.67,-3.92,3.27,0
85.38,170.17,67.8,587.85,2.94,78.53,1
46.22,15.62,57.97,273.41,-5.69,15.36,0
16.44,41.96,59.01,246.96,11.05,28.06,0
68.35,47.67,47.12,394.6,5.11,55.8,1
14.8,7.94,53.9,197.64,5.45,6.23,0
63.19,79.54,57.87,334.53,2.12,54.21,1
24.29,0.0,51.9,199.62,3.6,2.85,0
92.53,103.21,73.0,487.5,8.54,83.22,1
30.09,6.96,64.49,200.88,-1.79,11.23,0
16.01,12.2,56.01,237.64,-2.64,3.69,0
26.25,9.09,53.24,254.92,-3.5,2.57,0
52.95,28.6,43.69,337.53,8.16,43.46,0
14.49,5.08,62.42,251.81,-2.85,6.77,0
57.07,79.53,52.68,418.11,1.38,46.7,0
40.24,26.44,64.95,198.0,2.83,23.0,0
39.75,5.16,43.75,183.54,2.39,10.99,0
40.51,15.34,65.88,183.9,-3.86,23.88,0
70.89,43.94,59.58,381.31,-0.47,55.66,1
44.85,34.83,66.2,198.85,2.25,28.24,0
75.01,99.05,67.02,437.19,5.92,69.48,1
27.54,10.21,65.1,242.57,-2.66,9.21,0
37.66,6.79,49.27,174.52,3.32,7.21,0
21.43,2.58,47.68,84.45,5.39,6.99,0
70.92,166.81,71.71,556.61,1.16,77.21,1
18.64,7.1,42.66,163.21,2.09,2.03,0
76.02,71.19,62.69,368.86,10.41,69.38,1
62.91,82.53,75.58,348.55,-0.81,62.2,1
54.42,23.38,47.54,296.92,-2.52,29.41,0
13.8,2.79,55.73,209.93,-2.51,3.19,0
54.52,34.44,66.08,291.48,-0.82,34.84,0
8.38,1.08,64.29,127.17,4.26,9.48,0
30.79,2.35,52.14,194.41,1.57,6.47,0
17.14,2.31,51.41,125.22,5.02,2.21,0
31.77,17.46,50.1,238.85,5.35,19.12,0
7.23,8.82,49.61,198.78,6.3,5.33,0
35.06,9.74,65.17,135.42,-2.42,12.93,0
21.24,28.13,56.65,159.68,-3.62,5.25,0
67.58,50.83,48.4,345.15,-3.01,42.16,0
19.0,7.64,61.96,108.1,1.29,4.61,0
15.87,45.05,47.7,267.21,4.25,16.38,0
15.83,13.43,59.32,186.56,12.62,13.27,0
38.33,0.0,50.48,156.98,-9.1,6.24,0
7.71,21.91,44.24,113.31,4.0,7.64,0
73.05,80.83,56.14,357.2,10.95,73.18,1
35.58,13.06,55.92,214.45,-4.66,15.59,0
77.6,111.97,77.38,428.16,4.31,79.54,1
36.86,0.31,60.99,194.9,3.44,10.17,0
4.69,3.82,44.16,88.18,-6.04,0.0,0
26.78,3.34,64.94,159.1,-0.52,5.92,0
37.19,40.02,48.33,316.98,7.59,28.48,0
52.67,17.92,61.53,344.55,-1.33,27.92,0
58.07,73.42,50.73,386.33,5.63,52.5,1
51.26,28.47,53.27,348.65,1.8,26.74,0
52.02,46.33,50.86,312.44,-0.92,32.97,0
59.35,43.45,54.74,333.31,-4.59,39.11,0
14.68,2.12,45.32,211.98,-10.81,0.0,0
48.24,15.55,59.47,241.95,6.43,25.47,0
37.92,29.57,67.03,293.15,4.17,22.36,0
60.74,78.21,55.0,461.29,14.91,60.0,1
36.82,12.93,60.78,169.76,-5.44,11.84,0
8.44,8.94,56.1,88.78,-3.25,0.0,0
53.82,70.04,72.6,335.99,8.92,58.06,1
21.67,39.71,65.13,167.26,-7.07,10.33,0
72.08,64.11,60.93,395.55,0.6,63.57,1
5.39,11.77,60.96,173.9,-0.4,8.48,0
50.64,20.56,51.79,291.12,-5.86,21.79,0
68.66,116.8,60.29,401.87,17.65,76.03,1
37.13,37.18,59.42,220.38,-6.04,11.35,0
32.27,13.2,64.67,192.71,-3.84,16.35,0
48.96,29.87,50.99,325.21,9.15,31.98,0
15.88,3.51,47.71,199.15,3.37,5.12,0
10.73,1.02,60.4,172.64,6.07,9.95,0
7.47,8.14,54.27,205.56,-1.08,5.66,0
39.83,14.71,45.94,226.09,4.74,14.55,0
25.94,0.11,58.78,274.4,1.84,5.7,0
34.74,5.1,50.21,296.07,-0.08,10.19,0
23.13,8.25,57.88,255.27,-7.83,0.0,0
74.62,86.67,68.01,470.78,11.92,71.47,1
34.95,23.33,55.29,181.38,-9.15,8.29,0
18.25,0.0,53.28,200.9,7.6,5.84,0
34.17,0.8,62.7,145.59,-5.05,1.45,0
26.67,5.06,52.19,155.76,3.45,0.0,0
18.0,5.69,55.3,126.36,-4.54,0.0,0
34.68,7.35,49.78,257.26,-1.07,10.62,0
7.59,0.61,43.82,182.34,2.07,3.76,0
11.7,1.44,46.03,199.81,-8.52,0.0,0
15.43,3.46,63.18,95.11,-11.62,0.0,0
18.36,6.67,41.14,177.69,-4.27,0.0,0
29.92,0.0,42.8,173.47,0.03,2.71,0
70.1,50.03,62.6,372.38,6.91,61.38,1
27.64,30.5,49.46,310.58,4.97,12.52,0
70.79,59.51,62.19,444.69,6.5,61.48,1
17.41,0.84,64.32,140.66,3.77,2.43,0
13.22,1.59,43.65,107.86,-6.71,0.0,0
31.8,2.78,51.53,151.27,3.14,10.75,0
54.86,33.97,44.5,243.34,4.61,30.04,0
60.15,43.1,62.59,332.32,1.39,48.7,0
20.53,6.14,50.45,191.49,-4.11,0.0,0
52.07,17.3,66.11,296.23,1.91,31.83,0
36.14,21.93,66.08,241.61,-3.69,23.27,0
36.31,5.75,61.57,223.06,-0.22,8.7,0
54.58,28.0,47.29,257.82,2.8,30.7,0
35.73,21.09,42.95,318.92,1.25,18.56,0
49.06,41.17,50.07,298.06,-6.42,21.53,0
8.89,7.96,38.69,162.73,1.56,0.0,0
66.58,40.77,60.11,399.94,10.22,64.37,1
51.22,42.33,50.42,334.21,2.12,33.16,0
56.35,51.18,68.57,401.44,-1.46,49.93,0
26.47,4.64,54.73,258.11,-0.25,1.28,0
22.64,6.73,65.5,161.82,4.45,7.3,0
10.4,0.0,53.2,150.2,5.75,9.0,0
23.62,23.02,65.12,283.08,1.01,16.3,0
34.79,0.0,41.37,245.33,-0.64,10.53,0
36.93,24.05,44.95,211.3,-1.78,13.31,0
41.17,21.36,48.17,315.44,1.09,18.96,0
35.07,7.46,43.07,187.77,0.52,6.29,0
16.63,2.34,63.22,218.79,-7.25,0.73,0
67.56,68.14,56.29,391.29,-1.26,52.51,1
9.73,8.11,50.15,95.63,-2.55,1.08,0
8.12,9.51,44.98,166.64,2.96,2.62,0
26.15,4.15,47.62,168.44,-7.4,0.0,0
72.31,42.91,63.13,314.93,-8.67,50.41,1
16.65,1.21,44.91,213.3,3.1,7.58,0
41.83,35.72,49.89,300.75,-4.55,26.3,0
57.42,25.58,43.04,352.09,11.3,41.96,0
10.13,7.48,62.42,108.31,4.27,4.33,0
32.42,14.7,57.77,244.34,8.64,19.35,0
57.71,53.9,51.48,309.39,9.56,45.1,0
25.57,22.11,67.08,250.06,-1.35,10.61,0
86.91,103.15,74.56,475.98,5.17,82.68,1
49.72,19.7,58.55,217.32,-3.08,20.27,0
59.04,70.61,70.01,336.32,2.1,51.35,1
69.59,83.73,71.96,368.95,-1.65,58.72,1
70.08,66.57,62.9,417.53,0.15,66.72,1
27.83,8.16,55.05,259.8,-11.98,0.0,0
8.24,11.79,47.2,168.87,-4.71,3.75,0
33.08,8.02,65.94,186.54,2.14,10.33,0
30.81,2.39,57.22,180.78,4.52,3.42,0
9.32,11.88,53.91,109.19,-5.41,0.0,0
12.19,26.58,56.63,217.7,7.76,14.4,0
22.76,4.94,63.86,223.25,3.01,12.6,0
56.55,34.95,50.02,361.49,3.52,32.03,0
25.63,12.44,58.84,160.49,-3.68,2.67,0
56.11,27.19,44.55,210.36,4.61,29.17,0
17.6,0.0,62.76,80.75,3.12,4.47,0
18.5,15.6,58.67,163.83,3.01,3.2,0
46.94,40.38,47.25,327.38,-0.26,29.16,0
56.05,24.97,68.17,246.49,-2.06,33.56,0
34.0,13.7,60.91,170.02,2.1,13.83,0
9.31,3.91,43.43,148.94,-4.02,0.0,0
54.51,41.53,64.25,298.85,3.58,44.42,0
11.86,6.07,64.77,94.84,4.28,4.97,0
13.17,11.38,59.27,113.37,0.76,6.02,0
30.63,1.07,58.13,222.46,5.89,12.83,0
62.47,44.01,57.82,390.53,5.69,50.22,1
30.75,12.98,56.08,197.01,3.86,10.68,0
36.94,12.66,45.17,170.48,5.9,18.09,0
18.38,7.37,56.42,221.39,0.9,2.73,0
34.37,7.9,49.02,178.83,4.99,11.18,0
21.9,1.82,46.58,239.92,-9.38,0.0,0
52.46,29.38,49.12,241.95,5.73,31.7,0
37.98,7.64,63.54,225.8,1.4,13.42,0
31.48,13.27,50.06,169.07,6.54,14.46,0
16.21,15.08,65.7,253.43,2.14,13.19,0
9.65,19.42,57.47,220.53,-5.38,1.33,0
29.51,4.7,46.92,183.06,0.69,0.0,0
49.47,34.92,61.35,291.68,7.12,32.98,0
39.68,9.38,46.88,212.48,-4.17,14.25,0
49.9,34.07,58.7,327.17,1.7,23.14,0
18.23,5.54,41.94,240.5,0.63,3.29,0
34.02,5.53,54.02,191.42,-1.56,6.4,0
22.05,7.37,43.31,198.05,-1.75,1.56,0
58.43,66.86,59.49,396.84,6.55,48.53,0
73.64,89.25,62.61,413.15,7.82,69.26,1
15.26,6.86,64.08,131.74,-0.12,7.65,0
35.99,40.11,66.62,364.57,3.85,38.07,0
39.2,29.83,57.07,261.81,-2.09,19.04,0
61.03,58.66,56.34,382.37,4.95,49.78,0
37.19,34.76,62.24,264.93,-1.45,20.44,0
37.38,6.25,56.16,211.2,0.67,9.83,0
13.08,6.62,40.92,140.72,-5.9,0.0,0
37.97,0.42,58.95,268.3,-5.3,3.61,0
27.22,3.06,47.55,245.91,-4.19,4.15,0
46.51,33.21,49.56,393.74,6.6,35.23,0
40.66,2.12,66.51,244.61,-2.54,19.7,0
14.2,0.0,39.65,165.34,3.06,0.7,0
57.29,39.08,46.58,377.21,-1.99,34.03,0
82.87,164.15,78.52,607.18,9.45,90.85,1
28.64,12.47,51.46,283.24,0.77,5.03,0
48.7,26.35,64.76,369.78,-0.87,36.43,0
94.87,86.45,68.16,548.69,0.31,71.1,1
41.94,15.33,56.96,262.29,1.88,16.62,0
57.12,24.96,65.24,245.04,2.07,38.06,0
13.79,5.67,49.7,161.48,-10.4,0.0,0
15.3,17.8,47.64,180.38,5.04,11.24,0
57.03,32.23,62.58,248.16,-2.52,33.42,0
37.19,4.58,62.5,212.42,1.21,9.64,0
35.54,20.23,58.92,291.05,-0.89,16.77,0
15.36,0.85,62.31,96.46,-10.26,0.0,0
8.26,4.74,61.16,218.87,-9.11,7.64,0
53.37,35.36,53.53,265.55,2.41,32.78,0
34.21,3.99,60.42,261.48,-2.1,17.74,0
38.01,1.02,42.77,195.43,7.36,10.39,0
22.53,0.0,45.15,161.18,3.95,0.0,0
91.16,86.96,75.88,513.99,2.24,76.62,1
33.47,8.75,53.61,236.02,11.05,17.71,0
63.56,66.62,71.93,398.78,2.57,61.36,1
13.96,0.0,59.1,193.03,7.01,8.41,0
39.19,25.28,57.97,262.34,0.8,17.05,0
68.16,66.91,72.25,340.17,-3.67,59.54,1
57.01,30.63,70.5,369.04,-12.04,38.63,0
13.8,10.24,53.98,144.26,3.97,2.63,0
10.29,0.0,58.48,213.77,-4.36,7.36,0
76.17,70.48,55.71,506.28,2.19,64.82,1
10.9,7.69,52.3,203.72,6.68,4.82,0
11.26,0.0,46.85,196.26,2.85,5.88,0
54.78,20.31,60.25,219.31,-1.33,30.62,0
91.23,110.13,54.82,561.67,6.01,81.33,1
28.56,21.91,56.48,219.25,8.35,20.26,0
64.13,69.8,50.3,364.7,14.55,65.49,1
19.16,8.56,53.13,143.48,1.38,0.0,0
92.8,86.13,53.81,450.54,10.73,72.53,1
12.57,6.75,62.35,202.6,-8.95,5.25,0
10.82,11.69,60.7,184.47,9.81,17.08,0
5.67,6.95,52.66,109.62,-0.6,2.42,0
15.84,7.24,56.96,168.93,-7.98,0.0,0
17.93,10.49,60.35,140.2,-6.49,9.91,0
4.28,1.05,62.26,129.37,-7.3,3.31,0
27.46,2.05,55.62,123.57,-1.52,0.52,0
35.54,1.89,51.08,232.56,2.99,13.94,0
35.77,42.78,55.77,305.36,-3.96,26.14,0
25.37,5.39,45.66,209.14,-8.58,0.0,0
36.13,22.03,53.76,276.55,4.18,20.84,0
14.72,0.25,64.69,136.69,-6.07,0.0,0
53.77,23.67,65.64,299.39,0.18,34.07,0
17.32,4.19,53.39,197.87,10.39,9.64,0
38.45,34.72,63.99,255.83,4.99,27.49,0
15.83,17.49,55.47,137.54,0.21,4.36,0
8.74,6.66,55.64,210.39,11.53,13.44,0
48.46,25.27,60.38,333.8,-0.96,23.95,0
38.89,10.45,55.15,151.36,-1.48,10.8,0
32.62,27.04,61.53,314.0,0.62,19.45,0
42.88,26.3,53.23,297.98,-0.15,16.96,0
38.62,17.92,58.95,332.66,3.65,15.53,0
36.94,42.69,68.62,309.33,5.17,34.97,0
36.27,25.48,66.14,191.81,10.94,27.38,0
42.1,26.47,53.83,339.24,3.18,26.23,0
30.81,4.33,48.14,152.83,-3.56,5.67,0
12.13,28.33,42.45,236.66,3.57,12.67,0
38.13,19.6,54.32,286.6,5.41,24.04,0
36.98,31.2,63.26,257.23,-7.64,16.01,0
37.26,0.0,63.03,287.62,-2.03,11.81,0
72.91,81.85,69.42,482.95,5.97,67.69,1
25.5,2.21,61.41,192.2,1.44,2.86,0
6.7,10.12,54.18,170.01,-3.2,3.97,0
6.57,12.59,66.4,155.31,-7.3,5.14,0
6.84,20.92,55.36,203.99,4.69,10.23,0
9.59,15.01,52.81,174.37,0.47,1.62,0
19.3,4.44,54.81,129.9,-6.14,0.0,0
11.43,3.41,42.79,94.5,-1.17,3.95,0
28.58,12.11,49.79,209.52,6.83,10.27,0
34.69,1.16,61.64,279.36,4.37,13.89,0
19.18,1.96,57.29,124.65,5.16,6.23,0
19.13,23.88,56.03,240.24,7.97,15.95,0
12.83,24.71,55.8,179.02,5.96,11.38,0
54.2,31.34,54.04,330.44,-4.64,25.66,0
13.37,24.55,61.9,254.34,3.51,20.97,0
11.63,12.07,52.32,150.17,-2.18,0.51,0
18.69,0.65,52.48,126.07,0.14,0.0,0
70.45,85.56,54.79,356.75,5.06,62.72,1
12.94,0.92,51.17,232.21,-3.74,5.03,0
12.17,1.79,64.77,128.89,-7.23,0.0,0
14.45,0.48,57.17,220.82,-0.49,6.31,0
40.44,0.27,53.14,244.97,-2.74,14.79,0
35.04,6.75,47.01,244.94,-6.01,1.71,0
57.67,44.46,58.29,382.74,7.75,44.06,0
18.04,2.35,50.69,229.3,2.3,5.21,0
34.03,13.08,43.97,244.61,-8.76,6.13,0
9.91,9.37,63.02,120.13,4.69,10.8,0
23.54,16.94,61.65,226.85,0.92,14.02,0
21.21,0.0,60.11,124.84,-7.99,0.0,0
37.28,4.3,41.58,255.15,4.06,9.3,0
41.84,39.67,68.13,269.37,-1.78,31.32,0
34.71,7.43,61.42,143.91,-7.65,0.89,0
29.93,0.13,47.56,164.04,6.48,7.1,0
14.48,6.86,40.14,227.77,5.68,9.26,0
10.79,2.16,41.79,220.86,-1.34,1.59,0
4.92,20.59,53.54,124.66,-0.14,6.05,0
36.11,36.77,57.92,303.53,2.56,20.48,0
36.52,5.17,62.11,284.52,-8.25,9.04,0
28.39,3.62,61.84,232.41,5.63,10.2,0
64.82,65.17,71.43,358.34,3.33,60.73,1
12.28,7.64,50.87,207.3,-2.6,1.26,0
39.86,1.28,57.77,278.49,-0.04,7.54,0
29.42,9.46,39.2,235.66,-0.28,3.21,0
32.76,4.82,51.16,171.7,-1.94,9.25,0
76.09,72.49,55.6,350.21,5.74,69.4,1
33.12,6.09,55.81,271.07,-2.31,8.83,0
22.55,0.29,51.48,157.57,-2.28,0.0,0
22.32,1.82,58.26,160.34,-7.88,0.0,0
67.18,79.77,57.86,375.02,5.67,57.41,1
70.21,81.22,74.45,428.38,10.65,79.28,1
29.41,9.57,48.07,244.46,-0.98,2.39,0
58.52,44.5,61.67,312.06,5.72,43.49,0
21.32,4.24,50.9,217.67,-7.44,0.0,0
67.93,43.81,62.02,308.4,13.51,62.47,1
12.0,3.56,50.58,185.25,-0.86,0.0,0
19.87,14.52,64.93,152.86,7.31,14.22,0
25.97,27.83,53.16,275.22,2.11,10.76,0
6.68,3.08,63.66,152.89,-1.7,5.72,0
5.87,0.57,50.56,112.21,-8.07,0.0,0
40.28,28.47,61.43,170.26,-0.57,25.88,0
36.77,33.26,44.84,356.44,4.44,23.58,0
28.05,8.63,45.04,251.74,5.62,10.52,0
58.12,49.99,68.0,267.96,2.66,42.48,0
6.85,7.12,61.7,67.47,1.91,3.44,0
39.49,2.91,60.5,285.9,1.71,16.4,0
42.33,40.89,59.59,325.47,-2.75,26.08,0
37.48,42.58,47.92,245.12,9.81,30.37,0
14.02,0.57,48.81,188.42,10.31,7.89,0
31.07,5.98,60.59,216.5,6.2,17.1,0
82.69,163.14,61.15,527.76,3.21,77.19,1
20.6,43.62,65.75,265.98,6.44,28.47,0
34.97,4.14,47.57,306.65,2.88,18.33,0
34.18,3.1,63.87,166.24,-3.85,10.42,0
12.57,14.45,47.22,178.03,-2.61,0.0,0
34.09,4.77,56.3,132.19,1.42,8.09,0
13.64,5.68,47.45,199.92,-6.76,0.0,0
4.51,4.06,48.64,182.57,0.96,0.0,0
31.29,3.0,51.87,225.14,-1.21,10.7,0
22.99,11.38,60.8,136.19,-1.89,9.06,0
37.28,4.65,44.08,257.48,7.36,18.65,0
19.81,17.31,56.78,216.08,0.08,8.62,0
17.48,8.61,53.44,192.83,-5.53,0.0,0
61.35,47.71,54.11,347.9,1.6,44.39,0
92.14,134.8,63.23,501.44,2.27,79.48,1
36.5,2.07,60.26,205.61,-3.03,14.42,0
50.98,16.93,67.59,281.02,-9.55,25.8,0
6.72,1.11,53.19,224.09,8.28,9.28,0
7.44,7.53,48.94,207.03,1.08,0.0,0
24.09,6.33,65.59,218.57,11.79,11.5,0
53.63,24.44,53.63,228.68,4.2,37.33,0
56.67,87.94,75.55,417.94,8.77,63.87,1
46.48,31.25,48.57,235.7,6.82,26.12,0
82.76,140.44,64.54,542.37,-0.95,73.49,1
39.73,3.61,55.16,263.84,1.62,11.03,0
36.91,14.94,67.1,275.9,-0.66,20.05,0
25.34,16.3,54.95,156.65,-3.27,0.54,0
14.75,0.0,66.5,110.28,3.95,7.2,0
28.69,8.4,57.22,247.16,-7.01,0.0,0
56.1,44.26,52.64,349.93,1.84,36.78,0
22.65,0.0,47.74,132.11,1.07,0.0,0
66.8,75.47,56.38,404.47,7.47,61.9,1
35.62,8.72,61.81,214.82,2.07,10.26,0
15.96,34.1,69.1,252.52,-6.0,10.02,0
23.52,17.65,61.08,148.59,6.34,14.44,0
95.0,83.42,61.26,491.36,-2.37,68.35,1
69.29,43.6,66.8,315.92,-1.79,50.36,1
28.83,17.42,59.43,282.27,-6.32,3.13,0
4.13,1.55,42.13,111.92,-0.95,2.42,0
35.15,6.47,60.71,159.04,2.26,14.78,0
31.91,8.3,61.8,142.33,-6.54,7.58,0
17.12,2.53,50.31,162.92,7.37,4.22,0
8.2,26.93,45.06,90.97,7.61,12.56,0
28.37,6.19,50.52,229.88,-1.81,4.66,0
60.4,62.13,58.17,451.62,11.02,60.53,1
36.64,2.32,50.14,272.19,0.92,10.33,0
34.97,4.53,49.32,233.71,0.24,3.35,0
22.22,1.24,53.45,161.89,5.15,9.52,0
56.86,69.56,66.51,316.34,3.31,52.0,1
26.32,0.58,62.33,245.33,6.01,13.08,0
37.06,42.34,66.11,280.37,2.82,31.53,0
16.42,4.7,53.54,148.1,2.09,6.32,0
32.74,7.21,63.66,170.87,-1.01,11.15,0
3.06,12.1,56.0,95.3,-4.53,7.05,0
16.32,5.83,54.48,169.75,-5.27,0.06,0
44.14,35.5,68.7,332.21,0.12,25.73,0
72.82,80.14,65.75,484.72,3.22,65.84,1
14.0,3.3,57.69,121.36,-4.51,1.64,0
66.14,66.1,66.4,429.4,5.59,60.12,1
34.77,0.57,45.26,300.64,5.0,13.53,0
28.02,9.67,37.83,198.51,-0.17,0.0,0
38.45,13.69,47.28,240.08,2.85,16.04,0
50.9,29.45,45.05,250.67,9.88,40.42,0
17.1,0.0,45.34,233.9,-5.99,0.0,0
35.21,18.03,62.99,180.96,2.35,13.73,0
24.98,7.58,53.18,209.2,-4.95,6.82,0
37.46,37.12,47.09,369.45,5.41,21.59,0
7.0,3.61,43.13,172.96,-0.33,1.08,0
77.12,41.86,63.2,367.81,5.07,68.28,1
34.24,6.56,58.27,237.86,1.42,7.81,0
20.63,1.57,62.43,189.78,0.22,6.81,0
30.04,0.0,54.99,279.7,-5.27,4.99,0
37.05,19.52,59.98,301.59,4.66,13.33,0
24.31,4.13,64.11,220.22,-4.04,5.88,0
17.95,4.6,50.31,101.19,5.48,6.36,0
74.98,68.34,55.68,415.53,4.04,67.27,1
51.66,33.83,67.16,374.48,0.97,37.82,0
48.72,30.1,46.87,349.06,-3.59,20.88,0
20.71,2.48,64.39,236.09,2.45,8.36,0
21.1,11.74,44.17,159.99,4.4,0.59,0
3.01,5.78,62.87,165.46,10.78,8.71,0
7.49,4.39,54.47,157.12,-11.16,0.0,0
85.92,174.03,71.08,646.29,10.18,91.29,1
9.11,2.16,55.14,146.9,9.01,6.61,0
69.58,73.33,61.35,465.96,-0.71,55.96,1
57.13,39.19,67.95,335.03,4.26,36.77,0
15.68,17.32,60.56,226.71,-1.55,11.38,0
42.46,40.63,64.37,354.55,2.66,40.06,0
47.22,17.99,50.31,336.38,1.73,19.06,0
55.02,20.74,49.09,216.93,-1.84,34.61,0
20.78,0.93,45.81,179.03,-2.71,0.43,0
50.52,24.32,45.55,264.07,-0.03,31.12,0
28.53,12.73,63.92,153.28,-0.21,11.55,0
35.31,3.55,56.4,246.68,6.3,17.22,0
9.07,14.34,55.02,175.79,2.27,7.48,0
34.88,21.15,44.79,235.19,0.81,17.15,0
70.08,170.76,63.92,557.03,9.09,79.28,1
72.61,67.18,56.91,455.13,2.65,65.29,1
73.75,84.59,74.4,519.22,-5.47,65.13,1
9.65,7.95,61.35,222.35,-0.31,9.45,0
58.49,84.91,57.4,389.88,12.25,54.76,1
49.46,18.33,50.7,252.52,4.1,20.82,0
36.07,6.04,49.0,254.48,-6.96,1.46,0
9.95,0.32,52.94,201.12,2.09,5.48,0
75.77,112.69,69.87,520.88,3.74,74.8,1
15.29,16.01,53.55,163.33,3.91,5.98,0
41.07,34.13,66.49,337.34,6.34,27.53,0
19.76,4.47,47.4,119.0,2.39,0.45,0
23.87,0.78,61.66,194.58,3.99,4.06,0
45.8,27.74,54.49,235.8,-3.74,24.38,0
37.86,16.3,64.2,293.91,2.11,15.51,0
20.8,6.68,44.98,222.2,-2.24,0.0,0
24.61,3.52,45.15,232.96,9.22,13.69,0
53.38,30.97,69.18,367.98,3.27,37.64,0
34.78,15.6,59.97,171.4,-3.98,3.77,0
18.38,7.2,43.72,126.32,1.48,0.0,0
14.1,1.4,59.3,98.15,-5.07,0.0,0
28.56,13.54,53.92,228.55,-2.25,7.39,0
9.93,0.0,53.7,55.07,5.63,1.69,0
24.14,17.07,43.94,175.43,-2.42,2.34,0
35.35,37.04,49.81,210.75,3.23,19.04,0
28.8,0.0,61.05,222.25,-4.48,9.48,0
24.25,7.39,63.31,218.03,-5.79,0.0,0
29.64,6.74,59.35,208.98,3.54,1.07,0
15.45,0.0,43.73,107.57,1.87,0.0,0
19.57,0.0,43.45,118.03,4.7,0.0,0
12.0,12.49,42.15,206.0,0.16,9.44,0
72.07,132.39,74.92,529.36,2.85,79.57,1
29.14,13.69,49.95,319.96,-2.3,3.23,0
26.56,17.6,55.28,273.79,1.53,3.12,0
63.96,67.39,65.18,380.09,14.94,65.92,1
51.22,21.03,52.14,243.08,7.86,38.09,0
30.45,3.43,64.77,162.35,5.22,13.61,0
11.33,2.69,42.94,162.17,-8.17,0.0,0
22.49,6.94,51.49,268.68,0.23,3.47,0
44.94,44.22,48.45,379.48,-2.55,33.11,0
46.4,20.62,65.66,262.9,2.21,24.28,0
88.44,109.28,71.41,500.9,10.71,89.59,1
15.25,26.66,50.55,226.35,10.03,16.83,0
69.1,72.64,59.67,397.97,10.5,63.24,1
72.79,48.42,64.96,357.03,0.03,59.3,1
37.13,38.6,47.64,281.61,-10.11,10.26,0
39.18,17.21,59.88,164.42,-3.88,4.12,0
71.09,60.47,57.82,368.43,5.52,60.84,1
5.06,39.01,54.49,98.14,-5.53,2.54,0
58.01,63.38,72.9,307.59,-2.94,51.98,1
67.05,59.57,57.14,395.19,6.6,53.99,1
32.74,9.21,56.49,212.01,-2.95,9.4,0
19.36,8.92,63.19,210.25,-3.76,6.33,0
35.08,3.71,62.32,163.67,-1.64,8.57,0
54.78,20.26,50.54,314.36,-1.8,33.78,0
46.46,46.22,68.49,384.72,1.33,37.92,0
18.39,0.0,60.94,233.59,-3.41,8.09,0
29.31,14.7,62.78,280.72,-0.44,13.0,0
22.01,8.78,46.47,216.71,-1.83,6.95,0
17.07,2.28,50.92,185.73,-4.11,0.0,0
41.79,37.03,60.54,313.7,-2.91,29.09,0
57.61,34.42,42.61,371.48,1.84,32.47,0
38.67,34.38,55.35,251.35,15.99,24.66,0
41.3,36.33,48.99,247.26,11.35,31.88,0
70.4,85.29,59.49,398.37,3.27,66.3,1
39.44,8.64,47.35,243.09,5.5,12.46,0
72.64,43.58,68.31,300.15,2.98,57.28,1
37.45,0.0,44.23,241.1,-0.19,10.61,0
10.89,8.3,60.78,131.2,-4.88,4.56,0
30.18,8.78,49.33,159.34,0.9,3.13,0
20.91,35.8,49.59,222.48,8.29,18.45,0
14.03,5.3,42.13,242.09,4.07,4.57,0
8.52,7.54,61.27,202.27,-6.04,0.0,0
26.9,0.0,52.83,125.27,3.25,0.6,0
50.21,40.43,59.36,360.13,8.48,49.33,0
8.79,8.7,66.0,192.26,2.59,5.32,0
15.54,9.52,53.69,202.64,1.66,5.27,0
41.64,14.21,40.93,276.36,2.65,19.78,0
34.46,3.78,61.76,149.69,2.29,12.72,0
46.56,38.05,57.63,331.64,-3.04,19.51,0
24.28,2.0,52.68,237.64,-3.81,7.27,0
74.41,76.58,54.25,421.41,15.48,68.15,1
73.49,142.78,79.7,516.45,7.89,79.66,1
31.17,0.89,58.58,299.77,2.95,8.67,0
26.11,10.08,46.28,158.81,-2.28,2.67,0
36.73,32.72,49.77,213.61,2.77,17.23,0
32.2,4.85,41.53,225.99,0.92,9.11,0
38.33,29.26,53.65,340.93,3.43,21.54,0
51.1,18.57,48.5,289.02,-4.62,28.82,0
58.12,48.48,56.92,340.14,8.55,47.03,0
10.65,5.69,42.04,185.06,2.94,5.05,0
38.68,39.52,58.46,296.73,1.07,15.16,0
84.81,140.82,76.8,468.15,3.88,84.9,1
54.89,34.29,66.79,338.89,2.58,38.93,0
42.75,21.65,46.11,319.16,1.45,21.98,0
8.71,12.44,50.54,149.94,0.35,5.22,0
74.37,178.97,89.38,648.59,-3.89,82.87,1
51.44,40.98,49.03,346.2,4.58,40.75,0
93.8,163.8,84.47,683.24,9.68,93.78,1
19.98,6.25,55.06,164.23,7.66,2.21,0
36.07,31.3,65.38,253.85,-0.29,22.54,0
14.39,3.09,64.48,212.07,2.22,8.77,0
26.71,13.01,55.83,257.53,-1.45,6.06,0
36.42,37.52,65.62,258.35,1.51,18.94,0
29.0,7.09,63.88,286.11,6.92,8.36,0
37.59,30.68,55.21,346.81,8.82,21.8,0
31.96,44.49,57.07,286.36,2.12,22.99,0
50.99,30.75,59.42,342.83,-0.4,29.23,0
56.47,40.66,49.7,312.85,-1.17,37.82,0
32.63,39.89,63.01,253.17,2.86,24.39,0
14.0,0.0,39.57,224.82,-0.27,0.0,0
18.98,0.0,47.52,156.74,-6.53,0.0,0
29.96,9.58,56.41,162.13,-3.35,4.75,0
31.81,6.67,63.03,204.81,-2.4,10.58,0
7.77,8.42,45.72,122.48,2.16,4.38,0
68.91,73.85,74.27,374.4,4.59,65.51,1
15.94,5.35,54.26,227.62,-7.95,0.0,0
34.16,0.0,62.19,190.78,0.14,8.12,0
15.93,21.03,60.55,217.02,-2.96,16.29,0
31.53,0.0,43.37,184.69,6.73,8.63,0
37.52,22.93,65.15,238.18,-5.61,19.57,0
30.72,3.24,63.2,269.29,5.82,18.25,0
8.5,0.1,59.46,137.57,7.65,8.68,0
32.53,0.0,47.31,190.69,-5.95,6.35,0
30.77,7.27,56.85,276.27,-8.9,0.45,0
16.4,7.83,53.39,200.35,-1.67,1.83,0
37.22,34.44,64.28,299.6,-4.18,21.02,0
9.6,4.24,55.16,198.74,-7.86,0.0,0
38.22,15.36,52.32,201.98,3.79,12.66,0
23.37,1.0,59.09,215.42,5.11,6.1,0
72.29,77.95,70.47,387.15,3.96,73.15,1
21.97,3.77,61.06,141.27,2.62,4.57,0
28.6,3.55,57.61,167.2,1.88,0.0,0
73.57,42.11,61.31,292.81,7.62,63.08,1
29.6,18.74,61.17,200.55,-0.1,11.2,0
7.33,3.88,41.29,175.42,-0.07,0.63,0
62.38,48.31,52.63,299.22,1.59,46.62,0
13.34,3.65,49.31,213.13,-1.36,1.49,0
22.29,2.76,62.34,271.36,5.08,11.15,0
49.76,16.54,46.19,277.26,-5.99,14.43,0
18.9,8.9,64.45,232.06,7.56,11.57,0
37.16,4.05,57.05,192.35,6.34,8.96,0
67.13,41.46,61.65,294.48,4.67,47.9,0
40.25,34.05,63.63,323.42,-0.19,29.86,0
64.94,69.87,69.54,370.97,5.68,59.91,1
24.89,1.49,54.8,170.9,-3.75,2.37,0
13.52,0.7,49.21,82.43,1.62,0.0,0
27.44,6.2,46.26,213.87,-5.18,0.0,0
79.87,133.23,77.91,553.07,0.92,72.55,1
46.16,38.42,54.03,317.87,-4.03,21.94,0
38.65,36.36,70.35,316.86,1.31,24.64,0
37.2,28.87,57.18,251.93,6.91,22.72,0
83.58,125.81,70.52,478.54,17.99,82.45,1
23.23,8.16,49.68,239.05,-1.7,4.54,0
40.49,16.77,49.16,329.77,-0.47,16.56,0
71.54,159.36,84.37,533.69,15.58,89.35,1
20.99,5.23,59.85,135.05,4.35,2.88,0
34.57,18.1,52.95,160.15,-1.54,11.75,0
33.54,19.82,47.94,251.24,2.01,15.25,0
12.31,25.58,55.44,175.13,3.39,8.58,0
62.35,52.24,58.24,425.6,-0.7,50.51,1
42.05,27.27,66.03,235.34,6.69,28.56,0
33.61,6.43,51.31,267.65,8.61,13.75,0
22.64,1.67,44.99,175.89,6.18,0.09,0
41.06,44.7,58.07,313.42,-12.52,24.43,0
73.65,126.9,74.93,496.53,4.44,74.06,1
57.15,45.03,57.42,377.29,7.39,48.97,0
21.38,5.16,63.26,210.44,4.57,9.87,0
14.45,0.5,47.76,157.4,2.82,0.16,0
32.65,13.37,53.1,306.67,-0.16,15.3,0
7.14,1.62,44.38,189.4,4.05,0.0,0
54.16,43.83,53.65,386.15,-5.3,38.21,0
57.06,44.4,67.93,252.09,9.8,50.88,1
35.45,12.86,51.22,297.71,-2.58,8.71,0
68.31,82.27,53.88,387.58,11.2,59.59,1
29.61,12.47,45.93,293.25,-2.27,4.48,0
25.72,12.6,57.92,254.94,-1.18,6.45,0
51.36,40.71,59.6,310.31,-0.83,37.23,0
11.07,8.22,65.49,219.84,-0.41,4.06,0
12.46,4.72,49.09,122.76,0.83,0.0,0
5.32,2.55,51.59,193.44,0.45,5.68,0
43.98,17.53,52.51,203.81,-5.18,14.49,0
55.31,83.43,54.63,435.0,11.38,54.69,1
25.41,13.59,49.43,303.6,0.21,8.41,0
59.52,74.74,61.98,333.09,2.66,47.52,0
69.22,79.15,53.57,415.6,4.25,55.04,1
35.56,45.12,65.67,297.24,-1.6,28.17,0
26.97,4.97,58.92,146.94,-5.43,0.0,0
16.37,2.54,55.67,110.83,8.18,8.68,0
90.73,127.04,73.85,530.67,4.21,77.94,1
37.85,24.93,57.74,234.12,-3.18,15.97,0
15.83,5.85,56.3,180.42,-0.82,0.0,0
25.29,6.29,46.93,259.49,-0.22,3.5,0
28.76,0.66,53.51,235.44,-0.57,5.99,0
24.53,6.79,48.06,112.28,0.37,4.38,0
71.94,71.81,51.03,379.29,1.07,61.41,1
23.6,1.38,46.02,239.33,4.39,5.46,0
5.13,10.48,50.36,100.03,5.9,6.23,0
41.34,30.0,45.34,252.44,3.94,22.63,0
21.01,5.12,52.18,147.14,-3.01,0.77,0
61.07,77.49,67.42,381.27,12.71,71.23,1
25.33,2.16,59.22,200.82,-1.38,1.76,0
10.19,9.96,49.76,201.28,2.36,3.75,0
18.63,3.11,51.36,147.12,-1.6,0.0,0
18.97,6.02,58.21,163.43,4.08,2.09,0
25.12,21.95,51.13,151.48,5.79,12.41,0
21.65,0.92,47.83,168.41,-2.52,1.08,0
60.24,42.2,62.96,274.74,6.95,57.92,1
47.8,45.74,64.07,274.68,4.02,36.08,0
38.65,0.76,52.35,161.4,6.06,10.97,0
91.21,82.48,71.56,569.79,-2.4,78.68,1
5.58,0.26,54.77,57.73,-6.04,0.0,0
35.25,19.75,43.45,204.21,-0.23,12.89,0
29.61,3.34,63.54,211.36,8.13,18.14,0
81.1,118.62,75.74,432.91,-2.34,80.23,1
57.48,39.33,59.08,359.68,-0.52,35.3,0
7.62,6.57,54.74,187.52,-8.14,0.0,0
20.6,3.39,41.04,228.18,-2.47,5.13,0
39.13,43.63,61.12,348.91,5.51,31.96,0
33.24,0.67,46.19,269.55,-0.63,9.81,0
32.62,3.33,62.27,251.62,1.71,11.6,0
55.13,51.21,67.61,306.98,7.28,47.35,0
16.2,0.0,43.21,143.35,-4.87,1.83,0
33.88,39.99,50.01,187.39,11.15,27.23,0
18.78,4.25,55.49,239.93,0.69,0.35,0
21.06,0.0,57.33,259.21,-1.98,3.51,0
31.3,1.12,57.01,267.28,9.18,14.19,0
20.46,35.97,67.98,173.51,0.91,20.23,0
37.65,4.12,40.55,284.35,3.02,7.89,0
32.87,30.02,68.4,297.26,-5.91,11.34,0
63.22,57.52,55.52,272.15,11.85,51.4,1
23.16,14.84,58.16,195.49,-9.54,0.0,0
25.09,4.12,57.11,275.42,7.77,9.23,0
13.35,0.0,57.14,211.36,-6.87,0.0,0
14.53,2.49,55.73,128.71,5.18,10.18,0
6.79,27.42,65.52,212.68,-0.46,16.61,0
7.0,2.55,62.26,100.14,-3.45,5.02,0
39.78,5.34,43.12,211.1,-0.03,5.17,0
27.07,0.49,62.65,156.27,-1.97,0.0,0
24.9,22.96,42.61,191.58,0.05,4.36,0
80.59,135.27,55.77,583.16,5.92,79.1,1
72.68,78.9,71.96,482.75,13.44,80.7,1
67.1,79.42,50.98,424.33,18.4,61.72,1
18.49,12.34,66.0,166.6,4.96,7.92,0
47.9,18.9,65.77,266.47,-0.96,25.96,0
8.3,11.89,66.5,234.53,-6.02,3.84,0
53.75,41.48,49.44,316.14,0.98,36.11,0
29.78,1.76,64.68,250.13,-1.51,4.91,0
34.92,7.09,56.15,172.21,-0.29,4.34,0
66.46,54.87,58.1,318.77,7.61,45.75,0
16.31,4.29,60.37,223.7,5.33,11.48,0
11.75,3.05,56.35,202.22,-2.44,1.58,0
37.77,2.78,63.92,259.25,4.24,10.25,0
54.55,36.91,50.02,305.35,-10.35,23.44,0
92.83,124.61,78.23,586.19,6.99,89.19,1
14.8,10.51,43.08,201.1,-11.77,1.96,0
62.31,52.9,58.55,327.37,7.24,48.46,0
22.06,3.02,65.84,151.49,-2.32,3.8,0
14.52,2.35,56.1,156.33,-3.38,2.16,0
7.35,3.16,44.73,96.19,-1.49,2.52,0
4.13,4.17,55.66,69.49,-1.52,0.0,0
49.0,41.49,68.58,299.56,-11.2,27.67,0
67.84,52.32,67.05,411.15,5.86,58.56,1
14.59,14.05,55.51,161.57,7.05,7.51,0
8.32,1.52,50.54,225.18,-8.62,0.0,0
68.53,84.54,66.67,497.66,8.01,66.82,1
35.2,7.64,51.72,182.47,-3.16,4.81,0
27.36,8.11,50.08,170.43,-6.25,0.0,0
7.06,19.78,67.98,193.69,5.82,18.27,0
30.66,5.64,42.31,175.45,-5.58,0.0,0
12.22,1.17,42.93,97.67,5.06,4.84,0
33.29,12.22,46.84,249.58,-5.84,9.28,0
69.51,175.76,64.47,624.37,2.75,67.8,1
24.9,3.46,50.02,260.29,5.62,7.56,0
7.99,0.66,55.45,161.53,6.98,3.42,0
29.91,4.3,49.22,225.17,3.6,4.95,0
47.25,33.16,63.78,329.37,-1.54,27.65,0
16.95,9.37,47.39,157.69,-2.85,0.0,0
39.91,39.82,52.39,258.8,4.62,16.87,0
8.4,0.67,47.73,47.73,3.15,0.94,0
58.06,61.53,49.49,406.78,10.12,51.63,1
18.5,0.0,50.38,195.6,5.56,0.6,0
49.51,18.46,69.23,314.52,3.36,22.38,0
18.39,1.08,50.35,109.08,0.37,0.0,0
14.37,10.3,61.85,115.61,-2.52,9.48,0
26.48,0.0,55.05,196.32,-5.15,0.0,0
32.99,3.88,47.63,231.02,-4.51,4.31,0
30.98,4.42,49.71,206.2,-1.46,13.23,0
62.47,86.56,76.45,439.9,4.27,63.39,1
55.82,62.84,64.89,306.88,4.95,50.09,1
52.58,31.4,47.22,373.31,-2.92,33.91,0
46.79,15.29,49.84,250.29,-8.55,15.33,0
58.33,33.65,43.6,286.99,-3.1,35.71,0
7.96,11.31,64.9,148.85,-11.97,0.0,0
11.18,8.16,63.45,180.5,0.19,8.39,0
17.7,17.96,65.51,221.72,-3.52,7.51,0
52.29,13.95,50.64,332.85,-10.77,20.75,0
35.64,38.39,57.6,328.45,-2.22,16.23,0
33.88,1.43,46.4,174.38,7.38,13.51,0
14.73,17.69,52.61,257.23,4.15,8.58,0
29.97,35.96,53.61,302.94,-8.69,3.14,0
24.3,5.32,63.67,253.0,5.41,14.31,0
37.47,8.63,57.45,170.77,-1.47,11.11,0
40.52,19.82,54.53,343.42,0.24,21.91,0
68.18,52.52,52.48,421.92,5.08,50.12,1
65.9,82.96,69.51,386.63,9.48,66.82,1
8.11,27.19,69.57,180.31,-4.59,8.47,0
51.52,40.3,65.09,243.6,9.97,45.62,0
12.2,7.57,42.01,180.45,5.07,0.75,0
72.16,56.32,53.55,423.56,9.4,68.36,1
34.19,19.03,61.79,315.54,-2.09,18.45,0
16.88,40.41,50.56,166.55,5.3,16.7,0
73.78,49.09,62.24,451.2,2.56,59.3,1
61.26,48.67,70.87,416.73,2.16,58.56,1
14.46,18.47,45.81,257.87,7.55,4.81,0
57.89,88.93,69.54,332.43,13.33,59.75,1
12.68,0.0,47.87,240.63,2.61,7.69,0
20.17,18.19,63.48,159.09,-0.65,6.07,0
51.04,42.71,56.85,306.24,-5.53,32.02,0
28.68,35.98,54.99,271.87,7.36,13.04,0
39.78,33.21,53.39,313.95,-0.04,15.46,0
20.99,3.58,41.9,154.01,-5.01,0.0,0
56.95,57.27,69.76,295.48,18.99,50.07,1
10.2,12.95,65.06,94.8,-1.11,11.86,0
67.42,41.08,64.5,434.21,-10.99,44.37,0
17.27,12.69,43.99,136.98,3.58,5.3,0
46.64,21.03,61.17,318.77,2.22,30.14,0
69.16,81.92,68.58,464.03,1.64,58.05,1
36.78,22.98,52.15,185.35,3.27,17.25,0
27.98,5.27,51.32,172.22,-2.53,0.0,0
67.58,60.93,64.92,465.97,8.0,64.33,1
57.84,68.74,64.05,295.34,2.68,45.83,0
12.22,5.86,43.14,164.66,1.8,1.11,0
25.82,0.0,45.25,215.79,-6.62,0.0,0
39.89,0.0,47.49,119.37,1.19,5.32,0
35.16,2.19,51.03,245.91,-3.62,9.24,0
44.18,12.49,64.44,182.52,1.54,17.87,0
68.91,80.7,72.76,422.57,3.61,62.9,1
50.83,44.46,52.56,368.66,0.5,39.67,0
53.71,44.07,54.19,333.7,2.69,40.75,0
35.83,2.25,46.16,290.12,-1.9,10.51,0
12.29,3.83,47.64,123.3,1.04,0.0,0
58.47,30.3,46.94,283.76,3.54,32.87,0
12.17,0.67,52.22,167.83,-2.38,0.0,0
39.1,9.01,61.32,214.02,0.73,14.2,0
43.18,17.32,58.73,175.3,-1.56,18.74,0
13.49,12.91,50.62,166.84,-7.93,0.0,0
26.53,14.72,48.37,193.91,-2.87,1.56,0
25.87,7.64,63.27,202.31,0.41,7.8,0
12.49,6.78,51.16,201.16,-3.32,0.0,0
12.45,0.0,62.58,218.75,-5.36,3.62,0
39.93,15.35,58.07,183.65,4.55,10.13,0
62.41,50.21,68.52,372.77,4.22,53.87,1
11.13,7.79,43.58,171.38,0.35,0.0,0
75.21,74.94,52.87,435.04,5.21,67.71,1
13.62,9.0,59.97,224.89,-0.58,1.66,0
20.03,1.57,53.52,146.72,2.5,1.44,0
15.07,4.09,43.61,234.79,3.7,7.02,0
29.81,9.98,62.48,218.19,-5.58,4.69,0
70.6,46.4,60.21,331.68,1.65,56.87,1
26.64,5.83,49.96,243.94,-5.07,0.0,0
56.91,75.0,51.94,366.43,-1.59,42.37,0
30.45,0.0,46.9,154.74,5.25,11.37,0
21.86,4.22,55.57,198.14,2.21,1.73,0
22.57,3.0,61.31,104.22,7.33,9.08,0
54.13,33.97,45.21,257.66,6.0,38.29,0
53.07,23.79,64.76,320.43,0.88,36.24,0
24.74,3.85,45.02,248.0,-0.56,1.69,0
21.2,14.84,42.25,150.05,-1.85,4.95,0
51.46,42.99,64.82,350.83,0.67,43.57,0
15.03,0.0,50.49,149.72,4.3,0.0,0
35.06,25.46,55.9,291.5,0.68,15.95,0
8.78,8.72,51.49,109.17,-4.97,0.0,0
1.03,0.0,63.72,161.04,-2.76,4.75,0
17.45,6.38,55.99,125.09,6.26,10.11,0
18.58,3.51,48.83,150.77,7.81,3.56,0
28.76,7.89,51.31,263.35,3.41,8.71,0
12.05,4.38,52.47,141.2,-0.24,2.55,0
18.22,4.49,49.39,228.46,-7.9,0.0,0
68.58,71.16,49.0,437.44,4.24,51.5,1
5.29,14.13,67.28,77.87,2.46,13.3,0
54.58,78.22,74.64,354.85,9.61,56.73,1
17.14,0.0,41.53,156.57,14.0,7.38,0
17.95,13.87,56.19,177.92,-3.55,2.78,0
93.85,75.85,58.49,398.25,13.82,73.8,1
18.88,28.01,50.24,254.06,2.06,16.33,0
22.35,11.9,57.46,166.82,8.72,10.7,0
8.52,6.69,45.4,127.23,-1.84,1.62,0
30.55,0.31,61.91,237.57,-5.88,4.21,0
34.14,6.46,44.52,187.3,-6.03,0.0,0
74.06,64.91,64.14,461.62,6.33,67.47,1
37.82,22.86,42.0,244.64,2.67,21.29,0
53.09,19.17,41.44,322.62,0.85,29.98,0
36.96,6.17,48.99,198.97,0.55,4.91,0
21.5,1.76,44.03,114.63,-12.12,0.0,0
23.11,4.06,50.98,198.1,-8.9,0.0,0
69.19,78.55,73.78,442.16,0.05,62.69,1
11.98,5.37,61.97,176.05,11.8,8.76,0
35.04,5.01,65.94,205.63,8.83,21.45,0
58.21,71.96,68.05,395.09,3.71,52.47,1
37.28,9.08,65.87,254.23,0.97,12.76,0
27.84,5.43,58.51,209.99,0.29,2.35,0
3.79,2.95,67.67,204.23,-5.56,4.04,0
65.66,81.79,62.48,370.81,-5.19,54.66,1
67.73,45.29,63.83,341.91,-2.52,46.43,0
62.6,73.18,61.36,461.57,7.98,60.99,1
41.27,34.22,60.43,276.36,2.07,27.3,0
41.7,18.06,53.2,185.85,-7.96,7.3,0
23.59,3.52,45.18,176.97,-2.58,0.0,0
22.97,8.08,59.01,246.97,-2.31,2.6,0
9.44,16.16,60.09,138.48,-1.35,8.71,0
14.52,0.05,59.72,80.42,0.45,0.0,0
14.94,6.92,58.81,179.49,0.38,0.0,0
56.11,30.63,48.05,253.37,-2.74,29.32,0
21.85,17.67,48.79,204.15,6.19,16.15,0
38.34,16.38,50.26,236.22,-1.98,9.5,0
25.98,38.19,42.72,180.8,15.07,15.89,0
15.37,5.74,52.03,118.65,-6.99,0.0,0
57.32,12.85,57.47,350.81,-4.12,29.52,0
15.59,0.0,65.04,233.47,-2.02,11.78,0
82.14,88.15,76.75,417.33,-3.3,74.87,1
44.34,41.39,49.39,264.92,-16.34,27.24,0
55.27,37.15,58.46,372.68,-9.93,32.98,0
39.84,14.82,53.95,274.62,1.2,13.98,0
59.05,82.65,53.65,368.17,4.96,45.22,0
38.94,18.56,67.36,280.53,-3.11,22.86,0
72.29,54.71,59.29,472.32,14.59,71.28,1
39.91,31.64,49.47,206.43,-10.99,9.44,0
10.61,0.0,62.26,192.42,2.34,3.97,0
57.34,31.04,56.51,345.01,-1.35,30.31,0
34.59,10.48,59.51,138.4,3.69,11.27,0
17.44,16.25,68.87,128.62,-6.03,8.56,0
19.2,16.13,55.96,182.52,5.94,4.93,0
9.31,10.55,63.02,192.35,-2.92,9.48,0
37.38,0.96,65.36,195.05,2.38,10.01,0
59.04,82.3,64.42,337.35,5.52,51.66,1
79.26,98.94,59.96,415.19,-3.22,62.65,1
65.89,63.12,52.23,432.44,-4.48,53.91,1
36.3,16.01,44.76,154.51,5.05,12.78,0
45.27,40.16,64.52,269.81,1.42,32.74,0
36.6,30.21,49.81,298.87,5.06,20.53,0
17.0,2.22,44.77,177.44,0.92,2.76,0
24.89,11.44,61.3,254.55,-3.39,8.58,0
39.63,9.97,59.9,274.04,1.81,9.8,0
86.6,176.99,80.04,564.54,-1.06,87.78,1
48.84,21.22,44.68,348.19,5.59,26.53,0
72.86,148.44,77.43,558.69,8.59,82.69,1
21.61,7.19,59.44,111.6,2.18,2.34,0
59.96,66.56,65.89,360.17,15.86,58.38,1
20.57,3.3,40.19,128.26,-1.12,0.5,0
34.5,16.94,58.78,173.1,-0.31,7.73,0
55.36,23.91,63.05,391.44,-1.59,35.24,0
8.49,3.77,47.37,140.3,1.93,2.28,0
9.7,3.05,56.93,110.77,0.58,1.34,0
36.19,2.45,40.74,223.92,-6.24,5.27,0
13.78,13.07,44.04,236.65,-10.0,2.81,0
20.9,7.76,46.49,119.41,-1.71,1.35,0
76.71,123.79,78.4,494.42,-2.08,72.83,1
38.46,2.26,44.09,113.56,2.44,6.49,0
65.33,84.66,52.83,393.87,-9.7,50.95,1
13.63,2.41,54.77,144.12,-6.55,0.0,0
31.85,6.48,48.72,189.18,5.75,8.72,0
65.65,55.6,55.24,415.12,4.4,50.9,1
35.4,17.82,42.32,215.19,0.16,15.43,0
60.24,56.45,52.41,298.95,-0.66,46.0,0
40.66,41.88,69.03,297.64,-7.74,22.98,0
8.61,7.88,46.39,129.98,3.76,4.77,0
37.85,29.79,60.31,285.16,-7.41,16.97,0
33.08,25.0,48.73,296.91,5.72,22.06,0
23.0,10.08,55.69,246.82,-0.11,4.59,0
11.61,6.22,58.66,197.94,-0.92,0.0,0
27.44,15.52,60.93,228.47,0.17,8.41,0
10.92,3.52,45.52,157.67,11.42,7.44,0
12.43,1.49,60.38,164.62,6.36,13.24,0
20.69,22.18,62.72,147.64,4.65,10.18,0
4.13,21.71,56.17,221.44,9.0,18.0,0
69.36,49.14,64.16,358.05,-0.81,52.43,1
55.1,38.49,58.14,351.83,7.98,40.45,0
7.76,18.64,64.03,143.91,-9.93,8.65,0
91.47,113.75,79.12,469.28,8.32,86.73,1
36.09,22.29,50.32,311.43,2.67,17.81,0
52.46,32.06,56.67,265.47,2.28,38.13,0
10.43,18.29,56.43,219.34,-2.16,6.69,0
40.53,40.32,47.26,364.66,5.15,35.66,0
18.9,3.42,60.29,212.69,-0.42,5.76,0
17.15,1.73,41.33,228.54,-0.13,2.82,0
38.41,36.84,49.49,248.81,9.41,21.63,0
21.57,9.87,54.85,220.1,-0.52,4.65,0
51.47,14.71,44.88,291.74,2.3,27.66,0
19.73,16.84,47.92,244.16,-3.25,2.41,0
21.35,14.77,50.97,239.39,0.48,6.37,0
32.79,32.32,48.4,225.03,-4.17,13.91,0
55.7,44.34,61.39,257.76,1.14,38.5,0
42.98,19.11,51.64,236.77,2.49,23.08,0
33.52,5.35,46.22,172.38,1.31,9.43,0
27.94,1.46,47.58,222.06,-8.3,0.0,0
57.1,82.16,51.94,389.06,5.17,47.14,0
7.46,0.0,42.43,153.36,-1.32,1.16,0
43.31,25.7,61.7,227.48,7.3,32.35,0
51.91,25.56,50.85,346.37,5.68,40.11,0
26.48,5.15,64.56,161.53,2.84,5.77,0
33.77,3.0,40.29,154.68,2.65,8.87,0
32.23,6.16,41.42,188.22,-1.91,4.26,0
54.58,24.85,51.73,362.94,2.33,36.82,0
32.87,9.66,64.09,229.69,-4.64,13.08,0
25.99,1.35,57.89,265.33,8.31,9.52,0
37.83,21.08,43.12,293.3,0.23,16.69,0
31.29,5.37,46.87,203.89,0.49,8.4,0
16.53,1.33,60.41,101.18,-2.75,0.82,0
61.75,40.19,51.9,329.79,-0.47,44.28,0
37.82,2.74,49.47,209.48,0.28,6.8,0
27.3,3.42,62.16,203.06,-10.91,0.6,0
70.47,83.35,70.24,469.83,10.55,76.45,1
34.62,0.96,53.75,218.62,-4.63,7.25,0
32.54,6.74,60.95,168.62,-1.07,10.24,0
13.54,11.35,63.37,206.36,-5.91,10.47,0
12.23,0.68,63.4,117.53,-2.94,1.34,0
40.63,2.82,54.71,242.92,1.25,16.17,0
41.99,39.47,56.96,313.64,3.83,21.98,0
49.52,45.27,48.91,294.8,-6.99,25.04,0
74.8,49.7,46.34,438.89,3.33,60.4,1
44.57,19.73,56.49,205.54,3.77,17.68,0
23.93,6.71,62.68,270.76,-6.93,0.0,0
56.7,62.72,51.03,430.92,2.47,48.67,0
11.97,13.06,61.96,204.82,9.58,16.55,0
27.74,0.0,47.58,130.06,1.6,0.38,0
47.61,17.5,65.21,300.08,7.56,26.48,0
37.89,43.27,65.0,293.95,8.65,36.73,0
10.7,9.04,59.39,141.29,6.56,1.68,0
60.43,50.24,61.23,412.62,-0.4,55.25,1
10.01,0.16,57.69,94.51,-2.54,0.0,0
35.57,41.07,65.06,341.84,-3.45,23.32,0
10.82,15.71,46.57,186.42,-4.96,4.04,0
24.54,9.05,43.03,168.83,0.01,0.0,0
66.05,78.94,51.95,419.48,6.47,59.52,1
15.73,10.34,62.64,235.3,2.44,15.13,0
21.35,6.45,53.09,208.86,-2.77,1.94,0
18.09,18.55,46.64,171.57,-7.91,0.0,0
70.94,47.1,55.19,335.68,-4.59,52.04,1
38.21,30.46,62.13,288.87,10.03,26.62,0
40.5,2.27,46.55,238.77,-2.08,17.17,0
69.96,45.34,65.97,378.26,8.92,57.55,1
6.45,7.85,52.04,135.24,1.18,7.77,0
33.52,10.13,58.35,194.25,6.84,17.97,0
29.6,33.81,59.87,179.26,-7.95,6.11,0
37.87,28.47,51.45,301.36,1.32,19.59,0
10.86,2.03,56.61,225.03,-8.31,0.0,0
61.35,57.25,49.71,381.96,3.32,46.47,0
30.04,16.35,63.67,248.82,-9.56,13.03,0
28.9,3.41,52.34,190.3,-0.57,0.5,0
59.03,81.8,59.28,388.85,0.69,49.23,0
23.45,14.41,52.35,232.79,4.83,9.98,0
55.06,15.57,46.1,321.85,9.98,37.8,0
43.51,30.22,68.55,323.79,7.23,33.35,0
30.76,4.48,53.27,218.17,-4.51,7.89,0
38.44,3.47,62.84,217.21,0.99,7.49,0
70.05,52.17,69.28,387.93,3.12,63.85,1
8.03,0.0,47.84,126.97,-2.76,1.66,0
34.38,10.71,65.88,277.2,-7.08,11.77,0
27.19,13.69,53.99,204.8,3.75,10.95,0
12.95,11.27,53.55,180.47,-4.37,1.2,0
26.56,0.58,64.31,226.85,7.36,14.89,0
12.88,1.92,62.23,163.03,-2.33,8.31,0
10.18,6.01,48.04,221.16,0.94,3.83,0
69.75,122.45,55.87,523.76,8.63,68.54,1
39.11,42.41,57.07,338.32,4.23,23.07,0
8.14,31.21,57.17,160.44,-0.3,7.29,0
7.64,3.27,57.89,168.63,-6.51,0.0,0
31.7,11.99,57.05,246.53,-2.03,17.68,0
35.47,0.48,47.83,202.45,4.2,12.88,0
13.43,21.63,59.47,131.19,10.02,16.8,0
61.32,39.7,68.07,418.03,-10.79,44.62,0
26.58,15.95,51.21,216.75,-0.84,6.33,0
8.52,16.78,60.13,240.92,-4.44,11.76,0
7.29,24.32,44.37,256.64,-3.54,6.64,0
27.38,0.0,55.62,245.03,-10.06,0.0,0
36.63,43.52,57.54,301.67,1.09,21.2,0
28.08,6.15,49.73,117.88,6.73,1.05,0
9.4,1.41,62.83,141.98,-1.49,3.03,0
13.37,3.24,42.62,191.83,-11.49,0.0,0
36.96,25.25,63.05,281.42,3.21,21.27,0
11.38,4.54,43.78,136.81,5.71,4.33,0
54.63,91.9,65.18,406.33,11.38,57.48,1
49.09,21.38,58.75,253.57,3.57,23.24,0
46.46,21.99,56.7,342.68,3.03,24.14,0
34.36,0.0,53.97,274.85,2.74,9.08,0
26.07,4.6,64.32,243.14,-0.16,8.78,0
52.52,20.84,64.13,358.4,-4.47,37.69,0
36.28,3.9,58.06,177.25,7.67,7.0,0
17.36,3.3,56.96,115.62,-2.81,2.64,0
29.7,1.71,53.57,167.88,0.54,0.0,0
21.48,0.0,63.11,246.06,12.95,19.87,0
17.39,2.73,51.4,106.48,-1.18,0.81,0
36.4,9.11,45.95,216.0,0.98,10.14,0
56.49,27.08,67.7,257.25,7.63,39.04,0
44.33,15.45,45.9,275.98,-3.96,20.32,0
59.73,80.26,54.27,434.01,8.21,52.66,1
73.5,76.51,62.77,471.02,7.6,64.98,1
29.31,5.83,51.6,258.37,6.92,7.57,0
21.45,3.76,63.61,135.8,1.55,2.97,0
33.1,4.96,48.76,149.58,-2.96,5.88,0
56.95,73.49,54.96,375.74,8.78,55.65,1
72.02,84.23,72.28,410.11,6.97,74.42,1
34.83,0.0,41.32,294.89,4.81,6.82,0
41.3,15.08,64.5,219.25,-3.6,24.15,0
23.55,14.45,52.09,203.91,-0.55,6.95,0
12.85,38.55,61.24,222.06,-3.4,18.36,0
13.6,13.75,55.12,163.23,-1.34,3.88,0
24.56,22.66,46.43,307.46,5.58,12.08,0
31.99,1.46,38.51,194.76,5.67,11.26,0
17.69,5.57,58.28,186.25,-4.71,0.0,0
36.65,16.44,63.36,239.31,-1.22,18.31,0
59.66,72.04,51.37,442.91,5.37,54.62,1
68.18,62.44,71.35,435.21,-0.95,62.63,1
7.19,10.83,43.42,158.89,-2.4,8.03,0
68.32,69.52,69.7,411.59,6.67,63.77,1
52.25,27.83,65.89,248.19,0.31,32.98,0
24.21,15.01,44.13,186.59,0.11,2.42,0
62.1,59.29,53.53,331.45,-0.03,41.33,0
6.71,3.97,59.77,123.44,-7.64,0.0,0
8.62,1.25,43.24,216.29,0.92,3.74,0
67.22,65.75,53.96,395.82,-0.25,53.35,1
6.96,11.83,57.02,93.47,-7.88,0.0,0
32.61,0.0,60.8,157.85,-0.21,10.15,0
19.67,8.34,41.66,108.55,7.76,3.16,0
24.9,4.8,54.13,186.11,-7.83,0.0,0
33.99,6.53,65.82,212.55,2.47,14.45,0
59.67,58.71,60.27,352.18,2.95,51.68,1
7.42,7.52,62.11,151.37,-2.54,0.0,0
21.28,20.83,54.53,198.35,2.65,11.93,0
15.62,1.48,49.99,178.49,8.08,8.24,0
22.06,24.4,49.1,170.76,-14.18,0.0,0
41.32,14.15,49.56,202.97,1.01,20.09,0
27.93,0.94,53.96,297.7,4.67,3.89,0
32.83,6.25,48.85,134.94,3.07,8.06,0
18.74,4.87,59.98,186.75,1.66,1.16,0
26.4,9.95,59.29,191.07,7.26,9.33,0
24.29,6.59,61.94,255.2,1.21,10.03,0
23.1,0.0,55.8,99.95,0.82,4.85,0
25.54,27.06,44.73,283.15,9.58,18.92,0
66.6,52.55,56.09,414.06,13.67,58.82,1
37.07,17.83,63.26,270.19,2.25,17.97,0
67.94,69.93,65.53,343.98,3.57,54.07,1
10.67,7.47,61.24,139.01,1.64,2.08,0
41.31,4.89,54.57,220.0,-6.19,8.86,0
26.8,4.49,50.61,120.05,-3.39,0.65,0
71.98,60.33,50.7,439.42,13.76,70.7,1
58.21,41.23,53.55,301.0,-0.8,36.11,0
17.17,25.75,59.27,176.44,6.65,14.95,0
49.73,34.75,60.69,376.71,-2.16,32.75,0
14.25,14.64,56.48,122.33,-9.32,1.11,0
64.77,47.16,62.49,334.95,-4.44,47.61,0
58.95,32.33,65.56,328.24,-6.88,31.99,0
48.31,15.18,46.65,242.03,-2.44,19.97,0
26.07,3.64,49.84,251.61,-3.77,3.13,0
16.04,10.14,54.87,208.66,0.83,4.86,0
20.94,0.0,63.17,47.3,9.38,10.45,0
37.31,8.77,52.59,184.78,-4.23,1.99,0
46.38,32.25,58.51,290.84,-0.45,21.09,0
70.51,39.86,54.29,327.36,7.77,51.17,1
20.79,4.42,62.97,184.21,6.08,7.47,0
24.11,0.0,51.37,159.19,4.6,0.6,0
35.98,1.46,48.55,262.3,-4.58,7.3,0
69.36,51.48,65.64,414.52,-2.07,52.47,1
6.71,0.0,50.24,83.81,7.73,3.0,0
22.26,3.91,42.42,148.71,6.77,4.06,0
16.43,12.08,48.92,180.82,-6.76,0.33,0
50.46,24.07,59.63,204.91,-0.18,32.04,0
54.56,42.3,56.12,403.39,4.16,43.11,0
61.56,69.63,59.63,417.86,1.08,54.54,1
32.42,15.94,45.03,248.63,-5.11,9.34,0
26.72,27.04,64.19,191.1,2.24,13.13,0
26.58,1.95,48.43,169.8,-3.38,4.49,0
83.51,116.93,76.21,469.76,-2.36,82.42,1
20.64,20.93,59.34,263.32,6.43,20.44,0
58.2,75.18,52.29,397.04,2.5,51.46,1
21.85,0.0,57.98,169.08,2.18,0.29,0
10.8,0.8,47.0,103.18,4.75,0.09,0
41.69,0.0,54.07,162.16,-4.18,18.29,0
12.37,5.89,48.81,82.89,-1.35,3.4,0
44.45,44.26,54.14,322.44,-2.72,29.94,0
27.47,31.84,50.41,286.91,2.42,14.51,0
24.57,8.29,57.35,238.36,0.32,0.72,0
59.48,56.21,48.37,420.52,1.22,40.11,0
38.72,44.82,61.41,250.57,2.17,28.85,0
14.54,10.7,63.09,242.34,6.76,19.99,0
29.8,7.1,63.23,156.12,0.32,4.81,0
9.02,1.27,44.71,198.24,6.88,8.17,0
13.6,0.91,41.6,65.91,-1.6,2.06,0
7.01,16.51,59.97,167.68,-0.1,5.95,0
36.98,1.4,57.62,173.84,1.78,6.43,0
27.85,17.81,52.39,109.84,-10.77,0.0,0
47.0,27.16,41.96,366.25,2.39,26.1,0
54.86,23.82,61.14,261.13,2.59,35.22,0
52.18,24.85,69.53,351.68,0.84,39.24,0
34.22,13.01,60.24,266.16,-0.7,21.0,0
72.88,88.91,51.94,419.76,8.63,69.75,1
30.83,2.83,62.88,247.9,5.04,16.17,0
55.39,41.8,68.66,321.58,-7.44,38.42,0
29.44,5.04,54.88,204.47,9.89,7.76,0
43.33,18.97,52.33,340.27,2.43,18.55,0
18.82,3.46,42.79,177.3,-2.68,0.35,0
20.99,5.66,59.67,197.38,-2.8,0.0,0
11.55,16.27,50.68,124.97,1.46,3.4,0
14.79,26.9,62.25,121.5,-7.58,7.03,0
20.9,20.82,54.77,227.84,-4.99,14.36,0
35.66,21.14,57.09,289.32,7.13,24.53,0
36.78,18.81,52.89,236.41,2.93,12.16,0
13.14,30.23,49.94,114.62,1.01,10.18,0
10.57,10.06,42.47,173.63,4.64,4.63,0
17.18,8.55,59.21,204.1,2.88,2.68,0
29.79,5.21,53.88,134.82,-4.79,0.0,0
13.17,8.57,56.42,84.54,-3.81,0.0,0
81.96,83.42,57.67,469.31,6.85,71.85,1
17.54,3.69,66.83,175.39,1.57,5.17,0
27.63,9.4,64.31,246.57,3.88,7.25,0
27.9,0.73,57.14,230.0,5.81,5.68,0
46.11,19.98,64.78,247.05,0.11,26.27,0
11.68,8.69,50.01,206.05,5.94,10.47,0
50.88,34.05,50.44,220.42,1.59,30.91,0
33.82,1.63,41.37,250.04,3.62,14.53,0
41.64,24.48,69.18,304.16,3.73,33.4,0
25.09,6.35,55.76,262.92,-0.9,8.3,0
39.74,2.33,42.28,209.45,6.13,14.45,0
28.27,13.8,62.74,227.15,9.03,17.24,0
63.2,77.67,59.08,420.63,6.04,64.43,1
33.68,31.37,57.84,274.96,-2.62,18.51,0
81.85,85.83,62.65,376.44,5.74,70.4,1
51.03,35.09,58.06,366.01,0.76,36.95,0
31.06,15.59,42.14,264.19,-3.59,14.16,0
77.75,70.56,61.4,443.13,9.36,71.47,1
13.57,2.28,57.68,98.58,-9.0,0.0,0
28.18,5.1,40.28,262.59,-4.77,2.42,0
40.35,3.55,63.82,289.08,-4.28,18.22,0
40.97,19.48,46.19,195.94,6.2,16.71,0
11.89,5.13,64.56,158.34,-3.27,3.82,0
37.46,86.41,69.01,293.82,6.1,38.86,0
16.07,0.0,55.25,125.52,4.06,0.11,0
57.92,19.96,53.6,342.44,-0.74,25.71,0
32.86,0.93,44.79,189.77,-11.04,1.11,0
19.4,39.94,60.76,163.13,9.26,19.71,0
30.13,1.08,48.45,215.36,-5.01,5.36,0
15.8,5.26,53.65,140.74,2.31,3.16,0
23.88,4.92,59.78,268.87,-3.01,3.13,0
37.64,33.97,57.39,324.04,-9.05,8.09,0
20.04,7.99,48.79,187.25,-2.08,2.14,0
24.2,0.0,47.24,232.8,-0.35,4.31,0
24.55,12.21,49.97,243.11,6.79,13.86,0
32.77,11.78,45.49,136.9,-5.59,5.31,0
28.9,9.4,47.19,261.06,-1.22,2.1,0
38.46,5.67,54.59,197.63,7.63,10.63,0
36.64,16.94,49.53,327.44,-4.93,12.68,0
21.81,21.8,56.65,178.59,2.43,10.42,0
54.47,56.9,46.29,311.66,8.62,45.76,0
5.46,0.0,64.25,233.5,-0.74,7.94,0
14.39,0.0,58.22,126.1,-3.17,0.0,0
35.95,0.03,56.2,294.45,-1.85,10.63,0
19.58,13.0,68.13,191.51,-0.13,9.31,0
31.92,15.34,58.49,183.35,-0.19,8.4,0
38.29,10.22,58.42,157.02,2.84,15.23,0
31.14,10.53,46.56,172.6,-5.28,0.0,0
35.63,19.38,45.43,328.77,1.37,8.57,0
19.4,1.13,52.32,233.01,0.3,3.4,0
51.21,18.05,49.28,300.92,6.34,29.79,0
35.79,30.04,67.66,339.46,0.62,19.98,0
29.31,5.98,56.07,253.11,2.04,0.92,0
85.8,87.35,66.91,527.9,2.84,72.46,1
42.05,18.13,62.57,181.73,11.38,29.94,0
23.68,0.0,52.03,247.3,5.85,14.72,0
47.62,39.55,66.23,353.42,3.01,39.29,0
48.25,33.84,45.55,257.53,-2.86,29.65,0
59.59,84.08,64.73,445.08,-0.42,52.47,1
11.05,0.0,46.86,121.55,3.87,2.34,0
13.13,8.99,45.49,220.38,1.8,1.8,0
11.78,1.74,58.77,109.1,3.63,0.0,0
20.11,0.0,59.59,157.14,7.69,10.9,0
14.11,6.28,51.42,157.84,-2.95,0.0,0
34.99,5.74,44.67,250.72,-0.43,7.15,0
44.81,23.3,43.49,339.18,8.0,31.94,0
38.21,40.0,54.56,275.79,-2.47,17.7,0
65.67,59.61,61.0,391.59,7.49,54.98,1
52.64,16.89,50.73,313.01,2.73,23.09,0
16.58,7.58,58.91,257.65,-7.34,0.0,0
19.58,2.21,52.88,245.89,-6.95,0.0,0
23.41,3.71,53.98,171.94,0.67,0.0,0
38.13,3.55,54.36,155.78,7.91,7.22,0
16.71,12.33,60.67,216.64,1.67,10.44,0
57.6,75.82,70.46,425.21,0.06,50.94,1
36.66,18.74,66.09,292.89,0.26,16.45,0
33.84,5.04,49.93,103.56,-1.07,7.64,0
17.67,5.43,61.68,213.93,0.54,0.0,0
41.91,29.44,63.91,241.98,4.84,28.26,0
81.19,83.32,60.76,535.55,6.92,76.08,1
36.51,24.07,68.7,275.16,-12.11,21.5,0
54.18,19.52,51.22,353.24,-5.66,22.14,0
12.88,7.67,58.11,216.69,1.9,2.97,0
10.51,5.21,54.44,218.44,10.04,12.52,0
42.95,15.23,44.22,196.03,-2.03,16.93,0
18.79,37.92,61.69,217.89,7.48,19.61,0
34.5,11.26,61.02,217.51,5.89,28.81,0
7.8,12.12,46.79,215.54,4.46,6.73,0
4.72,8.64,64.42,109.85,-5.07,0.0,0
10.5,2.92,58.4,122.93,-0.48,0.0,0
15.95,12.4,46.94,124.73,-5.23,0.0,0
19.82,5.36,45.66,121.94,-1.14,0.65,0
41.02,22.52,60.16,265.27,-2.65,24.73,0
33.2,31.08,46.11,255.42,-4.17,17.41,0
15.39,0.0,63.79,144.34,6.54,9.36,0
17.49,27.07,65.98,179.93,3.41,14.16,0
7.14,9.19,50.01,197.62,-0.65,1.31,0
33.56,12.05,53.89,281.51,0.39,12.55,0
12.3,14.45,50.28,242.99,-1.8,8.86,0
22.56,4.06,55.84,155.59,-8.13,0.0,0
52.77,34.16,68.75,280.66,11.28,41.44,0
22.77,0.0,61.75,202.1,0.88,0.0,0
74.15,174.6,80.03,655.5,2.07,79.75,1
9.37,3.66,48.87,129.46,2.02,0.0,0
33.3,6.2,44.06,217.8,7.15,18.59,0
38.77,11.99,47.87,243.96,6.26,17.06,0
45.03,27.44,50.8,340.78,-1.26,19.69,0
26.13,1.81,48.35,147.12,-3.59,3.02,0
12.72,0.74,49.67,116.5,-2.55,0.99,0
24.55,10.26,57.11,142.62,-2.16,2.96,0
25.69,2.73,52.88,222.82,-9.72,0.0,0
34.59,6.52,47.09,123.3,-5.52,4.61,0
14.37,5.9,43.98,137.48,-2.76,0.0,0
72.75,53.74,57.46,332.42,3.6,51.22,1
15.01,6.33,47.03,231.36,3.9,6.44,0
54.34,22.13,61.81,214.69,4.87,39.1,0
37.16,17.51,50.09,305.38,-2.07,13.41,0
36.78,5.88,48.51,235.53,-1.25,4.77,0
33.04,5.14,45.13,164.26,-6.63,4.42,0
30.05,0.93,47.17,265.96,3.9,7.45,0
36.77,17.5,45.13,298.11,1.55,14.82,0
10.6,0.0,54.85,209.26,4.59,2.4,0
74.75,62.71,67.93,439.76,6.38,72.51,1
46.26,43.13,55.96,290.77,-3.19,27.48,0
51.92,21.56,50.52,241.1,7.47,34.84,0
24.5,2.49,57.33,200.4,3.94,4.09,0
31.21,26.75,51.9,241.17,12.76,23.09,0
26.89,5.88,56.86,125.15,-0.32,0.0,0
23.41,2.64,44.21,125.44,7.48,5.86,0
69.11,85.17,53.05,418.65,8.48,60.43,1
5.23,1.78,41.93,127.41,0.69,3.08,0
31.93,9.62,48.16,179.06,6.58,12.31,0
37.68,34.18,67.34,306.52,1.33,18.7,0
58.72,68.82,72.0,360.09,11.73,60.94,1
66.76,61.12,68.9,351.84,10.18,64.08,1
28.57,2.92,63.65,190.51,5.81,6.41,0
8.11,9.66,51.66,178.61,3.39,1.43,0
18.7,0.0,63.2,142.51,-5.28,0.0,0
10.17,7.38,57.59,121.58,-5.54,0.0,0
73.56,121.66,77.24,529.9,-0.41,76.13,1
70.68,61.86,58.84,412.29,6.95,66.21,1
15.33,11.52,54.64,204.43,1.96,9.41,0
38.69,6.39,47.33,293.28,-6.66,6.5,0
8.27,10.6,48.99,81.48,-2.25,7.45,0
15.33,14.98,54.73,217.72,-9.45,4.16,0
36.56,13.64,60.47,162.92,5.37,19.52,0
64.57,59.35,56.79,434.24,3.06,42.88,0
61.65,81.62,55.06,337.67,10.01,58.81,1
31.5,33.65,44.97,314.57,-0.78,16.81,0
56.09,41.11,69.02,293.47,-3.07,38.02,0
94.17,173.52,72.51,552.42,3.1,79.92,1
37.63,4.71,44.31,236.61,6.64,8.5,0
38.86,25.88,66.65,215.13,4.37,23.04,0
78.5,41.67,46.78,423.82,10.46,60.96,1
11.41,0.0,63.52,107.13,-0.64,1.44,0
55.49,17.65,50.04,282.83,-5.57,20.58,0
73.71,82.55,57.22,470.52,7.87,66.36,1
37.79,4.12,65.73,238.54,6.32,17.02,0
47.11,42.35,53.65,320.58,3.23,32.45,0
12.75,10.38,61.14,224.17,-4.03,11.67,0
8.75,6.83,47.35,211.43,6.43,6.14,0
35.18,3.33,44.85,228.46,2.62,10.98,0
15.04,15.83,60.38,215.29,-3.31,14.71,0
30.48,6.54,43.13,244.91,-2.65,12.06,0
73.34,78.98,52.39,442.93,15.25,67.78,1
30.23,2.16,53.64,137.85,-5.07,0.0,0
4.87,2.38,54.05,143.22,0.54,0.32,0
14.6,18.13,54.56,238.42,2.75,9.63,0
64.55,80.34,53.03,398.99,9.41,62.29,1
44.21,32.85,66.97,241.57,3.28,30.03,0
87.76,102.23,61.3,476.65,3.25,78.43,1
23.37,49.9,65.12,223.44,3.6,21.65,0
32.5,7.33,51.35,177.61,-8.11,0.63,0
23.22,27.14,66.5,275.57,6.57,16.84,0
23.33,6.07,54.2,217.08,8.61,10.98,0
21.92,17.0,46.26,160.07,-12.93,0.0,0
41.8,38.58,64.28,339.86,3.31,29.36,0
62.09,81.54,55.37,454.26,12.21,64.51,1
10.93,12.18,44.35,206.64,-13.02,8.22,0
23.71,9.85,46.61,302.14,-8.85,0.0,0
87.47,83.26,68.19,504.91,-5.66,71.16,1
27.59,5.15,48.25,231.28,-0.91,2.82,0
17.0,2.23,49.98,240.15,2.84,7.49,0
55.83,22.05,50.92,214.05,0.51,30.9,0
8.51,1.41,60.6,74.41,0.93,7.17,0
26.03,21.01,54.04,185.12,1.42,3.27,0
55.34,16.44,60.51,284.27,-3.38,35.83,0
36.8,12.85,59.02,275.05,-1.95,11.18,0
17.14,6.29,61.15,212.82,8.38,11.19,0
14.06,8.65,57.41,107.13,1.5,4.02,0
15.33,4.19,47.05,218.92,2.68,1.85,0
20.39,3.95,57.34,226.52,-8.65,2.34,0
7.61,30.06,51.06,205.86,11.14,21.74,0
45.89,18.35,42.05,225.63,-2.8,19.59,0
62.01,89.09,59.99,447.94,-1.24,53.05,1
58.06,66.69,66.02,327.14,0.08,47.59,0
28.54,0.0,48.26,223.85,-3.48,0.0,0
3.57,6.12,44.65,86.54,-5.55,0.0,0
74.72,129.76,61.94,469.14,-3.68,74.6,1
22.24,8.32,43.19,111.75,-0.35,0.0,0
57.23,29.9,57.77,395.27,1.19,34.4,0
60.08,67.61,51.79,340.42,8.83,56.58,1
27.61,0.37,62.77,118.1,3.68,10.0,0
47.22,37.66,59.91,271.41,-3.93,22.68,0
11.54,2.7,62.52,152.11,-6.42,0.0,0
36.36,10.17,46.23,179.54,-7.14,6.23,0
33.92,28.83,66.72,359.61,4.87,26.34,0
67.57,54.65,65.52,349.47,4.38,46.9,0
17.76,5.57,56.99,170.6,-3.91,0.0,0
71.4,62.5,63.69,425.41,0.16,64.23,1
38.39,3.95,55.26,242.22,1.56,7.98,0
61.57,45.49,49.13,344.49,-4.24,47.15,0
21.03,9.94,53.8,135.47,-1.39,5.14,0
21.18,0.0,48.77,130.9,-1.29,0.36,0
38.1,35.87,54.6,298.69,-0.84,12.92,0
56.66,19.61,47.36,343.87,-1.63,24.81,0
44.77,17.5,59.92,215.74,-0.35,18.84,0
26.35,7.76,44.31,204.52,-6.42,0.0,0
19.28,9.35,54.08,162.7,-6.41,0.0,0
38.66,17.86,57.52,165.94,0.48,12.16,0
12.16,10.4,56.32,197.87,-5.67,0.0,0
14.98,7.43,50.97,150.3,1.34,0.0,0
17.49,7.63,45.26,130.17,1.6,1.33,0
19.96,10.73,43.31,244.74,3.07,6.43,0
42.16,22.98,55.82,325.5,4.32,22.53,0
18.06,4.41,56.52,124.02,1.44,0.0,0
36.28,3.99,61.49,249.43,9.81,18.09,0
33.14,5.37,45.2,273.06,4.38,9.24,0
18.24,27.44,55.6,261.32,8.29,21.72,0
20.36,22.37,53.62,226.24,-4.04,10.15,0
7.28,8.58,49.53,119.38,0.07,1.49,0
30.09,12.35,63.16,201.09,-5.78,11.93,0
29.51,15.23,50.25,164.29,-0.33,6.93,0
56.16,48.6,46.53,330.44,-0.34,39.3,0
36.25,20.37,60.95,215.08,-1.03,16.46,0
32.56,23.11,44.56,177.85,9.25,21.47,0
36.95,27.69,66.18,226.22,-0.76,17.76,0
8.68,7.98,52.42,94.95,-0.73,0.0,0
13.19,12.59,64.71,201.85,6.32,15.37,0
14.49,4.33,50.16,103.48,-2.27,0.0,0
71.52,67.03,66.8,441.9,16.09,79.14,1
71.18,70.05,72.33,337.99,8.1,73.43,1
49.89,35.19,61.88,306.5,6.89,34.12,0
36.52,3.38,62.38,330.11,-3.79,14.59,0
40.36,2.93,58.29,224.95,-5.68,7.1,0
2.94,0.0,49.61,192.37,-3.31,1.04,0
32.21,1.59,53.66,120.46,6.3,12.89,0
22.97,12.71,55.39,260.24,1.99,7.48,0
19.42,8.83,53.83,196.19,8.18,4.9,0
40.52,21.95,48.61,252.69,7.79,27.15,0
62.77,46.37,66.64,346.09,5.32,57.42,1
14.55,10.56,57.39,133.08,-0.32,5.95,0
14.74,3.44,54.12,123.57,8.94,7.54,0
8.32,20.53,61.35,231.67,1.76,16.19,0
15.5,0.0,56.21,90.42,-12.16,0.0,0
31.77,1.59,40.65,234.32,-9.61,2.63,0
26.15,8.06,59.73,139.89,7.08,1.87,0
36.94,2.25,50.98,183.66,-6.33,5.64,0
71.1,56.9,49.82,341.56,5.54,56.35,1
37.64,0.0,56.69,277.14,-2.72,4.91,0
11.89,39.94,50.14,201.16,-7.2,5.15,0
26.48,8.36,47.62,145.67,-2.14,0.0,0
41.89,8.33,47.62,225.27,-2.97,15.96,0
31.73,0.38,47.78,172.52,-8.93,1.37,0
16.62,0.97,56.12,173.08,0.77,0.0,0
69.0,77.68,54.22,387.89,-6.65,50.88,1
32.16,6.79,55.08,185.87,-9.15,2.73,0
52.45,44.65,53.66,372.59,-1.24,34.95,0
56.14,64.23,57.78,410.25,12.67,56.02,1
28.73,0.48,48.67,183.74,4.51,4.91,0
33.27,18.84,47.64,243.59,-1.89,10.49,0
10.13,4.16,53.59,115.16,-1.1,2.31,0
35.89,33.19,49.77,301.99,-3.55,18.91,0
10.29,0.0,47.14,206.19,6.94,6.6,0
57.03,16.49,62.13,256.48,3.76,28.93,0
25.39,2.69,62.76,204.82,-2.86,5.42,0
5.57,17.5,45.83,115.02,0.32,0.0,0
48.92,46.58,56.71,263.68,-0.81,28.36,0
25.2,17.93,55.65,173.73,-4.25,3.87,0
19.18,7.37,48.94,179.57,7.26,4.18,0
20.2,13.74,62.69,194.92,1.91,12.98,0
35.08,7.62,55.99,314.51,4.16,11.84,0
25.32,10.74,49.21,147.73,-2.61,5.3,0
26.61,0.0,51.3,254.65,4.09,4.09,0
19.87,0.0,45.9,190.22,-7.65,0.0,0
14.19,11.3,48.02,240.47,7.75,8.98,0
52.91,48.04,53.22,318.41,12.39,49.38,0
29.26,2.6,51.55,261.5,9.77,4.71,0
23.03,8.05,47.85,176.64,-6.04,0.0,0
4.84,10.34,42.86,108.82,1.69,6.79,0
21.57,2.58,62.53,157.2,-2.81,0.49,0
67.44,78.21,70.66,497.68,15.42,69.59,1
27.14,0.0,45.91,117.99,4.98,1.77,0
50.07,24.61,66.12,377.84,-1.25,36.1,0
44.6,19.24,62.5,260.73,0.98,25.32,0
63.87,82.39,54.86,382.03,8.92,61.29,1
67.53,79.92,65.33,348.3,4.25,47.68,0
8.62,5.72,40.35,187.52,-2.38,0.0,0
51.52,39.33,66.62,250.68,0.42,35.42,0
45.23,33.48,52.14,318.2,-1.87,22.62,0
6.84,2.53,54.39,167.44,0.25,1.37,0
20.54,5.28,60.19,220.72,1.66,3.72,0
24.07,6.81,53.74,253.23,12.8,9.72,0
23.34,3.82,51.36,197.42,-1.14,0.0,0
59.07,68.31,69.31,383.74,4.88,54.63,1
36.88,27.51,52.72,234.29,-0.95,21.71,0
64.26,68.08,59.24,365.08,3.89,59.04,1
32.15,7.33,48.13,216.09,1.5,9.97,0
38.34,8.21,63.89,182.2,0.67,10.49,0
18.75,0.75,60.53,138.47,-0.91,1.54,0
28.18,8.61,46.46,202.04,6.23,7.09,0
39.8,6.73,57.7,212.46,3.58,12.48,0
30.68,14.14,64.51,150.93,-6.0,7.58,0
32.98,0.0,63.78,177.89,-13.35,6.78,0
17.94,7.67,61.42,217.81,-9.91,1.97,0
43.14,35.72,66.73,260.04,2.81,26.13,0
56.67,44.81,50.94,340.97,1.74,36.97,0
76.94,161.04,62.34,497.09,11.03,77.59,1
36.14,17.4,61.43,220.06,-9.24,13.08,0
46.92,11.55,46.15,247.92,2.43,16.93,0
20.82,4.21,45.17,204.73,-10.26,1.06,0
78.36,87.31,58.76,418.43,1.31,60.89,1
27.77,7.83,39.29,116.55,-2.35,0.0,0
11.97,2.41,56.66,146.59,0.07,0.59,0
12.08,12.21,52.09,150.98,7.3,7.36,0
16.98,0.0,64.99,145.42,2.58,8.96,0
23.74,8.6,53.44,115.23,-6.48,0.0,0
44.3,31.92,53.3,218.27,-3.08,23.81,0
18.67,0.94,54.48,126.42,3.19,0.0,0
53.37,19.12,52.26,211.81,-3.91,25.11,0
5.48,6.35,46.65,76.27,-7.62,0.0,0
33.28,3.39,58.93,209.58,-4.53,10.97,0
20.47,8.75,57.71,164.57,-8.87,0.0,0
36.17,49.3,66.02,245.73,2.39,30.0,0
28.03,10.41,44.71,201.55,-5.02,4.22,0
36.11,31.27,46.89,227.54,5.72,18.44,0
26.68,7.48,54.99,202.41,1.88,8.31,0
39.05,0.0,40.83,192.32,-3.44,3.9,0
48.15,27.97,60.59,272.31,-4.19,29.59,0
69.01,79.54,55.63,385.05,-3.99,53.52,1
12.2,4.43,44.97,167.99,7.61,5.47,0
7.23,10.21,61.51,183.96,-4.73,1.44,0
30.97,2.45,49.31,217.73,-4.7,6.84,0
35.69,2.5,64.39,222.55,-3.06,9.86,0
38.67,33.25,64.25,217.77,5.06,27.62,0
39.01,44.72,46.38,209.91,1.79,19.9,0
12.73,13.45,54.88,203.8,-7.81,0.0,0
34.67,12.54,44.96,276.96,4.38,12.65,0
38.36,3.92,41.17,325.21,-6.13,3.67,0
30.86,11.19,53.12,286.0,3.53,12.68,0
3.19,2.45,43.4,191.8,7.55,5.35,0
4.98,5.97,47.83,60.18,3.64,1.73,0
38.42,3.44,56.84,310.18,-3.69,7.8,0
90.1,147.47,67.73,608.51,10.68,87.19,1
87.73,103.89,77.37,461.83,-0.57,81.08,1
40.59,43.23,58.3,349.38,-1.19,26.05,0
29.46,38.0,57.53,229.71,2.85,18.7,0
30.18,28.26,55.01,256.1,0.2,17.53,0
37.87,2.1,47.43,279.61,3.2,12.11,0
26.54,7.79,44.47,224.68,5.76,9.82,0
8.78,0.13,50.83,153.11,-7.69,0.0,0
45.05,32.34,60.04,282.31,4.75,34.32,0
6.93,6.08,59.68,71.97,2.43,1.44,0
17.12,2.08,53.48,78.23,-5.48,0.0,0
18.88,13.41,61.91,139.0,-4.49,5.82,0
26.8,12.03,53.42,130.33,-2.66,1.24,0
45.81,24.03,54.97,338.05,-9.9,20.47,0
39.75,5.62,45.1,151.17,5.94,10.12,0
51.06,20.24,64.93,331.26,8.75,41.12,0
10.67,0.0,41.3,192.49,5.14,5.53,0
39.89,3.55,59.13,281.92,-6.7,0.0,0
37.2,20.11,51.59,282.96,-3.87,16.39,0
44.01,41.97,58.58,309.71,3.38,34.74,0
23.83,0.0,48.23,162.28,-3.53,0.34,0
6.79,0.1,63.39,59.19,9.58,11.01,0
39.37,42.39,67.18,281.55,2.61,30.78,0
52.56,38.58,58.78,312.44,7.69,38.68,0
54.32,58.72,47.76,313.36,3.64,39.24,0
39.08,32.05,57.14,282.82,7.44,21.23,0
24.38,5.93,56.67,227.03,-0.79,3.8,0
65.5,63.36,60.88,380.68,5.28,60.65,1
13.78,0.52,54.52,187.59,-1.22,0.0,0
73.48,78.11,61.52,462.47,16.96,75.66,1
12.11,2.63,54.43,124.46,6.87,6.55,0
58.57,54.73,53.11,337.64,8.01,43.66,0
71.41,89.61,62.63,507.89,-0.26,66.67,1
33.82,8.6,54.67,271.97,0.93,6.85,0
12.31,4.25,43.35,146.74,7.31,3.94,0
41.73,25.26,51.42,340.07,4.47,28.53,0
33.16,0.0,45.06,167.42,-1.57,2.52,0
32.35,9.83,50.98,200.38,0.52,10.36,0
94.35,95.08,63.91,472.51,4.27,72.9,1
40.95,30.32,45.85,237.03,4.67,23.74,0
8.08,0.32,48.12,153.96,-2.74,0.58,0
60.97,61.4,54.77,307.75,0.75,52.95,1
23.74,31.46,58.66,244.74,3.07,10.56,0
19.98,8.58,56.27,172.94,5.98,8.95,0
92.52,108.19,74.39,541.39,3.79,86.23,1
51.38,17.31,57.63,326.32,4.66,31.36,0
27.79,3.41,47.17,163.18,7.03,5.82,0
15.17,0.0,52.67,101.31,0.02,2.92,0
30.7,0.24,63.37,229.75,1.79,11.19,0
81.1,166.84,71.88,601.78,3.57,82.33,1
9.03,24.61,46.57,177.03,5.77,13.18,0
24.1,2.75,59.11,189.74,-0.17,1.55,0
33.87,20.73,51.89,196.01,-2.15,10.94,0
19.02,10.97,44.33,250.77,0.33,8.99,0
39.18,44.53,67.95,277.84,4.76,29.14,0
25.99,0.97,46.53,229.28,2.21,7.37,0
71.09,49.26,60.07,407.49,-0.24,60.25,1
87.16,111.81,67.93,502.42,-0.57,76.04,1
33.85,2.16,47.99,269.52,3.78,10.33,0
32.84,2.44,44.59,285.1,2.57,9.82,0
63.58,55.78,69.53,383.99,9.23,58.07,1
27.24,0.0,61.67,234.96,-7.96,0.0,0
43.88,11.88,58.3,333.64,-1.53,19.01,0
28.76,0.17,51.59,211.3,0.77,1.58,0
18.53,12.51,52.11,249.52,0.03,7.43,0
18.04,4.53,63.21,192.86,0.27,3.12,0
37.09,16.87,64.48,293.12,-0.44,20.25,0
32.4,31.02,63.66,258.2,1.42,24.87,0
60.94,66.11,51.05,396.35,-3.23,57.46,1
53.97,41.27,55.36,305.37,-4.84,36.1,0
34.07,35.81,67.72,294.68,-0.22,19.96,0
34.18,15.73,50.9,176.64,13.78,19.57,0
21.22,41.42,51.13,341.35,6.65,22.46,0
39.12,32.6,47.68,241.97,13.39,26.78,0
24.5,6.13,53.43,252.72,0.48,4.24,0
72.22,56.8,58.89,444.5,2.64,57.63,1
37.76,22.62,58.16,189.17,3.95,12.63,0
44.65,16.82,62.37,241.71,-1.98,23.51,0
